Year,data.Geography,data.Violations,GeoCode,Value
2015,,,,1070.26
2016,,,,1076.03
2017,,,,1112.67
2018,,,,1151.36
2019,,,,1278.46
2020,,,,1265.03
2021,,,,1331.12
2022,,,,1376.43
2023,,,,1443.03
2024,,,,1447.82
2025,,,,1443.25
2015,data.Canada,data.Homicide [110],,1.71
2015,data.Canada,data.Total other violations causing death [120],,0.24
2015,data.Canada,data.Attempted murder [1210],,2.18
2015,data.Canada,"data.Sexual assault, level 3, aggravated [1310]",,0.29
2015,data.Canada,"data.Sexual assault, level 2, weapon or bodily harm [1320]",,1.06
2015,data.Canada,"data.Sexual assault, level 1 [1330]",,57.32
2015,data.Canada,data.Total sexual violations against children [130],,14.72
2015,data.Canada,"data.Assault, level 3, aggravated [1410]",,9.3
2015,data.Canada,"data.Assault, level 2, weapon or bodily harm [1420]",,132.73
2015,data.Canada,"data.Assault, level 1 [1430]",,439.87
2015,data.Canada,data.Total robbery [160],,62.04
2015,data.Canada,data.Uttering threats [1627],,175.94
2015,data.Canada,data.Total other violent violations [180],,14.16
2015,data.Newfoundland and Labrador,data.Total violent Criminal Code violations [100],10,1368.64
2015,data.Newfoundland and Labrador,data.Homicide [110],10,0.57
2015,data.Newfoundland and Labrador,data.Total other violations causing death [120],10,0.0
2015,data.Newfoundland and Labrador,data.Attempted murder [1210],10,0.76
2015,data.Newfoundland and Labrador,"data.Sexual assault, level 3, aggravated [1310]",10,0.19
2015,data.Newfoundland and Labrador,"data.Sexual assault, level 2, weapon or bodily harm [1320]",10,0.19
2015,data.Newfoundland and Labrador,"data.Sexual assault, level 1 [1330]",10,68.55
2015,data.Newfoundland and Labrador,data.Total sexual violations against children [130],10,19.12
2015,data.Newfoundland and Labrador,"data.Assault, level 3, aggravated [1410]",10,7.38
2015,data.Newfoundland and Labrador,"data.Assault, level 2, weapon or bodily harm [1420]",10,114.94
2015,data.Newfoundland and Labrador,"data.Assault, level 1 [1430]",10,600.44
2015,data.Newfoundland and Labrador,data.Total robbery [160],10,35.41
2015,data.Newfoundland and Labrador,data.Uttering threats [1627],10,351.82
2015,data.Newfoundland and Labrador,data.Total other violent violations [180],10,9.09
2015,data.Prince Edward Island,data.Total violent Criminal Code violations [100],11,749.24
2015,data.Prince Edward Island,data.Homicide [110],11,0.69
2015,data.Prince Edward Island,data.Total other violations causing death [120],11,0.0
2015,data.Prince Edward Island,data.Attempted murder [1210],11,2.08
2015,data.Prince Edward Island,"data.Sexual assault, level 3, aggravated [1310]",11,0.0
2015,data.Prince Edward Island,"data.Sexual assault, level 2, weapon or bodily harm [1320]",11,0.0
2015,data.Prince Edward Island,"data.Sexual assault, level 1 [1330]",11,48.43
2015,data.Prince Edward Island,data.Total sexual violations against children [130],11,15.91
2015,data.Prince Edward Island,"data.Assault, level 3, aggravated [1410]",11,4.15
2015,data.Prince Edward Island,"data.Assault, level 2, weapon or bodily harm [1420]",11,62.26
2015,data.Prince Edward Island,"data.Assault, level 1 [1430]",11,312.7
2015,data.Prince Edward Island,data.Total robbery [160],11,11.07
2015,data.Prince Edward Island,data.Uttering threats [1627],11,140.44
2015,data.Prince Edward Island,data.Total other violent violations [180],11,13.84
2015,data.Nova Scotia,data.Total violent Criminal Code violations [100],12,1205.84
2015,data.Nova Scotia,data.Homicide [110],12,1.28
2015,data.Nova Scotia,data.Total other violations causing death [120],12,0.21
2015,data.Nova Scotia,data.Attempted murder [1210],12,3.52
2015,data.Nova Scotia,"data.Sexual assault, level 3, aggravated [1310]",12,0.43
2015,data.Nova Scotia,"data.Sexual assault, level 2, weapon or bodily harm [1320]",12,0.75
2015,data.Nova Scotia,"data.Sexual assault, level 1 [1330]",12,69.62
2015,data.Nova Scotia,data.Total sexual violations against children [130],12,21.14
2015,data.Nova Scotia,"data.Assault, level 3, aggravated [1410]",12,9.5
2015,data.Nova Scotia,"data.Assault, level 2, weapon or bodily harm [1420]",12,112.44
2015,data.Nova Scotia,"data.Assault, level 1 [1430]",12,461.17
2015,data.Nova Scotia,data.Total robbery [160],12,34.28
2015,data.Nova Scotia,data.Uttering threats [1627],12,260.11
2015,data.Nova Scotia,data.Total other violent violations [180],12,16.23
2015,data.New Brunswick,data.Total violent Criminal Code violations [100],13,1175.34
2015,data.New Brunswick,data.Homicide [110],13,1.45
2015,data.New Brunswick,data.Total other violations causing death [120],13,0.13
2015,data.New Brunswick,data.Attempted murder [1210],13,2.24
2015,data.New Brunswick,"data.Sexual assault, level 3, aggravated [1310]",13,0.13
2015,data.New Brunswick,"data.Sexual assault, level 2, weapon or bodily harm [1320]",13,0.66
2015,data.New Brunswick,"data.Sexual assault, level 1 [1330]",13,54.29
2015,data.New Brunswick,data.Total sexual violations against children [130],13,18.84
2015,data.New Brunswick,"data.Assault, level 3, aggravated [1410]",13,6.46
2015,data.New Brunswick,"data.Assault, level 2, weapon or bodily harm [1420]",13,102.79
2015,data.New Brunswick,"data.Assault, level 1 [1430]",13,500.37
2015,data.New Brunswick,data.Total robbery [160],13,20.16
2015,data.New Brunswick,data.Uttering threats [1627],13,273.84
2015,data.New Brunswick,data.Total other violent violations [180],13,9.75
2015,data.Quebec,data.Total violent Criminal Code violations [100],24,966.02
2015,data.Quebec,data.Homicide [110],24,0.97
2015,data.Quebec,data.Total other violations causing death [120],24,0.21
2015,data.Quebec,data.Attempted murder [1210],24,2.5
2015,data.Quebec,"data.Sexual assault, level 3, aggravated [1310]",24,0.4
2015,data.Quebec,"data.Sexual assault, level 2, weapon or bodily harm [1320]",24,1.11
2015,data.Quebec,"data.Sexual assault, level 1 [1330]",24,45.98
2015,data.Quebec,data.Total sexual violations against children [130],24,20.88
2015,data.Quebec,"data.Assault, level 3, aggravated [1410]",24,3.19
2015,data.Quebec,"data.Assault, level 2, weapon or bodily harm [1420]",24,114.69
2015,data.Quebec,"data.Assault, level 1 [1430]",24,371.28
2015,data.Quebec,data.Total robbery [160],24,49.37
2015,data.Quebec,data.Uttering threats [1627],24,189.31
2015,data.Quebec,data.Total other violent violations [180],24,23.06
2015,data.Ontario,data.Total violent Criminal Code violations [100],35,793.0
2015,data.Ontario,data.Homicide [110],35,1.27
2015,data.Ontario,data.Total other violations causing death [120],35,0.22
2015,data.Ontario,data.Attempted murder [1210],35,1.84
2015,data.Ontario,"data.Sexual assault, level 3, aggravated [1310]",35,0.15
2015,data.Ontario,"data.Sexual assault, level 2, weapon or bodily harm [1320]",35,0.98
2015,data.Ontario,"data.Sexual assault, level 1 [1330]",35,53.8
2015,data.Ontario,data.Total sexual violations against children [130],35,8.12
2015,data.Ontario,"data.Assault, level 3, aggravated [1410]",35,7.4
2015,data.Ontario,"data.Assault, level 2, weapon or bodily harm [1420]",35,89.76
2015,data.Ontario,"data.Assault, level 1 [1430]",35,324.98
2015,data.Ontario,data.Total robbery [160],35,55.77
2015,data.Ontario,data.Uttering threats [1627],35,109.27
2015,data.Ontario,data.Total other violent violations [180],35,11.14
2015,data.Manitoba,data.Total violent Criminal Code violations [100],46,1820.96
2015,data.Manitoba,data.Homicide [110],46,3.64
2015,data.Manitoba,data.Total other violations causing death [120],46,0.39
2015,data.Manitoba,data.Attempted murder [1210],46,2.4
2015,data.Manitoba,"data.Sexual assault, level 3, aggravated [1310]",46,0.62
2015,data.Manitoba,"data.Sexual assault, level 2, weapon or bodily harm [1320]",46,2.4
2015,data.Manitoba,"data.Sexual assault, level 1 [1330]",46,102.15
2015,data.Manitoba,data.Total sexual violations against children [130],46,20.43
2015,data.Manitoba,"data.Assault, level 3, aggravated [1410]",46,30.57
2015,data.Manitoba,"data.Assault, level 2, weapon or bodily harm [1420]",46,314.42
2015,data.Manitoba,"data.Assault, level 1 [1430]",46,793.98
2015,data.Manitoba,data.Total robbery [160],46,129.08
2015,data.Manitoba,data.Uttering threats [1627],46,248.56
2015,data.Manitoba,data.Total other violent violations [180],46,11.92
2015,data.Saskatchewan,data.Total violent Criminal Code violations [100],47,2054.74
2015,data.Saskatchewan,data.Homicide [110],47,3.93
2015,data.Saskatchewan,data.Total other violations causing death [120],47,0.54
2015,data.Saskatchewan,data.Attempted murder [1210],47,2.5
2015,data.Saskatchewan,"data.Sexual assault, level 3, aggravated [1310]",47,0.62
2015,data.Saskatchewan,"data.Sexual assault, level 2, weapon or bodily harm [1320]",47,1.43
2015,data.Saskatchewan,"data.Sexual assault, level 1 [1330]",47,97.06
2015,data.Saskatchewan,data.Total sexual violations against children [130],47,29.62
2015,data.Saskatchewan,"data.Assault, level 3, aggravated [1410]",47,32.56
2015,data.Saskatchewan,"data.Assault, level 2, weapon or bodily harm [1420]",47,344.79
2015,data.Saskatchewan,"data.Assault, level 1 [1430]",47,939.28
2015,data.Saskatchewan,data.Total robbery [160],47,87.6
2015,data.Saskatchewan,data.Uttering threats [1627],47,272.35
2015,data.Saskatchewan,data.Total other violent violations [180],47,16.77
2015,data.Alberta,data.Total violent Criminal Code violations [100],48,1316.33
2015,data.Alberta,data.Homicide [110],48,3.21
2015,data.Alberta,data.Total other violations causing death [120],48,0.12
2015,data.Alberta,data.Attempted murder [1210],48,1.64
2015,data.Alberta,"data.Sexual assault, level 3, aggravated [1310]",48,0.17
2015,data.Alberta,"data.Sexual assault, level 2, weapon or bodily harm [1320]",48,1.09
2015,data.Alberta,"data.Sexual assault, level 1 [1330]",48,67.54
2015,data.Alberta,data.Total sexual violations against children [130],48,14.6
2015,data.Alberta,"data.Assault, level 3, aggravated [1410]",48,16.7
2015,data.Alberta,"data.Assault, level 2, weapon or bodily harm [1420]",48,180.12
2015,data.Alberta,"data.Assault, level 1 [1430]",48,558.26
2015,data.Alberta,data.Total robbery [160],48,82.74
2015,data.Alberta,data.Uttering threats [1627],48,194.14
2015,data.Alberta,data.Total other violent violations [180],48,11.34
2015,data.British Columbia,data.Total violent Criminal Code violations [100],59,1191.76
2015,data.British Columbia,data.Homicide [110],59,2.03
2015,data.British Columbia,data.Total other violations causing death [120],59,0.38
2015,data.British Columbia,data.Attempted murder [1210],59,2.7
2015,data.British Columbia,"data.Sexual assault, level 3, aggravated [1310]",59,0.4
2015,data.British Columbia,"data.Sexual assault, level 2, weapon or bodily harm [1320]",59,0.84
2015,data.British Columbia,"data.Sexual assault, level 1 [1330]",59,46.69
2015,data.British Columbia,data.Total sexual violations against children [130],59,13.71
2015,data.British Columbia,"data.Assault, level 3, aggravated [1410]",59,6.93
2015,data.British Columbia,"data.Assault, level 2, weapon or bodily harm [1420]",59,144.54
2015,data.British Columbia,"data.Assault, level 1 [1430]",59,466.75
2015,data.British Columbia,data.Total robbery [160],59,76.31
2015,data.British Columbia,data.Uttering threats [1627],59,215.27
2015,data.British Columbia,data.Total other violent violations [180],59,10.15
2015,data.Yukon,data.Total violent Criminal Code violations [100],60,4083.31
2015,data.Yukon,data.Homicide [110],60,2.65
2015,data.Yukon,data.Total other violations causing death [120],60,0.0
2015,data.Yukon,data.Attempted murder [1210],60,10.61
2015,data.Yukon,"data.Sexual assault, level 3, aggravated [1310]",60,0.0
2015,data.Yukon,"data.Sexual assault, level 2, weapon or bodily harm [1320]",60,2.65
2015,data.Yukon,"data.Sexual assault, level 1 [1330]",60,204.3
2015,data.Yukon,data.Total sexual violations against children [130],60,68.98
2015,data.Yukon,"data.Assault, level 3, aggravated [1410]",60,58.37
2015,data.Yukon,"data.Assault, level 2, weapon or bodily harm [1420]",60,419.21
2015,data.Yukon,"data.Assault, level 1 [1430]",60,2098.7
2015,data.Yukon,data.Total robbery [160],60,58.37
2015,data.Yukon,data.Uttering threats [1627],60,697.8
2015,data.Yukon,data.Total other violent violations [180],60,21.23
2015,data.Northwest Territories,data.Total violent Criminal Code violations [100],61,7685.87
2015,data.Northwest Territories,data.Homicide [110],61,11.3
2015,data.Northwest Territories,data.Total other violations causing death [120],61,0.0
2015,data.Northwest Territories,data.Attempted murder [1210],61,6.78
2015,data.Northwest Territories,"data.Sexual assault, level 3, aggravated [1310]",61,2.26
2015,data.Northwest Territories,"data.Sexual assault, level 2, weapon or bodily harm [1320]",61,13.56
2015,data.Northwest Territories,"data.Sexual assault, level 1 [1330]",61,363.95
2015,data.Northwest Territories,data.Total sexual violations against children [130],61,90.42
2015,data.Northwest Territories,"data.Assault, level 3, aggravated [1410]",61,72.34
2015,data.Northwest Territories,"data.Assault, level 2, weapon or bodily harm [1420]",61,849.97
2015,data.Northwest Territories,"data.Assault, level 1 [1430]",61,4265.66
2015,data.Northwest Territories,data.Total robbery [160],61,61.03
2015,data.Northwest Territories,data.Uttering threats [1627],61,1118.97
2015,data.Northwest Territories,data.Total other violent violations [180],61,36.17
2015,data.Nunavut,data.Total violent Criminal Code violations [100],62,8054.7
2015,data.Nunavut,data.Homicide [110],62,5.48
2015,data.Nunavut,data.Total other violations causing death [120],62,0.0
2015,data.Nunavut,data.Attempted murder [1210],62,2.74
2015,data.Nunavut,"data.Sexual assault, level 3, aggravated [1310]",62,2.74
2015,data.Nunavut,"data.Sexual assault, level 2, weapon or bodily harm [1320]",62,5.48
2015,data.Nunavut,"data.Sexual assault, level 1 [1330]",62,441.24
2015,data.Nunavut,data.Total sexual violations against children [130],62,134.29
2015,data.Nunavut,"data.Assault, level 3, aggravated [1410]",62,65.78
2015,data.Nunavut,"data.Assault, level 2, weapon or bodily harm [1420]",62,951.0
2015,data.Nunavut,"data.Assault, level 1 [1430]",62,4138.35
2015,data.Nunavut,data.Total robbery [160],62,52.07
2015,data.Nunavut,data.Uttering threats [1627],62,1189.43
2015,data.Nunavut,data.Total other violent violations [180],62,74.0
2016,data.Canada,data.Homicide [110],,1.69
2016,data.Canada,data.Total other violations causing death [120],,0.3
2016,data.Canada,data.Attempted murder [1210],,2.18
2016,data.Canada,"data.Sexual assault, level 3, aggravated [1310]",,0.31
2016,data.Canada,"data.Sexual assault, level 2, weapon or bodily harm [1320]",,1.09
2016,data.Canada,"data.Sexual assault, level 1 [1330]",,58.35
2016,data.Canada,data.Total sexual violations against children [130],,20.31
2016,data.Canada,"data.Assault, level 3, aggravated [1410]",,9.6
2016,data.Canada,"data.Assault, level 2, weapon or bodily harm [1420]",,138.31
2016,data.Canada,"data.Assault, level 1 [1430]",,441.95
2016,data.Canada,data.Total robbery [160],,60.81
2016,data.Canada,data.Uttering threats [1627],,168.67
2016,data.Canada,data.Total other violent violations [180],,14.56
2016,data.Newfoundland and Labrador,data.Total violent Criminal Code violations [100],10,1326.89
2016,data.Newfoundland and Labrador,data.Homicide [110],10,1.32
2016,data.Newfoundland and Labrador,data.Total other violations causing death [120],10,0.38
2016,data.Newfoundland and Labrador,data.Attempted murder [1210],10,1.51
2016,data.Newfoundland and Labrador,"data.Sexual assault, level 3, aggravated [1310]",10,0.0
2016,data.Newfoundland and Labrador,"data.Sexual assault, level 2, weapon or bodily harm [1320]",10,0.76
2016,data.Newfoundland and Labrador,"data.Sexual assault, level 1 [1330]",10,56.84
2016,data.Newfoundland and Labrador,data.Total sexual violations against children [130],10,24.17
2016,data.Newfoundland and Labrador,"data.Assault, level 3, aggravated [1410]",10,9.25
2016,data.Newfoundland and Labrador,"data.Assault, level 2, weapon or bodily harm [1420]",10,106.12
2016,data.Newfoundland and Labrador,"data.Assault, level 1 [1430]",10,577.62
2016,data.Newfoundland and Labrador,data.Total robbery [160],10,42.11
2016,data.Newfoundland and Labrador,data.Uttering threats [1627],10,329.5
2016,data.Newfoundland and Labrador,data.Total other violent violations [180],10,8.31
2016,data.Prince Edward Island,data.Total violent Criminal Code violations [100],11,800.59
2016,data.Prince Edward Island,data.Homicide [110],11,0.0
2016,data.Prince Edward Island,data.Total other violations causing death [120],11,0.0
2016,data.Prince Edward Island,data.Attempted murder [1210],11,0.0
2016,data.Prince Edward Island,"data.Sexual assault, level 3, aggravated [1310]",11,0.0
2016,data.Prince Edward Island,"data.Sexual assault, level 2, weapon or bodily harm [1320]",11,0.68
2016,data.Prince Edward Island,"data.Sexual assault, level 1 [1330]",11,48.34
2016,data.Prince Edward Island,data.Total sexual violations against children [130],11,23.15
2016,data.Prince Edward Island,"data.Assault, level 3, aggravated [1410]",11,4.08
2016,data.Prince Edward Island,"data.Assault, level 2, weapon or bodily harm [1420]",11,66.04
2016,data.Prince Edward Island,"data.Assault, level 1 [1430]",11,335.62
2016,data.Prince Edward Island,data.Total robbery [160],11,12.25
2016,data.Prince Edward Island,data.Uttering threats [1627],11,153.86
2016,data.Prince Edward Island,data.Total other violent violations [180],11,4.08
2016,data.Nova Scotia,data.Total violent Criminal Code violations [100],12,1164.07
2016,data.Nova Scotia,data.Homicide [110],12,1.38
2016,data.Nova Scotia,data.Total other violations causing death [120],12,0.32
2016,data.Nova Scotia,data.Attempted murder [1210],12,2.97
2016,data.Nova Scotia,"data.Sexual assault, level 3, aggravated [1310]",12,0.42
2016,data.Nova Scotia,"data.Sexual assault, level 2, weapon or bodily harm [1320]",12,0.74
2016,data.Nova Scotia,"data.Sexual assault, level 1 [1330]",12,66.07
2016,data.Nova Scotia,data.Total sexual violations against children [130],12,23.22
2016,data.Nova Scotia,"data.Assault, level 3, aggravated [1410]",12,9.12
2016,data.Nova Scotia,"data.Assault, level 2, weapon or bodily harm [1420]",12,111.35
2016,data.Nova Scotia,"data.Assault, level 1 [1430]",12,446.14
2016,data.Nova Scotia,data.Total robbery [160],12,28.74
2016,data.Nova Scotia,data.Uttering threats [1627],12,244.22
2016,data.Nova Scotia,data.Total other violent violations [180],12,15.8
2016,data.New Brunswick,data.Total violent Criminal Code violations [100],13,1188.23
2016,data.New Brunswick,data.Homicide [110],13,1.44
2016,data.New Brunswick,data.Total other violations causing death [120],13,0.39
2016,data.New Brunswick,data.Attempted murder [1210],13,0.92
2016,data.New Brunswick,"data.Sexual assault, level 3, aggravated [1310]",13,0.13
2016,data.New Brunswick,"data.Sexual assault, level 2, weapon or bodily harm [1320]",13,0.92
2016,data.New Brunswick,"data.Sexual assault, level 1 [1330]",13,56.07
2016,data.New Brunswick,data.Total sexual violations against children [130],13,23.97
2016,data.New Brunswick,"data.Assault, level 3, aggravated [1410]",13,6.94
2016,data.New Brunswick,"data.Assault, level 2, weapon or bodily harm [1420]",13,121.44
2016,data.New Brunswick,"data.Assault, level 1 [1430]",13,496.91
2016,data.New Brunswick,data.Total robbery [160],13,30.26
2016,data.New Brunswick,data.Uttering threats [1627],13,256.51
2016,data.New Brunswick,data.Total other violent violations [180],13,12.18
2016,data.Quebec,data.Total violent Criminal Code violations [100],24,1013.7
2016,data.Quebec,data.Homicide [110],24,0.81
2016,data.Quebec,data.Total other violations causing death [120],24,0.3
2016,data.Quebec,data.Attempted murder [1210],24,2.3
2016,data.Quebec,"data.Sexual assault, level 3, aggravated [1310]",24,0.22
2016,data.Quebec,"data.Sexual assault, level 2, weapon or bodily harm [1320]",24,1.11
2016,data.Quebec,"data.Sexual assault, level 1 [1330]",24,52.7
2016,data.Quebec,data.Total sexual violations against children [130],24,24.97
2016,data.Quebec,"data.Assault, level 3, aggravated [1410]",24,3.57
2016,data.Quebec,"data.Assault, level 2, weapon or bodily harm [1420]",24,122.78
2016,data.Quebec,"data.Assault, level 1 [1430]",24,399.15
2016,data.Quebec,data.Total robbery [160],24,45.46
2016,data.Quebec,data.Uttering threats [1627],24,185.51
2016,data.Quebec,data.Total other violent violations [180],24,24.61
2016,data.Ontario,data.Total violent Criminal Code violations [100],35,805.83
2016,data.Ontario,data.Homicide [110],35,1.48
2016,data.Ontario,data.Total other violations causing death [120],35,0.26
2016,data.Ontario,data.Attempted murder [1210],35,1.88
2016,data.Ontario,"data.Sexual assault, level 3, aggravated [1310]",35,0.25
2016,data.Ontario,"data.Sexual assault, level 2, weapon or bodily harm [1320]",35,1.04
2016,data.Ontario,"data.Sexual assault, level 1 [1330]",35,53.57
2016,data.Ontario,data.Total sexual violations against children [130],35,14.61
2016,data.Ontario,"data.Assault, level 3, aggravated [1410]",35,7.71
2016,data.Ontario,"data.Assault, level 2, weapon or bodily harm [1420]",35,96.16
2016,data.Ontario,"data.Assault, level 1 [1430]",35,327.9
2016,data.Ontario,data.Total robbery [160],35,59.63
2016,data.Ontario,data.Uttering threats [1627],35,105.81
2016,data.Ontario,data.Total other violent violations [180],35,11.27
2016,data.Manitoba,data.Total violent Criminal Code violations [100],46,1949.18
2016,data.Manitoba,data.Homicide [110],46,3.2
2016,data.Manitoba,data.Total other violations causing death [120],46,0.38
2016,data.Manitoba,data.Attempted murder [1210],46,3.27
2016,data.Manitoba,"data.Sexual assault, level 3, aggravated [1310]",46,0.53
2016,data.Manitoba,"data.Sexual assault, level 2, weapon or bodily harm [1320]",46,2.28
2016,data.Manitoba,"data.Sexual assault, level 1 [1330]",46,105.62
2016,data.Manitoba,data.Total sexual violations against children [130],46,37.9
2016,data.Manitoba,"data.Assault, level 3, aggravated [1410]",46,35.16
2016,data.Manitoba,"data.Assault, level 2, weapon or bodily harm [1420]",46,347.3
2016,data.Manitoba,"data.Assault, level 1 [1430]",46,834.08
2016,data.Manitoba,data.Total robbery [160],46,156.91
2016,data.Manitoba,data.Uttering threats [1627],46,248.15
2016,data.Manitoba,data.Total other violent violations [180],46,11.87
2016,data.Saskatchewan,data.Total violent Criminal Code violations [100],47,2061.3
2016,data.Saskatchewan,data.Homicide [110],47,4.76
2016,data.Saskatchewan,data.Total other violations causing death [120],47,0.62
2016,data.Saskatchewan,data.Attempted murder [1210],47,5.72
2016,data.Saskatchewan,"data.Sexual assault, level 3, aggravated [1310]",47,1.5
2016,data.Saskatchewan,"data.Sexual assault, level 2, weapon or bodily harm [1320]",47,1.5
2016,data.Saskatchewan,"data.Sexual assault, level 1 [1330]",47,101.63
2016,data.Saskatchewan,data.Total sexual violations against children [130],47,33.82
2016,data.Saskatchewan,"data.Assault, level 3, aggravated [1410]",47,36.46
2016,data.Saskatchewan,"data.Assault, level 2, weapon or bodily harm [1420]",47,340.73
2016,data.Saskatchewan,"data.Assault, level 1 [1430]",47,933.16
2016,data.Saskatchewan,data.Total robbery [160],47,88.86
2016,data.Saskatchewan,data.Uttering threats [1627],47,270.19
2016,data.Saskatchewan,data.Total other violent violations [180],47,16.03
2016,data.Alberta,data.Total violent Criminal Code violations [100],48,1282.06
2016,data.Alberta,data.Homicide [110],48,2.76
2016,data.Alberta,data.Total other violations causing death [120],48,0.19
2016,data.Alberta,data.Attempted murder [1210],48,1.31
2016,data.Alberta,"data.Sexual assault, level 3, aggravated [1310]",48,0.24
2016,data.Alberta,"data.Sexual assault, level 2, weapon or bodily harm [1320]",48,1.22
2016,data.Alberta,"data.Sexual assault, level 1 [1330]",48,64.47
2016,data.Alberta,data.Total sexual violations against children [130],48,19.55
2016,data.Alberta,"data.Assault, level 3, aggravated [1410]",48,15.18
2016,data.Alberta,"data.Assault, level 2, weapon or bodily harm [1420]",48,182.94
2016,data.Alberta,"data.Assault, level 1 [1430]",48,545.76
2016,data.Alberta,data.Total robbery [160],48,73.82
2016,data.Alberta,data.Uttering threats [1627],48,183.72
2016,data.Alberta,data.Total other violent violations [180],48,12.3
2016,data.British Columbia,data.Total violent Criminal Code violations [100],59,1115.88
2016,data.British Columbia,data.Homicide [110],59,1.81
2016,data.British Columbia,data.Total other violations causing death [120],59,0.39
2016,data.British Columbia,data.Attempted murder [1210],59,2.45
2016,data.British Columbia,"data.Sexual assault, level 3, aggravated [1310]",59,0.39
2016,data.British Columbia,"data.Sexual assault, level 2, weapon or bodily harm [1320]",59,0.72
2016,data.British Columbia,"data.Sexual assault, level 1 [1330]",59,46.45
2016,data.British Columbia,data.Total sexual violations against children [130],59,16.95
2016,data.British Columbia,"data.Assault, level 3, aggravated [1410]",59,6.66
2016,data.British Columbia,"data.Assault, level 2, weapon or bodily harm [1420]",59,139.84
2016,data.British Columbia,"data.Assault, level 1 [1430]",59,431.06
2016,data.British Columbia,data.Total robbery [160],59,61.05
2016,data.British Columbia,data.Uttering threats [1627],59,195.36
2016,data.British Columbia,data.Total other violent violations [180],59,9.87
2016,data.Yukon,data.Total violent Criminal Code violations [100],60,4013.07
2016,data.Yukon,data.Homicide [110],60,10.38
2016,data.Yukon,data.Total other violations causing death [120],60,0.0
2016,data.Yukon,data.Attempted murder [1210],60,5.19
2016,data.Yukon,"data.Sexual assault, level 3, aggravated [1310]",60,2.59
2016,data.Yukon,"data.Sexual assault, level 2, weapon or bodily harm [1320]",60,0.0
2016,data.Yukon,"data.Sexual assault, level 1 [1330]",60,210.12
2016,data.Yukon,data.Total sexual violations against children [130],60,54.48
2016,data.Yukon,"data.Assault, level 3, aggravated [1410]",60,38.91
2016,data.Yukon,"data.Assault, level 2, weapon or bodily harm [1420]",60,456.56
2016,data.Yukon,"data.Assault, level 1 [1430]",60,2049.34
2016,data.Yukon,data.Total robbery [160],60,62.26
2016,data.Yukon,data.Uttering threats [1627],60,658.9
2016,data.Yukon,data.Total other violent violations [180],60,28.54
2016,data.Northwest Territories,data.Total violent Criminal Code violations [100],61,7809.7
2016,data.Northwest Territories,data.Homicide [110],61,6.72
2016,data.Northwest Territories,data.Total other violations causing death [120],61,0.0
2016,data.Northwest Territories,data.Attempted murder [1210],61,0.0
2016,data.Northwest Territories,"data.Sexual assault, level 3, aggravated [1310]",61,2.24
2016,data.Northwest Territories,"data.Sexual assault, level 2, weapon or bodily harm [1320]",61,15.69
2016,data.Northwest Territories,"data.Sexual assault, level 1 [1330]",61,293.56
2016,data.Northwest Territories,data.Total sexual violations against children [130],61,85.16
2016,data.Northwest Territories,"data.Assault, level 3, aggravated [1410]",61,49.3
2016,data.Northwest Territories,"data.Assault, level 2, weapon or bodily harm [1420]",61,891.9
2016,data.Northwest Territories,"data.Assault, level 1 [1430]",61,4356.4
2016,data.Northwest Territories,data.Total robbery [160],61,69.47
2016,data.Northwest Territories,data.Uttering threats [1627],61,1219.07
2016,data.Northwest Territories,data.Total other violent violations [180],61,44.82
2016,data.Nunavut,data.Total violent Criminal Code violations [100],62,8191.14
2016,data.Nunavut,data.Homicide [110],62,2.7
2016,data.Nunavut,data.Total other violations causing death [120],62,0.0
2016,data.Nunavut,data.Attempted murder [1210],62,24.34
2016,data.Nunavut,"data.Sexual assault, level 3, aggravated [1310]",62,0.0
2016,data.Nunavut,"data.Sexual assault, level 2, weapon or bodily harm [1320]",62,0.0
2016,data.Nunavut,"data.Sexual assault, level 1 [1330]",62,440.79
2016,data.Nunavut,data.Total sexual violations against children [130],62,278.54
2016,data.Nunavut,"data.Assault, level 3, aggravated [1410]",62,91.94
2016,data.Nunavut,"data.Assault, level 2, weapon or bodily harm [1420]",62,1046.54
2016,data.Nunavut,"data.Assault, level 1 [1430]",62,4234.84
2016,data.Nunavut,data.Total robbery [160],62,27.04
2016,data.Nunavut,data.Uttering threats [1627],62,1092.51
2016,data.Nunavut,data.Total other violent violations [180],62,37.86
2017,data.Canada,data.Homicide [110],,1.82
2017,data.Canada,data.Total other violations causing death [120],,0.27
2017,data.Canada,data.Attempted murder [1210],,2.25
2017,data.Canada,"data.Sexual assault, level 3, aggravated [1310]",,0.44
2017,data.Canada,"data.Sexual assault, level 2, weapon or bodily harm [1320]",,1.16
2017,data.Canada,"data.Sexual assault, level 1 [1330]",,66.1
2017,data.Canada,data.Total sexual violations against children [130],,22.65
2017,data.Canada,"data.Assault, level 3, aggravated [1410]",,9.81
2017,data.Canada,"data.Assault, level 2, weapon or bodily harm [1420]",,142.67
2017,data.Canada,"data.Assault, level 1 [1430]",,446.79
2017,data.Canada,data.Total robbery [160],,62.47
2017,data.Canada,data.Uttering threats [1627],,173.19
2017,data.Canada,data.Total other violent violations [180],,17.31
2017,data.Newfoundland and Labrador,data.Total violent Criminal Code violations [100],10,1315.55
2017,data.Newfoundland and Labrador,data.Homicide [110],10,0.76
2017,data.Newfoundland and Labrador,data.Total other violations causing death [120],10,0.19
2017,data.Newfoundland and Labrador,data.Attempted murder [1210],10,0.94
2017,data.Newfoundland and Labrador,"data.Sexual assault, level 3, aggravated [1310]",10,0.19
2017,data.Newfoundland and Labrador,"data.Sexual assault, level 2, weapon or bodily harm [1320]",10,0.38
2017,data.Newfoundland and Labrador,"data.Sexual assault, level 1 [1330]",10,61.35
2017,data.Newfoundland and Labrador,data.Total sexual violations against children [130],10,25.86
2017,data.Newfoundland and Labrador,"data.Assault, level 3, aggravated [1410]",10,8.87
2017,data.Newfoundland and Labrador,"data.Assault, level 2, weapon or bodily harm [1420]",10,114.4
2017,data.Newfoundland and Labrador,"data.Assault, level 1 [1430]",10,565.94
2017,data.Newfoundland and Labrador,data.Total robbery [160],10,34.92
2017,data.Newfoundland and Labrador,data.Uttering threats [1627],10,313.17
2017,data.Newfoundland and Labrador,data.Total other violent violations [180],10,13.4
2017,data.Prince Edward Island,data.Total violent Criminal Code violations [100],11,922.93
2017,data.Prince Edward Island,data.Homicide [110],11,1.34
2017,data.Prince Edward Island,data.Total other violations causing death [120],11,0.0
2017,data.Prince Edward Island,data.Attempted murder [1210],11,1.34
2017,data.Prince Edward Island,"data.Sexual assault, level 3, aggravated [1310]",11,0.0
2017,data.Prince Edward Island,"data.Sexual assault, level 2, weapon or bodily harm [1320]",11,0.0
2017,data.Prince Edward Island,"data.Sexual assault, level 1 [1330]",11,46.08
2017,data.Prince Edward Island,data.Total sexual violations against children [130],11,18.7
2017,data.Prince Edward Island,"data.Assault, level 3, aggravated [1410]",11,4.67
2017,data.Prince Edward Island,"data.Assault, level 2, weapon or bodily harm [1420]",11,80.14
2017,data.Prince Edward Island,"data.Assault, level 1 [1430]",11,385.33
2017,data.Prince Edward Island,data.Total robbery [160],11,12.02
2017,data.Prince Edward Island,data.Uttering threats [1627],11,180.31
2017,data.Prince Edward Island,data.Total other violent violations [180],11,4.67
2017,data.Nova Scotia,data.Total violent Criminal Code violations [100],12,1259.03
2017,data.Nova Scotia,data.Homicide [110],12,2.21
2017,data.Nova Scotia,data.Total other violations causing death [120],12,0.21
2017,data.Nova Scotia,data.Attempted murder [1210],12,2.84
2017,data.Nova Scotia,"data.Sexual assault, level 3, aggravated [1310]",12,0.42
2017,data.Nova Scotia,"data.Sexual assault, level 2, weapon or bodily harm [1320]",12,0.95
2017,data.Nova Scotia,"data.Sexual assault, level 1 [1330]",12,77.93
2017,data.Nova Scotia,data.Total sexual violations against children [130],12,26.68
2017,data.Nova Scotia,"data.Assault, level 3, aggravated [1410]",12,8.93
2017,data.Nova Scotia,"data.Assault, level 2, weapon or bodily harm [1420]",12,113.64
2017,data.Nova Scotia,"data.Assault, level 1 [1430]",12,481.75
2017,data.Nova Scotia,data.Total robbery [160],12,32.45
2017,data.Nova Scotia,data.Uttering threats [1627],12,255.31
2017,data.Nova Scotia,data.Total other violent violations [180],12,16.17
2017,data.New Brunswick,data.Total violent Criminal Code violations [100],13,1264.78
2017,data.New Brunswick,data.Homicide [110],13,1.3
2017,data.New Brunswick,data.Total other violations causing death [120],13,0.0
2017,data.New Brunswick,data.Attempted murder [1210],13,0.78
2017,data.New Brunswick,"data.Sexual assault, level 3, aggravated [1310]",13,0.0
2017,data.New Brunswick,"data.Sexual assault, level 2, weapon or bodily harm [1320]",13,0.39
2017,data.New Brunswick,"data.Sexual assault, level 1 [1330]",13,67.04
2017,data.New Brunswick,data.Total sexual violations against children [130],13,23.22
2017,data.New Brunswick,"data.Assault, level 3, aggravated [1410]",13,5.74
2017,data.New Brunswick,"data.Assault, level 2, weapon or bodily harm [1420]",13,123.78
2017,data.New Brunswick,"data.Assault, level 1 [1430]",13,521.98
2017,data.New Brunswick,data.Total robbery [160],13,27.52
2017,data.New Brunswick,data.Uttering threats [1627],13,274.03
2017,data.New Brunswick,data.Total other violent violations [180],13,16.04
2017,data.Quebec,data.Total violent Criminal Code violations [100],24,1064.74
2017,data.Quebec,data.Homicide [110],24,1.12
2017,data.Quebec,data.Total other violations causing death [120],24,0.35
2017,data.Quebec,data.Attempted murder [1210],24,2.79
2017,data.Quebec,"data.Sexual assault, level 3, aggravated [1310]",24,0.41
2017,data.Quebec,"data.Sexual assault, level 2, weapon or bodily harm [1320]",24,1.21
2017,data.Quebec,"data.Sexual assault, level 1 [1330]",24,62.07
2017,data.Quebec,data.Total sexual violations against children [130],24,30.38
2017,data.Quebec,"data.Assault, level 3, aggravated [1410]",24,3.67
2017,data.Quebec,"data.Assault, level 2, weapon or bodily harm [1420]",24,122.43
2017,data.Quebec,"data.Assault, level 1 [1430]",24,403.99
2017,data.Quebec,data.Total robbery [160],24,44.0
2017,data.Quebec,data.Uttering threats [1627],24,203.62
2017,data.Quebec,data.Total other violent violations [180],24,28.0
2017,data.Ontario,data.Total violent Criminal Code violations [100],35,853.56
2017,data.Ontario,data.Homicide [110],35,1.4
2017,data.Ontario,data.Total other violations causing death [120],35,0.21
2017,data.Ontario,data.Attempted murder [1210],35,2.04
2017,data.Ontario,"data.Sexual assault, level 3, aggravated [1310]",35,0.4
2017,data.Ontario,"data.Sexual assault, level 2, weapon or bodily harm [1320]",35,1.07
2017,data.Ontario,"data.Sexual assault, level 1 [1330]",35,62.38
2017,data.Ontario,data.Total sexual violations against children [130],35,14.99
2017,data.Ontario,"data.Assault, level 3, aggravated [1410]",35,7.66
2017,data.Ontario,"data.Assault, level 2, weapon or bodily harm [1420]",35,101.39
2017,data.Ontario,"data.Assault, level 1 [1430]",35,337.31
2017,data.Ontario,data.Total robbery [160],35,65.82
2017,data.Ontario,data.Uttering threats [1627],35,113.75
2017,data.Ontario,data.Total other violent violations [180],35,14.6
2017,data.Manitoba,data.Total violent Criminal Code violations [100],46,1987.21
2017,data.Manitoba,data.Homicide [110],46,3.52
2017,data.Manitoba,data.Total other violations causing death [120],46,0.45
2017,data.Manitoba,data.Attempted murder [1210],46,3.07
2017,data.Manitoba,"data.Sexual assault, level 3, aggravated [1310]",46,1.05
2017,data.Manitoba,"data.Sexual assault, level 2, weapon or bodily harm [1320]",46,1.95
2017,data.Manitoba,"data.Sexual assault, level 1 [1330]",46,103.77
2017,data.Manitoba,data.Total sexual violations against children [130],46,39.41
2017,data.Manitoba,"data.Assault, level 3, aggravated [1410]",46,36.19
2017,data.Manitoba,"data.Assault, level 2, weapon or bodily harm [1420]",46,360.6
2017,data.Manitoba,"data.Assault, level 1 [1430]",46,840.84
2017,data.Manitoba,data.Total robbery [160],46,176.81
2017,data.Manitoba,data.Uttering threats [1627],46,244.84
2017,data.Manitoba,data.Total other violent violations [180],46,13.49
2017,data.Saskatchewan,data.Total violent Criminal Code violations [100],47,2096.72
2017,data.Saskatchewan,data.Homicide [110],47,3.31
2017,data.Saskatchewan,data.Total other violations causing death [120],47,0.52
2017,data.Saskatchewan,data.Attempted murder [1210],47,3.66
2017,data.Saskatchewan,"data.Sexual assault, level 3, aggravated [1310]",47,0.61
2017,data.Saskatchewan,"data.Sexual assault, level 2, weapon or bodily harm [1320]",47,1.83
2017,data.Saskatchewan,"data.Sexual assault, level 1 [1330]",47,98.67
2017,data.Saskatchewan,data.Total sexual violations against children [130],47,39.48
2017,data.Saskatchewan,"data.Assault, level 3, aggravated [1410]",47,34.08
2017,data.Saskatchewan,"data.Assault, level 2, weapon or bodily harm [1420]",47,350.56
2017,data.Saskatchewan,"data.Assault, level 1 [1430]",47,932.35
2017,data.Saskatchewan,data.Total robbery [160],47,89.43
2017,data.Saskatchewan,data.Uttering threats [1627],47,272.38
2017,data.Saskatchewan,data.Total other violent violations [180],47,20.48
2017,data.Alberta,data.Total violent Criminal Code violations [100],48,1313.0
2017,data.Alberta,data.Homicide [110],48,2.81
2017,data.Alberta,data.Total other violations causing death [120],48,0.35
2017,data.Alberta,data.Attempted murder [1210],48,1.42
2017,data.Alberta,"data.Sexual assault, level 3, aggravated [1310]",48,0.33
2017,data.Alberta,"data.Sexual assault, level 2, weapon or bodily harm [1320]",48,1.75
2017,data.Alberta,"data.Sexual assault, level 1 [1330]",48,70.3
2017,data.Alberta,data.Total sexual violations against children [130],48,21.97
2017,data.Alberta,"data.Assault, level 3, aggravated [1410]",48,16.1
2017,data.Alberta,"data.Assault, level 2, weapon or bodily harm [1420]",48,197.48
2017,data.Alberta,"data.Assault, level 1 [1430]",48,541.99
2017,data.Alberta,data.Total robbery [160],48,77.01
2017,data.Alberta,data.Uttering threats [1627],48,180.21
2017,data.Alberta,data.Total other violent violations [180],48,14.58
2017,data.British Columbia,data.Total violent Criminal Code violations [100],59,1085.08
2017,data.British Columbia,data.Homicide [110],59,2.41
2017,data.British Columbia,data.Total other violations causing death [120],59,0.22
2017,data.British Columbia,data.Attempted murder [1210],59,2.33
2017,data.British Columbia,"data.Sexual assault, level 3, aggravated [1310]",59,0.57
2017,data.British Columbia,"data.Sexual assault, level 2, weapon or bodily harm [1320]",59,0.63
2017,data.British Columbia,"data.Sexual assault, level 1 [1330]",59,54.44
2017,data.British Columbia,data.Total sexual violations against children [130],59,19.98
2017,data.British Columbia,"data.Assault, level 3, aggravated [1410]",59,7.3
2017,data.British Columbia,"data.Assault, level 2, weapon or bodily harm [1420]",59,138.77
2017,data.British Columbia,"data.Assault, level 1 [1430]",59,418.18
2017,data.British Columbia,data.Total robbery [160],59,50.4
2017,data.British Columbia,data.Uttering threats [1627],59,175.51
2017,data.British Columbia,data.Total other violent violations [180],59,10.15
2017,data.Yukon,data.Total violent Criminal Code violations [100],60,3718.41
2017,data.Yukon,data.Homicide [110],60,20.24
2017,data.Yukon,data.Total other violations causing death [120],60,0.0
2017,data.Yukon,data.Attempted murder [1210],60,5.06
2017,data.Yukon,"data.Sexual assault, level 3, aggravated [1310]",60,0.0
2017,data.Yukon,"data.Sexual assault, level 2, weapon or bodily harm [1320]",60,2.53
2017,data.Yukon,"data.Sexual assault, level 1 [1330]",60,164.42
2017,data.Yukon,data.Total sexual violations against children [130],60,40.47
2017,data.Yukon,"data.Assault, level 3, aggravated [1410]",60,37.94
2017,data.Yukon,"data.Assault, level 2, weapon or bodily harm [1420]",60,349.08
2017,data.Yukon,"data.Assault, level 1 [1430]",60,1899.68
2017,data.Yukon,data.Total robbery [160],60,30.35
2017,data.Yukon,data.Uttering threats [1627],60,690.56
2017,data.Yukon,data.Total other violent violations [180],60,45.53
2017,data.Northwest Territories,data.Total violent Criminal Code violations [100],61,8469.19
2017,data.Northwest Territories,data.Homicide [110],61,4.48
2017,data.Northwest Territories,data.Total other violations causing death [120],61,0.0
2017,data.Northwest Territories,data.Attempted murder [1210],61,2.24
2017,data.Northwest Territories,"data.Sexual assault, level 3, aggravated [1310]",61,2.24
2017,data.Northwest Territories,"data.Sexual assault, level 2, weapon or bodily harm [1320]",61,11.2
2017,data.Northwest Territories,"data.Sexual assault, level 1 [1330]",61,407.56
2017,data.Northwest Territories,data.Total sexual violations against children [130],61,123.16
2017,data.Northwest Territories,"data.Assault, level 3, aggravated [1410]",61,76.14
2017,data.Northwest Territories,"data.Assault, level 2, weapon or bodily harm [1420]",61,953.96
2017,data.Northwest Territories,"data.Assault, level 1 [1430]",61,4901.92
2017,data.Northwest Territories,data.Total robbery [160],61,67.18
2017,data.Northwest Territories,data.Uttering threats [1627],61,1193.57
2017,data.Northwest Territories,data.Total other violent violations [180],61,53.74
2017,data.Nunavut,data.Total violent Criminal Code violations [100],62,8277.57
2017,data.Nunavut,data.Homicide [110],62,15.93
2017,data.Nunavut,data.Total other violations causing death [120],62,0.0
2017,data.Nunavut,data.Attempted murder [1210],62,5.31
2017,data.Nunavut,"data.Sexual assault, level 3, aggravated [1310]",62,0.0
2017,data.Nunavut,"data.Sexual assault, level 2, weapon or bodily harm [1320]",62,2.66
2017,data.Nunavut,"data.Sexual assault, level 1 [1330]",62,395.69
2017,data.Nunavut,data.Total sexual violations against children [130],62,217.76
2017,data.Nunavut,"data.Assault, level 3, aggravated [1410]",62,140.75
2017,data.Nunavut,"data.Assault, level 2, weapon or bodily harm [1420]",62,908.22
2017,data.Nunavut,"data.Assault, level 1 [1430]",62,4421.61
2017,data.Nunavut,data.Total robbery [160],62,39.83
2017,data.Nunavut,data.Uttering threats [1627],62,1155.19
2017,data.Nunavut,data.Total other violent violations [180],62,47.8
2018,data.Canada,data.Homicide [110],,1.77
2018,data.Canada,data.Total other violations causing death [120],,0.36
2018,data.Canada,data.Attempted murder [1210],,2.21
2018,data.Canada,"data.Sexual assault, level 3, aggravated [1310]",,0.43
2018,data.Canada,"data.Sexual assault, level 2, weapon or bodily harm [1320]",,1.32
2018,data.Canada,"data.Sexual assault, level 1 [1330]",,75.28
2018,data.Canada,data.Total sexual violations against children [130],,24.48
2018,data.Canada,"data.Assault, level 3, aggravated [1410]",,9.67
2018,data.Canada,"data.Assault, level 2, weapon or bodily harm [1420]",,146.25
2018,data.Canada,"data.Assault, level 1 [1430]",,458.93
2018,data.Canada,data.Total robbery [160],,60.83
2018,data.Canada,data.Uttering threats [1627],,180.2
2018,data.Canada,data.Total other violent violations [180],,15.94
2018,data.Newfoundland and Labrador,data.Total violent Criminal Code violations [100],10,1346.7
2018,data.Newfoundland and Labrador,data.Homicide [110],10,0.38
2018,data.Newfoundland and Labrador,data.Total other violations causing death [120],10,0.38
2018,data.Newfoundland and Labrador,data.Attempted murder [1210],10,0.76
2018,data.Newfoundland and Labrador,"data.Sexual assault, level 3, aggravated [1310]",10,0.0
2018,data.Newfoundland and Labrador,"data.Sexual assault, level 2, weapon or bodily harm [1320]",10,0.95
2018,data.Newfoundland and Labrador,"data.Sexual assault, level 1 [1330]",10,65.29
2018,data.Newfoundland and Labrador,data.Total sexual violations against children [130],10,23.09
2018,data.Newfoundland and Labrador,"data.Assault, level 3, aggravated [1410]",10,6.81
2018,data.Newfoundland and Labrador,"data.Assault, level 2, weapon or bodily harm [1420]",10,110.71
2018,data.Newfoundland and Labrador,"data.Assault, level 1 [1430]",10,563.78
2018,data.Newfoundland and Labrador,data.Total robbery [160],10,40.69
2018,data.Newfoundland and Labrador,data.Uttering threats [1627],10,332.13
2018,data.Newfoundland and Labrador,data.Total other violent violations [180],10,18.55
2018,data.Prince Edward Island,data.Total violent Criminal Code violations [100],11,1021.29
2018,data.Prince Edward Island,data.Homicide [110],11,0.0
2018,data.Prince Edward Island,data.Total other violations causing death [120],11,0.0
2018,data.Prince Edward Island,data.Attempted murder [1210],11,0.66
2018,data.Prince Edward Island,"data.Sexual assault, level 3, aggravated [1310]",11,0.66
2018,data.Prince Edward Island,"data.Sexual assault, level 2, weapon or bodily harm [1320]",11,0.66
2018,data.Prince Edward Island,"data.Sexual assault, level 1 [1330]",11,68.96
2018,data.Prince Edward Island,data.Total sexual violations against children [130],11,23.64
2018,data.Prince Edward Island,"data.Assault, level 3, aggravated [1410]",11,1.97
2018,data.Prince Edward Island,"data.Assault, level 2, weapon or bodily harm [1420]",11,69.62
2018,data.Prince Edward Island,"data.Assault, level 1 [1430]",11,417.05
2018,data.Prince Edward Island,data.Total robbery [160],11,13.79
2018,data.Prince Edward Island,data.Uttering threats [1627],11,226.59
2018,data.Prince Edward Island,data.Total other violent violations [180],11,14.45
2018,data.Nova Scotia,data.Total violent Criminal Code violations [100],12,1271.53
2018,data.Nova Scotia,data.Homicide [110],12,1.14
2018,data.Nova Scotia,data.Total other violations causing death [120],12,0.31
2018,data.Nova Scotia,data.Attempted murder [1210],12,1.97
2018,data.Nova Scotia,"data.Sexual assault, level 3, aggravated [1310]",12,0.73
2018,data.Nova Scotia,"data.Sexual assault, level 2, weapon or bodily harm [1320]",12,0.73
2018,data.Nova Scotia,"data.Sexual assault, level 1 [1330]",12,107.48
2018,data.Nova Scotia,data.Total sexual violations against children [130],12,27.03
2018,data.Nova Scotia,"data.Assault, level 3, aggravated [1410]",12,8.32
2018,data.Nova Scotia,"data.Assault, level 2, weapon or bodily harm [1420]",12,111.43
2018,data.Nova Scotia,"data.Assault, level 1 [1430]",12,478.34
2018,data.Nova Scotia,data.Total robbery [160],12,32.64
2018,data.Nova Scotia,data.Uttering threats [1627],12,251.12
2018,data.Nova Scotia,data.Total other violent violations [180],12,18.4
2018,data.New Brunswick,data.Total violent Criminal Code violations [100],13,1347.7
2018,data.New Brunswick,data.Homicide [110],13,1.69
2018,data.New Brunswick,data.Total other violations causing death [120],13,0.52
2018,data.New Brunswick,data.Attempted murder [1210],13,1.17
2018,data.New Brunswick,"data.Sexual assault, level 3, aggravated [1310]",13,0.26
2018,data.New Brunswick,"data.Sexual assault, level 2, weapon or bodily harm [1320]",13,0.78
2018,data.New Brunswick,"data.Sexual assault, level 1 [1330]",13,71.38
2018,data.New Brunswick,data.Total sexual violations against children [130],13,24.92
2018,data.New Brunswick,"data.Assault, level 3, aggravated [1410]",13,9.09
2018,data.New Brunswick,"data.Assault, level 2, weapon or bodily harm [1420]",13,129.79
2018,data.New Brunswick,"data.Assault, level 1 [1430]",13,561.72
2018,data.New Brunswick,data.Total robbery [160],13,26.48
2018,data.New Brunswick,data.Uttering threats [1627],13,292.54
2018,data.New Brunswick,data.Total other violent violations [180],13,15.06
2018,data.Quebec,data.Total violent Criminal Code violations [100],24,1076.76
2018,data.Quebec,data.Homicide [110],24,0.99
2018,data.Quebec,data.Total other violations causing death [120],24,0.51
2018,data.Quebec,data.Attempted murder [1210],24,2.22
2018,data.Quebec,"data.Sexual assault, level 3, aggravated [1310]",24,0.42
2018,data.Quebec,"data.Sexual assault, level 2, weapon or bodily harm [1320]",24,1.17
2018,data.Quebec,"data.Sexual assault, level 1 [1330]",24,65.97
2018,data.Quebec,data.Total sexual violations against children [130],24,32.25
2018,data.Quebec,"data.Assault, level 3, aggravated [1410]",24,3.34
2018,data.Quebec,"data.Assault, level 2, weapon or bodily harm [1420]",24,122.75
2018,data.Quebec,"data.Assault, level 1 [1430]",24,410.65
2018,data.Quebec,data.Total robbery [160],24,38.63
2018,data.Quebec,data.Uttering threats [1627],24,206.65
2018,data.Quebec,data.Total other violent violations [180],24,28.2
2018,data.Ontario,data.Total violent Criminal Code violations [100],35,904.32
2018,data.Ontario,data.Homicide [110],35,1.9
2018,data.Ontario,data.Total other violations causing death [120],35,0.36
2018,data.Ontario,data.Attempted murder [1210],35,2.64
2018,data.Ontario,"data.Sexual assault, level 3, aggravated [1310]",35,0.26
2018,data.Ontario,"data.Sexual assault, level 2, weapon or bodily harm [1320]",35,1.23
2018,data.Ontario,"data.Sexual assault, level 1 [1330]",35,73.77
2018,data.Ontario,data.Total sexual violations against children [130],35,15.9
2018,data.Ontario,"data.Assault, level 3, aggravated [1410]",35,7.36
2018,data.Ontario,"data.Assault, level 2, weapon or bodily harm [1420]",35,107.42
2018,data.Ontario,"data.Assault, level 1 [1430]",35,357.49
2018,data.Ontario,data.Total robbery [160],35,61.77
2018,data.Ontario,data.Uttering threats [1627],35,125.17
2018,data.Ontario,data.Total other violent violations [180],35,10.76
2018,data.Manitoba,data.Total violent Criminal Code violations [100],46,1999.35
2018,data.Manitoba,data.Homicide [110],46,4.07
2018,data.Manitoba,data.Total other violations causing death [120],46,0.37
2018,data.Manitoba,data.Attempted murder [1210],46,2.66
2018,data.Manitoba,"data.Sexual assault, level 3, aggravated [1310]",46,1.33
2018,data.Manitoba,"data.Sexual assault, level 2, weapon or bodily harm [1320]",46,1.77
2018,data.Manitoba,"data.Sexual assault, level 1 [1330]",46,107.86
2018,data.Manitoba,data.Total sexual violations against children [130],46,43.62
2018,data.Manitoba,"data.Assault, level 3, aggravated [1410]",46,36.59
2018,data.Manitoba,"data.Assault, level 2, weapon or bodily harm [1420]",46,366.97
2018,data.Manitoba,"data.Assault, level 1 [1430]",46,813.86
2018,data.Manitoba,data.Total robbery [160],46,197.46
2018,data.Manitoba,data.Uttering threats [1627],46,245.73
2018,data.Manitoba,data.Total other violent violations [180],46,14.79
2018,data.Saskatchewan,data.Total violent Criminal Code violations [100],47,2006.38
2018,data.Saskatchewan,data.Homicide [110],47,2.94
2018,data.Saskatchewan,data.Total other violations causing death [120],47,0.09
2018,data.Saskatchewan,data.Attempted murder [1210],47,3.11
2018,data.Saskatchewan,"data.Sexual assault, level 3, aggravated [1310]",47,1.47
2018,data.Saskatchewan,"data.Sexual assault, level 2, weapon or bodily harm [1320]",47,1.38
2018,data.Saskatchewan,"data.Sexual assault, level 1 [1330]",47,108.54
2018,data.Saskatchewan,data.Total sexual violations against children [130],47,34.42
2018,data.Saskatchewan,"data.Assault, level 3, aggravated [1410]",47,33.38
2018,data.Saskatchewan,"data.Assault, level 2, weapon or bodily harm [1420]",47,330.04
2018,data.Saskatchewan,"data.Assault, level 1 [1430]",47,868.87
2018,data.Saskatchewan,data.Total robbery [160],47,86.06
2018,data.Saskatchewan,data.Uttering threats [1627],47,260.33
2018,data.Saskatchewan,data.Total other violent violations [180],47,19.29
2018,data.Alberta,data.Total violent Criminal Code violations [100],48,1339.41
2018,data.Alberta,data.Homicide [110],48,1.89
2018,data.Alberta,data.Total other violations causing death [120],48,0.05
2018,data.Alberta,data.Attempted murder [1210],48,1.23
2018,data.Alberta,"data.Sexual assault, level 3, aggravated [1310]",48,0.54
2018,data.Alberta,"data.Sexual assault, level 2, weapon or bodily harm [1320]",48,2.07
2018,data.Alberta,"data.Sexual assault, level 1 [1330]",48,80.07
2018,data.Alberta,data.Total sexual violations against children [130],48,27.51
2018,data.Alberta,"data.Assault, level 3, aggravated [1410]",48,17.08
2018,data.Alberta,"data.Assault, level 2, weapon or bodily harm [1420]",48,201.88
2018,data.Alberta,"data.Assault, level 1 [1430]",48,547.11
2018,data.Alberta,data.Total robbery [160],48,81.33
2018,data.Alberta,data.Uttering threats [1627],48,174.16
2018,data.Alberta,data.Total other violent violations [180],48,12.65
2018,data.British Columbia,data.Total violent Criminal Code violations [100],59,1176.82
2018,data.British Columbia,data.Homicide [110],59,1.79
2018,data.British Columbia,data.Total other violations causing death [120],59,0.42
2018,data.British Columbia,data.Attempted murder [1210],59,1.75
2018,data.British Columbia,"data.Sexual assault, level 3, aggravated [1310]",59,0.16
2018,data.British Columbia,"data.Sexual assault, level 2, weapon or bodily harm [1320]",59,1.27
2018,data.British Columbia,"data.Sexual assault, level 1 [1330]",59,63.99
2018,data.British Columbia,data.Total sexual violations against children [130],59,22.59
2018,data.British Columbia,"data.Assault, level 3, aggravated [1410]",59,6.65
2018,data.British Columbia,"data.Assault, level 2, weapon or bodily harm [1420]",59,146.05
2018,data.British Columbia,"data.Assault, level 1 [1430]",59,448.68
2018,data.British Columbia,data.Total robbery [160],59,49.43
2018,data.British Columbia,data.Uttering threats [1627],59,193.25
2018,data.British Columbia,data.Total other violent violations [180],59,11.35
2018,data.Yukon,data.Total violent Criminal Code violations [100],60,3927.93
2018,data.Yukon,data.Homicide [110],60,7.43
2018,data.Yukon,data.Total other violations causing death [120],60,0.0
2018,data.Yukon,data.Attempted murder [1210],60,4.95
2018,data.Yukon,"data.Sexual assault, level 3, aggravated [1310]",60,4.95
2018,data.Yukon,"data.Sexual assault, level 2, weapon or bodily harm [1320]",60,4.95
2018,data.Yukon,"data.Sexual assault, level 1 [1330]",60,198.01
2018,data.Yukon,data.Total sexual violations against children [130],60,69.3
2018,data.Yukon,"data.Assault, level 3, aggravated [1410]",60,29.7
2018,data.Yukon,"data.Assault, level 2, weapon or bodily harm [1420]",60,517.29
2018,data.Yukon,"data.Assault, level 1 [1430]",60,1989.95
2018,data.Yukon,data.Total robbery [160],60,39.6
2018,data.Yukon,data.Uttering threats [1627],60,638.57
2018,data.Yukon,data.Total other violent violations [180],60,12.38
2018,data.Northwest Territories,data.Total violent Criminal Code violations [100],61,8730.02
2018,data.Northwest Territories,data.Homicide [110],61,13.47
2018,data.Northwest Territories,data.Total other violations causing death [120],61,0.0
2018,data.Northwest Territories,data.Attempted murder [1210],61,2.25
2018,data.Northwest Territories,"data.Sexual assault, level 3, aggravated [1310]",61,2.25
2018,data.Northwest Territories,"data.Sexual assault, level 2, weapon or bodily harm [1320]",61,0.0
2018,data.Northwest Territories,"data.Sexual assault, level 1 [1330]",61,363.75
2018,data.Northwest Territories,data.Total sexual violations against children [130],61,141.46
2018,data.Northwest Territories,"data.Assault, level 3, aggravated [1410]",61,85.32
2018,data.Northwest Territories,"data.Assault, level 2, weapon or bodily harm [1420]",61,886.92
2018,data.Northwest Territories,"data.Assault, level 1 [1430]",61,5164.36
2018,data.Northwest Territories,data.Total robbery [160],61,87.57
2018,data.Northwest Territories,data.Uttering threats [1627],61,1216.99
2018,data.Northwest Territories,data.Total other violent violations [180],61,49.4
2018,data.Nunavut,data.Total violent Criminal Code violations [100],62,8830.44
2018,data.Nunavut,data.Homicide [110],62,20.88
2018,data.Nunavut,data.Total other violations causing death [120],62,0.0
2018,data.Nunavut,data.Attempted murder [1210],62,20.88
2018,data.Nunavut,"data.Sexual assault, level 3, aggravated [1310]",62,18.27
2018,data.Nunavut,"data.Sexual assault, level 2, weapon or bodily harm [1320]",62,5.22
2018,data.Nunavut,"data.Sexual assault, level 1 [1330]",62,435.78
2018,data.Nunavut,data.Total sexual violations against children [130],62,229.63
2018,data.Nunavut,"data.Assault, level 3, aggravated [1410]",62,164.4
2018,data.Nunavut,"data.Assault, level 2, weapon or bodily harm [1420]",62,1009.86
2018,data.Nunavut,"data.Assault, level 1 [1430]",62,4603.1
2018,data.Nunavut,data.Total robbery [160],62,33.92
2018,data.Nunavut,data.Uttering threats [1627],62,1195.14
2018,data.Nunavut,data.Total other violent violations [180],62,73.07
2019,data.Canada,data.Homicide [110],,1.83
2019,data.Canada,data.Total other violations causing death [120],,0.31
2019,data.Canada,data.Attempted murder [1210],,2.33
2019,data.Canada,"data.Sexual assault, level 3, aggravated [1310]",,0.33
2019,data.Canada,"data.Sexual assault, level 2, weapon or bodily harm [1320]",,1.42
2019,data.Canada,"data.Sexual assault, level 1 [1330]",,80.64
2019,data.Canada,data.Total sexual violations against children [130],,27.48
2019,data.Canada,"data.Assault, level 3, aggravated [1410]",,10.56
2019,data.Canada,"data.Assault, level 2, weapon or bodily harm [1420]",,158.71
2019,data.Canada,"data.Assault, level 1 [1430]",,500.25
2019,data.Canada,data.Total robbery [160],,62.13
2019,data.Canada,data.Uttering threats [1627],,214.86
2019,data.Canada,data.Total other violent violations [180],,19.31
2019,data.Newfoundland and Labrador,data.Total violent Criminal Code violations [100],10,1543.66
2019,data.Newfoundland and Labrador,data.Homicide [110],10,0.95
2019,data.Newfoundland and Labrador,data.Total other violations causing death [120],10,0.0
2019,data.Newfoundland and Labrador,data.Attempted murder [1210],10,0.76
2019,data.Newfoundland and Labrador,"data.Sexual assault, level 3, aggravated [1310]",10,0.0
2019,data.Newfoundland and Labrador,"data.Sexual assault, level 2, weapon or bodily harm [1320]",10,0.95
2019,data.Newfoundland and Labrador,"data.Sexual assault, level 1 [1330]",10,72.97
2019,data.Newfoundland and Labrador,data.Total sexual violations against children [130],10,29.38
2019,data.Newfoundland and Labrador,"data.Assault, level 3, aggravated [1410]",10,5.69
2019,data.Newfoundland and Labrador,"data.Assault, level 2, weapon or bodily harm [1420]",10,136.46
2019,data.Newfoundland and Labrador,"data.Assault, level 1 [1430]",10,633.76
2019,data.Newfoundland and Labrador,data.Total robbery [160],10,31.27
2019,data.Newfoundland and Labrador,data.Uttering threats [1627],10,393.83
2019,data.Newfoundland and Labrador,data.Total other violent violations [180],10,18.95
2019,data.Prince Edward Island,data.Total violent Criminal Code violations [100],11,1286.97
2019,data.Prince Edward Island,data.Homicide [110],11,1.28
2019,data.Prince Edward Island,data.Total other violations causing death [120],11,0.64
2019,data.Prince Edward Island,data.Attempted murder [1210],11,0.0
2019,data.Prince Edward Island,"data.Sexual assault, level 3, aggravated [1310]",11,0.0
2019,data.Prince Edward Island,"data.Sexual assault, level 2, weapon or bodily harm [1320]",11,0.0
2019,data.Prince Edward Island,"data.Sexual assault, level 1 [1330]",11,84.73
2019,data.Prince Edward Island,data.Total sexual violations against children [130],11,33.38
2019,data.Prince Edward Island,"data.Assault, level 3, aggravated [1410]",11,1.93
2019,data.Prince Edward Island,"data.Assault, level 2, weapon or bodily harm [1420]",11,68.04
2019,data.Prince Edward Island,"data.Assault, level 1 [1430]",11,471.78
2019,data.Prince Edward Island,data.Total robbery [160],11,15.41
2019,data.Prince Edward Island,data.Uttering threats [1627],11,268.95
2019,data.Prince Edward Island,data.Total other violent violations [180],11,21.82
2019,data.Nova Scotia,data.Total violent Criminal Code violations [100],12,1413.1
2019,data.Nova Scotia,data.Homicide [110],12,0.61
2019,data.Nova Scotia,data.Total other violations causing death [120],12,0.82
2019,data.Nova Scotia,data.Attempted murder [1210],12,4.3
2019,data.Nova Scotia,"data.Sexual assault, level 3, aggravated [1310]",12,0.41
2019,data.Nova Scotia,"data.Sexual assault, level 2, weapon or bodily harm [1320]",12,1.54
2019,data.Nova Scotia,"data.Sexual assault, level 1 [1330]",12,90.49
2019,data.Nova Scotia,data.Total sexual violations against children [130],12,32.08
2019,data.Nova Scotia,"data.Assault, level 3, aggravated [1410]",12,10.76
2019,data.Nova Scotia,"data.Assault, level 2, weapon or bodily harm [1420]",12,118.67
2019,data.Nova Scotia,"data.Assault, level 1 [1430]",12,509.74
2019,data.Nova Scotia,data.Total robbery [160],12,24.49
2019,data.Nova Scotia,data.Uttering threats [1627],12,312.77
2019,data.Nova Scotia,data.Total other violent violations [180],12,26.34
2019,data.New Brunswick,data.Total violent Criminal Code violations [100],13,1602.81
2019,data.New Brunswick,data.Homicide [110],13,2.19
2019,data.New Brunswick,data.Total other violations causing death [120],13,0.39
2019,data.New Brunswick,data.Attempted murder [1210],13,2.19
2019,data.New Brunswick,"data.Sexual assault, level 3, aggravated [1310]",13,0.13
2019,data.New Brunswick,"data.Sexual assault, level 2, weapon or bodily harm [1320]",13,0.9
2019,data.New Brunswick,"data.Sexual assault, level 1 [1330]",13,80.4
2019,data.New Brunswick,data.Total sexual violations against children [130],13,29.46
2019,data.New Brunswick,"data.Assault, level 3, aggravated [1410]",13,9.52
2019,data.New Brunswick,"data.Assault, level 2, weapon or bodily harm [1420]",13,142.27
2019,data.New Brunswick,"data.Assault, level 1 [1430]",13,642.79
2019,data.New Brunswick,data.Total robbery [160],13,21.61
2019,data.New Brunswick,data.Uttering threats [1627],13,341.79
2019,data.New Brunswick,data.Total other violent violations [180],13,32.67
2019,data.Quebec,data.Total violent Criminal Code violations [100],24,1129.95
2019,data.Quebec,data.Homicide [110],24,0.91
2019,data.Quebec,data.Total other violations causing death [120],24,0.53
2019,data.Quebec,data.Attempted murder [1210],24,2.39
2019,data.Quebec,"data.Sexual assault, level 3, aggravated [1310]",24,0.29
2019,data.Quebec,"data.Sexual assault, level 2, weapon or bodily harm [1320]",24,1.32
2019,data.Quebec,"data.Sexual assault, level 1 [1330]",24,68.62
2019,data.Quebec,data.Total sexual violations against children [130],24,35.58
2019,data.Quebec,"data.Assault, level 3, aggravated [1410]",24,3.57
2019,data.Quebec,"data.Assault, level 2, weapon or bodily harm [1420]",24,132.03
2019,data.Quebec,"data.Assault, level 1 [1430]",24,432.26
2019,data.Quebec,data.Total robbery [160],24,40.48
2019,data.Quebec,data.Uttering threats [1627],24,212.2
2019,data.Quebec,data.Total other violent violations [180],24,29.43
2019,data.Ontario,data.Total violent Criminal Code violations [100],35,940.34
2019,data.Ontario,data.Homicide [110],35,1.74
2019,data.Ontario,data.Total other violations causing death [120],35,0.2
2019,data.Ontario,data.Attempted murder [1210],35,2.39
2019,data.Ontario,"data.Sexual assault, level 3, aggravated [1310]",35,0.21
2019,data.Ontario,"data.Sexual assault, level 2, weapon or bodily harm [1320]",35,1.48
2019,data.Ontario,"data.Sexual assault, level 1 [1330]",35,74.39
2019,data.Ontario,data.Total sexual violations against children [130],35,15.91
2019,data.Ontario,"data.Assault, level 3, aggravated [1410]",35,7.78
2019,data.Ontario,"data.Assault, level 2, weapon or bodily harm [1420]",35,109.51
2019,data.Ontario,"data.Assault, level 1 [1430]",35,370.3
2019,data.Ontario,data.Total robbery [160],35,61.37
2019,data.Ontario,data.Uttering threats [1627],35,134.9
2019,data.Ontario,data.Total other violent violations [180],35,13.06
2019,data.Manitoba,data.Total violent Criminal Code violations [100],46,2198.41
2019,data.Manitoba,data.Homicide [110],46,5.26
2019,data.Manitoba,data.Total other violations causing death [120],46,0.22
2019,data.Manitoba,data.Attempted murder [1210],46,2.04
2019,data.Manitoba,"data.Sexual assault, level 3, aggravated [1310]",46,0.51
2019,data.Manitoba,"data.Sexual assault, level 2, weapon or bodily harm [1320]",46,2.19
2019,data.Manitoba,"data.Sexual assault, level 1 [1330]",46,120.87
2019,data.Manitoba,data.Total sexual violations against children [130],46,47.81
2019,data.Manitoba,"data.Assault, level 3, aggravated [1410]",46,40.87
2019,data.Manitoba,"data.Assault, level 2, weapon or bodily harm [1420]",46,410.72
2019,data.Manitoba,"data.Assault, level 1 [1430]",46,880.05
2019,data.Manitoba,data.Total robbery [160],46,196.49
2019,data.Manitoba,data.Uttering threats [1627],46,284.01
2019,data.Manitoba,data.Total other violent violations [180],46,21.82
2019,data.Saskatchewan,data.Total violent Criminal Code violations [100],47,2287.88
2019,data.Saskatchewan,data.Homicide [110],47,4.72
2019,data.Saskatchewan,data.Total other violations causing death [120],47,0.26
2019,data.Saskatchewan,data.Attempted murder [1210],47,6.1
2019,data.Saskatchewan,"data.Sexual assault, level 3, aggravated [1310]",47,1.29
2019,data.Saskatchewan,"data.Sexual assault, level 2, weapon or bodily harm [1320]",47,1.2
2019,data.Saskatchewan,"data.Sexual assault, level 1 [1330]",47,123.43
2019,data.Saskatchewan,data.Total sexual violations against children [130],47,45.87
2019,data.Saskatchewan,"data.Assault, level 3, aggravated [1410]",47,38.57
2019,data.Saskatchewan,"data.Assault, level 2, weapon or bodily harm [1420]",47,362.56
2019,data.Saskatchewan,"data.Assault, level 1 [1430]",47,967.43
2019,data.Saskatchewan,data.Total robbery [160],47,95.77
2019,data.Saskatchewan,data.Uttering threats [1627],47,316.43
2019,data.Saskatchewan,data.Total other violent violations [180],47,31.69
2019,data.Alberta,data.Total violent Criminal Code violations [100],48,1462.7
2019,data.Alberta,data.Homicide [110],48,2.3
2019,data.Alberta,data.Total other violations causing death [120],48,0.05
2019,data.Alberta,data.Attempted murder [1210],48,1.22
2019,data.Alberta,"data.Sexual assault, level 3, aggravated [1310]",48,0.62
2019,data.Alberta,"data.Sexual assault, level 2, weapon or bodily harm [1320]",48,1.81
2019,data.Alberta,"data.Sexual assault, level 1 [1330]",48,88.86
2019,data.Alberta,data.Total sexual violations against children [130],48,32.05
2019,data.Alberta,"data.Assault, level 3, aggravated [1410]",48,19.17
2019,data.Alberta,"data.Assault, level 2, weapon or bodily harm [1420]",48,215.21
2019,data.Alberta,"data.Assault, level 1 [1430]",48,568.31
2019,data.Alberta,data.Total robbery [160],48,83.83
2019,data.Alberta,data.Uttering threats [1627],48,210.36
2019,data.Alberta,data.Total other violent violations [180],48,15.68
2019,data.British Columbia,data.Total violent Criminal Code violations [100],59,1561.59
2019,data.British Columbia,data.Homicide [110],59,1.76
2019,data.British Columbia,data.Total other violations causing death [120],59,0.47
2019,data.British Columbia,data.Attempted murder [1210],59,1.98
2019,data.British Columbia,"data.Sexual assault, level 3, aggravated [1310]",59,0.2
2019,data.British Columbia,"data.Sexual assault, level 2, weapon or bodily harm [1320]",59,1.06
2019,data.British Columbia,"data.Sexual assault, level 1 [1330]",59,79.98
2019,data.British Columbia,data.Total sexual violations against children [130],59,28.82
2019,data.British Columbia,"data.Assault, level 3, aggravated [1410]",59,6.69
2019,data.British Columbia,"data.Assault, level 2, weapon or bodily harm [1420]",59,175.42
2019,data.British Columbia,"data.Assault, level 1 [1430]",59,574.74
2019,data.British Columbia,data.Total robbery [160],59,56.07
2019,data.British Columbia,data.Uttering threats [1627],59,320.7
2019,data.British Columbia,data.Total other violent violations [180],59,15.1
2019,data.Yukon,data.Total violent Criminal Code violations [100],60,5071.99
2019,data.Yukon,data.Homicide [110],60,2.43
2019,data.Yukon,data.Total other violations causing death [120],60,0.0
2019,data.Yukon,data.Attempted murder [1210],60,2.43
2019,data.Yukon,"data.Sexual assault, level 3, aggravated [1310]",60,2.43
2019,data.Yukon,"data.Sexual assault, level 2, weapon or bodily harm [1320]",60,4.86
2019,data.Yukon,"data.Sexual assault, level 1 [1330]",60,301.07
2019,data.Yukon,data.Total sexual violations against children [130],60,67.98
2019,data.Yukon,"data.Assault, level 3, aggravated [1410]",60,29.14
2019,data.Yukon,"data.Assault, level 2, weapon or bodily harm [1420]",60,524.44
2019,data.Yukon,"data.Assault, level 1 [1430]",60,2512.93
2019,data.Yukon,data.Total robbery [160],60,53.41
2019,data.Yukon,data.Uttering threats [1627],60,968.75
2019,data.Yukon,data.Total other violent violations [180],60,38.85
2019,data.Northwest Territories,data.Total violent Criminal Code violations [100],61,11205.62
2019,data.Northwest Territories,data.Homicide [110],61,4.5
2019,data.Northwest Territories,data.Total other violations causing death [120],61,0.0
2019,data.Northwest Territories,data.Attempted murder [1210],61,2.25
2019,data.Northwest Territories,"data.Sexual assault, level 3, aggravated [1310]",61,4.5
2019,data.Northwest Territories,"data.Sexual assault, level 2, weapon or bodily harm [1320]",61,2.25
2019,data.Northwest Territories,"data.Sexual assault, level 1 [1330]",61,582.78
2019,data.Northwest Territories,data.Total sexual violations against children [130],61,144.01
2019,data.Northwest Territories,"data.Assault, level 3, aggravated [1410]",61,96.76
2019,data.Northwest Territories,"data.Assault, level 2, weapon or bodily harm [1420]",61,1140.81
2019,data.Northwest Territories,"data.Assault, level 1 [1430]",61,6282.35
2019,data.Northwest Territories,data.Total robbery [160],61,81.0
2019,data.Northwest Territories,data.Uttering threats [1627],61,1770.85
2019,data.Northwest Territories,data.Total other violent violations [180],61,103.51
2019,data.Nunavut,data.Total violent Criminal Code violations [100],62,11071.35
2019,data.Nunavut,data.Homicide [110],62,18.02
2019,data.Nunavut,data.Total other violations causing death [120],62,0.0
2019,data.Nunavut,data.Attempted murder [1210],62,15.45
2019,data.Nunavut,"data.Sexual assault, level 3, aggravated [1310]",62,5.15
2019,data.Nunavut,"data.Sexual assault, level 2, weapon or bodily harm [1320]",62,0.0
2019,data.Nunavut,"data.Sexual assault, level 1 [1330]",62,550.99
2019,data.Nunavut,data.Total sexual violations against children [130],62,265.2
2019,data.Nunavut,"data.Assault, level 3, aggravated [1410]",62,213.7
2019,data.Nunavut,"data.Assault, level 2, weapon or bodily harm [1420]",62,1403.23
2019,data.Nunavut,"data.Assault, level 1 [1430]",62,5733.93
2019,data.Nunavut,data.Total robbery [160],62,38.62
2019,data.Nunavut,data.Uttering threats [1627],62,1665.85
2019,data.Nunavut,data.Total other violent violations [180],62,87.54
2020,data.Canada,data.Homicide [110],,2.0
2020,data.Canada,data.Total other violations causing death [120],,0.31
2020,data.Canada,data.Attempted murder [1210],,2.24
2020,data.Canada,"data.Sexual assault, level 3, aggravated [1310]",,0.37
2020,data.Canada,"data.Sexual assault, level 2, weapon or bodily harm [1320]",,1.64
2020,data.Canada,"data.Sexual assault, level 1 [1330]",,74.01
2020,data.Canada,data.Total sexual violations against children [130],,28.26
2020,data.Canada,"data.Assault, level 3, aggravated [1410]",,10.2
2020,data.Canada,"data.Assault, level 2, weapon or bodily harm [1420]",,172.24
2020,data.Canada,"data.Assault, level 1 [1430]",,470.57
2020,data.Canada,data.Total robbery [160],,50.88
2020,data.Canada,data.Uttering threats [1627],,223.04
2020,data.Canada,data.Total other violent violations [180],,19.64
2020,data.Newfoundland and Labrador,data.Total violent Criminal Code violations [100],10,1659.19
2020,data.Newfoundland and Labrador,data.Homicide [110],10,0.76
2020,data.Newfoundland and Labrador,data.Total other violations causing death [120],10,0.38
2020,data.Newfoundland and Labrador,data.Attempted murder [1210],10,0.19
2020,data.Newfoundland and Labrador,"data.Sexual assault, level 3, aggravated [1310]",10,0.0
2020,data.Newfoundland and Labrador,"data.Sexual assault, level 2, weapon or bodily harm [1320]",10,0.57
2020,data.Newfoundland and Labrador,"data.Sexual assault, level 1 [1330]",10,78.58
2020,data.Newfoundland and Labrador,data.Total sexual violations against children [130],10,29.99
2020,data.Newfoundland and Labrador,"data.Assault, level 3, aggravated [1410]",10,7.59
2020,data.Newfoundland and Labrador,"data.Assault, level 2, weapon or bodily harm [1420]",10,153.92
2020,data.Newfoundland and Labrador,"data.Assault, level 1 [1430]",10,676.43
2020,data.Newfoundland and Labrador,data.Total robbery [160],10,24.1
2020,data.Newfoundland and Labrador,data.Uttering threats [1627],10,424.76
2020,data.Newfoundland and Labrador,data.Total other violent violations [180],10,18.41
2020,data.Prince Edward Island,data.Total violent Criminal Code violations [100],11,1274.55
2020,data.Prince Edward Island,data.Homicide [110],11,0.63
2020,data.Prince Edward Island,data.Total other violations causing death [120],11,0.0
2020,data.Prince Edward Island,data.Attempted murder [1210],11,0.0
2020,data.Prince Edward Island,"data.Sexual assault, level 3, aggravated [1310]",11,0.63
2020,data.Prince Edward Island,"data.Sexual assault, level 2, weapon or bodily harm [1320]",11,0.63
2020,data.Prince Edward Island,"data.Sexual assault, level 1 [1330]",11,74.75
2020,data.Prince Edward Island,data.Total sexual violations against children [130],11,27.64
2020,data.Prince Edward Island,"data.Assault, level 3, aggravated [1410]",11,3.14
2020,data.Prince Edward Island,"data.Assault, level 2, weapon or bodily harm [1420]",11,70.35
2020,data.Prince Edward Island,"data.Assault, level 1 [1430]",11,408.94
2020,data.Prince Edward Island,data.Total robbery [160],11,5.03
2020,data.Prince Edward Island,data.Uttering threats [1627],11,309.69
2020,data.Prince Edward Island,data.Total other violent violations [180],11,24.5
2020,data.Nova Scotia,data.Total violent Criminal Code violations [100],12,1501.06
2020,data.Nova Scotia,data.Homicide [110],12,3.74
2020,data.Nova Scotia,data.Total other violations causing death [120],12,0.2
2020,data.Nova Scotia,data.Attempted murder [1210],12,4.85
2020,data.Nova Scotia,"data.Sexual assault, level 3, aggravated [1310]",12,0.91
2020,data.Nova Scotia,"data.Sexual assault, level 2, weapon or bodily harm [1320]",12,1.31
2020,data.Nova Scotia,"data.Sexual assault, level 1 [1330]",12,85.83
2020,data.Nova Scotia,data.Total sexual violations against children [130],12,32.96
2020,data.Nova Scotia,"data.Assault, level 3, aggravated [1410]",12,7.08
2020,data.Nova Scotia,"data.Assault, level 2, weapon or bodily harm [1420]",12,144.06
2020,data.Nova Scotia,"data.Assault, level 1 [1430]",12,518.62
2020,data.Nova Scotia,data.Total robbery [160],12,26.89
2020,data.Nova Scotia,data.Uttering threats [1627],12,360.61
2020,data.Nova Scotia,data.Total other violent violations [180],12,31.84
2020,data.New Brunswick,data.Total violent Criminal Code violations [100],13,1634.09
2020,data.New Brunswick,data.Homicide [110],13,1.79
2020,data.New Brunswick,data.Total other violations causing death [120],13,0.51
2020,data.New Brunswick,data.Attempted murder [1210],13,1.15
2020,data.New Brunswick,"data.Sexual assault, level 3, aggravated [1310]",13,0.38
2020,data.New Brunswick,"data.Sexual assault, level 2, weapon or bodily harm [1320]",13,1.02
2020,data.New Brunswick,"data.Sexual assault, level 1 [1330]",13,76.46
2020,data.New Brunswick,data.Total sexual violations against children [130],13,27.7
2020,data.New Brunswick,"data.Assault, level 3, aggravated [1410]",13,9.19
2020,data.New Brunswick,"data.Assault, level 2, weapon or bodily harm [1420]",13,151.77
2020,data.New Brunswick,"data.Assault, level 1 [1430]",13,640.39
2020,data.New Brunswick,data.Total robbery [160],13,18.64
2020,data.New Brunswick,data.Uttering threats [1627],13,369.78
2020,data.New Brunswick,data.Total other violent violations [180],13,21.95
2020,data.Quebec,data.Total violent Criminal Code violations [100],24,1120.69
2020,data.Quebec,data.Homicide [110],24,1.02
2020,data.Quebec,data.Total other violations causing death [120],24,0.54
2020,data.Quebec,data.Attempted murder [1210],24,2.63
2020,data.Quebec,"data.Sexual assault, level 3, aggravated [1310]",24,0.41
2020,data.Quebec,"data.Sexual assault, level 2, weapon or bodily harm [1320]",24,1.4
2020,data.Quebec,"data.Sexual assault, level 1 [1330]",24,69.16
2020,data.Quebec,data.Total sexual violations against children [130],24,35.77
2020,data.Quebec,"data.Assault, level 3, aggravated [1410]",24,3.06
2020,data.Quebec,"data.Assault, level 2, weapon or bodily harm [1420]",24,138.49
2020,data.Quebec,"data.Assault, level 1 [1430]",24,413.78
2020,data.Quebec,data.Total robbery [160],24,32.51
2020,data.Quebec,data.Uttering threats [1627],24,217.39
2020,data.Quebec,data.Total other violent violations [180],24,29.61
2020,data.Ontario,data.Total violent Criminal Code violations [100],35,898.54
2020,data.Ontario,data.Homicide [110],35,1.63
2020,data.Ontario,data.Total other violations causing death [120],35,0.18
2020,data.Ontario,data.Attempted murder [1210],35,2.23
2020,data.Ontario,"data.Sexual assault, level 3, aggravated [1310]",35,0.2
2020,data.Ontario,"data.Sexual assault, level 2, weapon or bodily harm [1320]",35,1.69
2020,data.Ontario,"data.Sexual assault, level 1 [1330]",35,63.02
2020,data.Ontario,data.Total sexual violations against children [130],35,16.75
2020,data.Ontario,"data.Assault, level 3, aggravated [1410]",35,7.07
2020,data.Ontario,"data.Assault, level 2, weapon or bodily harm [1420]",35,117.38
2020,data.Ontario,"data.Assault, level 1 [1430]",35,328.99
2020,data.Ontario,data.Total robbery [160],35,48.1
2020,data.Ontario,data.Uttering threats [1627],35,139.92
2020,data.Ontario,data.Total other violent violations [180],35,13.7
2020,data.Manitoba,data.Total violent Criminal Code violations [100],46,2113.13
2020,data.Manitoba,data.Homicide [110],46,4.49
2020,data.Manitoba,data.Total other violations causing death [120],46,0.29
2020,data.Manitoba,data.Attempted murder [1210],46,1.45
2020,data.Manitoba,"data.Sexual assault, level 3, aggravated [1310]",46,0.36
2020,data.Manitoba,"data.Sexual assault, level 2, weapon or bodily harm [1320]",46,3.04
2020,data.Manitoba,"data.Sexual assault, level 1 [1330]",46,114.19
2020,data.Manitoba,data.Total sexual violations against children [130],46,53.55
2020,data.Manitoba,"data.Assault, level 3, aggravated [1410]",46,35.43
2020,data.Manitoba,"data.Assault, level 2, weapon or bodily harm [1420]",46,419.6
2020,data.Manitoba,"data.Assault, level 1 [1430]",46,860.42
2020,data.Manitoba,data.Total robbery [160],46,162.74
2020,data.Manitoba,data.Uttering threats [1627],46,267.87
2020,data.Manitoba,data.Total other violent violations [180],46,18.98
2020,data.Saskatchewan,data.Total violent Criminal Code violations [100],47,2400.41
2020,data.Saskatchewan,data.Homicide [110],47,5.48
2020,data.Saskatchewan,data.Total other violations causing death [120],47,0.26
2020,data.Saskatchewan,data.Attempted murder [1210],47,4.11
2020,data.Saskatchewan,"data.Sexual assault, level 3, aggravated [1310]",47,0.94
2020,data.Saskatchewan,"data.Sexual assault, level 2, weapon or bodily harm [1320]",47,1.88
2020,data.Saskatchewan,"data.Sexual assault, level 1 [1330]",47,112.82
2020,data.Saskatchewan,data.Total sexual violations against children [130],47,50.88
2020,data.Saskatchewan,"data.Assault, level 3, aggravated [1410]",47,41.89
2020,data.Saskatchewan,"data.Assault, level 2, weapon or bodily harm [1420]",47,431.91
2020,data.Saskatchewan,"data.Assault, level 1 [1430]",47,955.98
2020,data.Saskatchewan,data.Total robbery [160],47,81.21
2020,data.Saskatchewan,data.Uttering threats [1627],47,350.78
2020,data.Saskatchewan,data.Total other violent violations [180],47,27.67
2020,data.Alberta,data.Total violent Criminal Code violations [100],48,1455.13
2020,data.Alberta,data.Homicide [110],48,3.2
2020,data.Alberta,data.Total other violations causing death [120],48,0.25
2020,data.Alberta,data.Attempted murder [1210],48,1.41
2020,data.Alberta,"data.Sexual assault, level 3, aggravated [1310]",48,0.57
2020,data.Alberta,"data.Sexual assault, level 2, weapon or bodily harm [1320]",48,2.34
2020,data.Alberta,"data.Sexual assault, level 1 [1330]",48,79.77
2020,data.Alberta,data.Total sexual violations against children [130],48,33.01
2020,data.Alberta,"data.Assault, level 3, aggravated [1410]",48,20.85
2020,data.Alberta,"data.Assault, level 2, weapon or bodily harm [1420]",48,237.46
2020,data.Alberta,"data.Assault, level 1 [1430]",48,528.17
2020,data.Alberta,data.Total robbery [160],48,66.93
2020,data.Alberta,data.Uttering threats [1627],48,219.06
2020,data.Alberta,data.Total other violent violations [180],48,18.54
2020,data.British Columbia,data.Total violent Criminal Code violations [100],59,1551.32
2020,data.British Columbia,data.Homicide [110],59,1.93
2020,data.British Columbia,data.Total other violations causing death [120],59,0.41
2020,data.British Columbia,data.Attempted murder [1210],59,1.91
2020,data.British Columbia,"data.Sexual assault, level 3, aggravated [1310]",59,0.35
2020,data.British Columbia,"data.Sexual assault, level 2, weapon or bodily harm [1320]",59,0.97
2020,data.British Columbia,"data.Sexual assault, level 1 [1330]",59,73.84
2020,data.British Columbia,data.Total sexual violations against children [130],59,27.57
2020,data.British Columbia,"data.Assault, level 3, aggravated [1410]",59,6.61
2020,data.British Columbia,"data.Assault, level 2, weapon or bodily harm [1420]",59,194.63
2020,data.British Columbia,"data.Assault, level 1 [1430]",59,541.62
2020,data.British Columbia,data.Total robbery [160],59,52.3
2020,data.British Columbia,data.Uttering threats [1627],59,324.68
2020,data.British Columbia,data.Total other violent violations [180],59,14.99
2020,data.Yukon,data.Total violent Criminal Code violations [100],60,5136.09
2020,data.Yukon,data.Homicide [110],60,0.0
2020,data.Yukon,data.Total other violations causing death [120],60,0.0
2020,data.Yukon,data.Attempted murder [1210],60,7.15
2020,data.Yukon,"data.Sexual assault, level 3, aggravated [1310]",60,7.15
2020,data.Yukon,"data.Sexual assault, level 2, weapon or bodily harm [1320]",60,2.38
2020,data.Yukon,"data.Sexual assault, level 1 [1330]",60,278.85
2020,data.Yukon,data.Total sexual violations against children [130],60,71.5
2020,data.Yukon,"data.Assault, level 3, aggravated [1410]",60,69.12
2020,data.Yukon,"data.Assault, level 2, weapon or bodily harm [1420]",60,455.22
2020,data.Yukon,"data.Assault, level 1 [1430]",60,2461.99
2020,data.Yukon,data.Total robbery [160],60,54.82
2020,data.Yukon,data.Uttering threats [1627],60,903.28
2020,data.Yukon,data.Total other violent violations [180],60,69.12
2020,data.Northwest Territories,data.Total violent Criminal Code violations [100],61,11792.2
2020,data.Northwest Territories,data.Homicide [110],61,13.48
2020,data.Northwest Territories,data.Total other violations causing death [120],61,0.0
2020,data.Northwest Territories,data.Attempted murder [1210],61,2.25
2020,data.Northwest Territories,"data.Sexual assault, level 3, aggravated [1310]",61,0.0
2020,data.Northwest Territories,"data.Sexual assault, level 2, weapon or bodily harm [1320]",61,6.74
2020,data.Northwest Territories,"data.Sexual assault, level 1 [1330]",61,550.51
2020,data.Northwest Territories,data.Total sexual violations against children [130],61,123.58
2020,data.Northwest Territories,"data.Assault, level 3, aggravated [1410]",61,89.88
2020,data.Northwest Territories,"data.Assault, level 2, weapon or bodily harm [1420]",61,1292.02
2020,data.Northwest Territories,"data.Assault, level 1 [1430]",61,6307.3
2020,data.Northwest Territories,data.Total robbery [160],61,76.4
2020,data.Northwest Territories,data.Uttering threats [1627],61,1999.82
2020,data.Northwest Territories,data.Total other violent violations [180],61,83.14
2020,data.Nunavut,data.Total violent Criminal Code violations [100],62,12191.29
2020,data.Nunavut,data.Homicide [110],62,7.6
2020,data.Nunavut,data.Total other violations causing death [120],62,0.0
2020,data.Nunavut,data.Attempted murder [1210],62,15.2
2020,data.Nunavut,"data.Sexual assault, level 3, aggravated [1310]",62,2.53
2020,data.Nunavut,"data.Sexual assault, level 2, weapon or bodily harm [1320]",62,15.2
2020,data.Nunavut,"data.Sexual assault, level 1 [1330]",62,633.25
2020,data.Nunavut,data.Total sexual violations against children [130],62,400.21
2020,data.Nunavut,"data.Assault, level 3, aggravated [1410]",62,192.51
2020,data.Nunavut,"data.Assault, level 2, weapon or bodily harm [1420]",62,1636.31
2020,data.Nunavut,"data.Assault, level 1 [1430]",62,5985.46
2020,data.Nunavut,data.Total robbery [160],62,30.4
2020,data.Nunavut,data.Uttering threats [1627],62,2036.53
2020,data.Nunavut,data.Total other violent violations [180],62,83.59
2021,data.Canada,data.Homicide [110],,2.08
2021,data.Canada,data.Total other violations causing death [120],,0.28
2021,data.Canada,data.Attempted murder [1210],,1.96
2021,data.Canada,"data.Sexual assault, level 3, aggravated [1310]",,0.33
2021,data.Canada,"data.Sexual assault, level 2, weapon or bodily harm [1320]",,1.61
2021,data.Canada,"data.Sexual assault, level 1 [1330]",,87.97
2021,data.Canada,data.Total sexual violations against children [130],,33.57
2021,data.Canada,"data.Assault, level 3, aggravated [1410]",,10.36
2021,data.Canada,"data.Assault, level 2, weapon or bodily harm [1420]",,186.39
2021,data.Canada,"data.Assault, level 1 [1430]",,484.31
2021,data.Canada,data.Total robbery [160],,48.69
2021,data.Canada,data.Uttering threats [1627],,229.6
2021,data.Canada,data.Total other violent violations [180],,20.39
2021,data.Newfoundland and Labrador,data.Total violent Criminal Code violations [100],10,1805.31
2021,data.Newfoundland and Labrador,data.Homicide [110],10,1.52
2021,data.Newfoundland and Labrador,data.Total other violations causing death [120],10,0.57
2021,data.Newfoundland and Labrador,data.Attempted murder [1210],10,0.19
2021,data.Newfoundland and Labrador,"data.Sexual assault, level 3, aggravated [1310]",10,0.57
2021,data.Newfoundland and Labrador,"data.Sexual assault, level 2, weapon or bodily harm [1320]",10,1.14
2021,data.Newfoundland and Labrador,"data.Sexual assault, level 1 [1330]",10,97.9
2021,data.Newfoundland and Labrador,data.Total sexual violations against children [130],10,46.67
2021,data.Newfoundland and Labrador,"data.Assault, level 3, aggravated [1410]",10,8.92
2021,data.Newfoundland and Labrador,"data.Assault, level 2, weapon or bodily harm [1420]",10,160.89
2021,data.Newfoundland and Labrador,"data.Assault, level 1 [1430]",10,724.4
2021,data.Newfoundland and Labrador,data.Total robbery [160],10,32.25
2021,data.Newfoundland and Labrador,data.Uttering threats [1627],10,428.04
2021,data.Newfoundland and Labrador,data.Total other violent violations [180],10,20.3
2021,data.Prince Edward Island,data.Total violent Criminal Code violations [100],11,1263.16
2021,data.Prince Edward Island,data.Homicide [110],11,0.62
2021,data.Prince Edward Island,data.Total other violations causing death [120],11,0.62
2021,data.Prince Edward Island,data.Attempted murder [1210],11,0.62
2021,data.Prince Edward Island,"data.Sexual assault, level 3, aggravated [1310]",11,0.0
2021,data.Prince Edward Island,"data.Sexual assault, level 2, weapon or bodily harm [1320]",11,0.62
2021,data.Prince Edward Island,"data.Sexual assault, level 1 [1330]",11,92.52
2021,data.Prince Edward Island,data.Total sexual violations against children [130],11,33.92
2021,data.Prince Edward Island,"data.Assault, level 3, aggravated [1410]",11,3.7
2021,data.Prince Edward Island,"data.Assault, level 2, weapon or bodily harm [1420]",11,78.33
2021,data.Prince Edward Island,"data.Assault, level 1 [1430]",11,411.39
2021,data.Prince Edward Island,data.Total robbery [160],11,10.49
2021,data.Prince Edward Island,data.Uttering threats [1627],11,240.54
2021,data.Prince Edward Island,data.Total other violent violations [180],11,22.82
2021,data.Nova Scotia,data.Total violent Criminal Code violations [100],12,1504.24
2021,data.Nova Scotia,data.Homicide [110],12,2.3
2021,data.Nova Scotia,data.Total other violations causing death [120],12,0.0
2021,data.Nova Scotia,data.Attempted murder [1210],12,4.8
2021,data.Nova Scotia,"data.Sexual assault, level 3, aggravated [1310]",12,0.4
2021,data.Nova Scotia,"data.Sexual assault, level 2, weapon or bodily harm [1320]",12,1.9
2021,data.Nova Scotia,"data.Sexual assault, level 1 [1330]",12,90.51
2021,data.Nova Scotia,data.Total sexual violations against children [130],12,38.1
2021,data.Nova Scotia,"data.Assault, level 3, aggravated [1410]",12,7.7
2021,data.Nova Scotia,"data.Assault, level 2, weapon or bodily harm [1420]",12,155.61
2021,data.Nova Scotia,"data.Assault, level 1 [1430]",12,500.95
2021,data.Nova Scotia,data.Total robbery [160],12,29.5
2021,data.Nova Scotia,data.Uttering threats [1627],12,333.13
2021,data.Nova Scotia,data.Total other violent violations [180],12,28.6
2021,data.New Brunswick,data.Total violent Criminal Code violations [100],13,1740.89
2021,data.New Brunswick,data.Homicide [110],13,1.39
2021,data.New Brunswick,data.Total other violations causing death [120],13,0.25
2021,data.New Brunswick,data.Attempted murder [1210],13,1.9
2021,data.New Brunswick,"data.Sexual assault, level 3, aggravated [1310]",13,0.13
2021,data.New Brunswick,"data.Sexual assault, level 2, weapon or bodily harm [1320]",13,1.64
2021,data.New Brunswick,"data.Sexual assault, level 1 [1330]",13,93.07
2021,data.New Brunswick,data.Total sexual violations against children [130],13,35.03
2021,data.New Brunswick,"data.Assault, level 3, aggravated [1410]",13,7.84
2021,data.New Brunswick,"data.Assault, level 2, weapon or bodily harm [1420]",13,166.67
2021,data.New Brunswick,"data.Assault, level 1 [1430]",13,643.52
2021,data.New Brunswick,data.Total robbery [160],13,15.43
2021,data.New Brunswick,data.Uttering threats [1627],13,391.25
2021,data.New Brunswick,data.Total other violent violations [180],13,22.64
2021,data.Quebec,data.Total violent Criminal Code violations [100],24,1230.54
2021,data.Quebec,data.Homicide [110],24,1.05
2021,data.Quebec,data.Total other violations causing death [120],24,0.45
2021,data.Quebec,data.Attempted murder [1210],24,2.33
2021,data.Quebec,"data.Sexual assault, level 3, aggravated [1310]",24,0.36
2021,data.Quebec,"data.Sexual assault, level 2, weapon or bodily harm [1320]",24,1.18
2021,data.Quebec,"data.Sexual assault, level 1 [1330]",24,88.49
2021,data.Quebec,data.Total sexual violations against children [130],24,44.39
2021,data.Quebec,"data.Assault, level 3, aggravated [1410]",24,3.95
2021,data.Quebec,"data.Assault, level 2, weapon or bodily harm [1420]",24,153.42
2021,data.Quebec,"data.Assault, level 1 [1430]",24,448.72
2021,data.Quebec,data.Total robbery [160],24,31.5
2021,data.Quebec,data.Uttering threats [1627],24,228.67
2021,data.Quebec,data.Total other violent violations [180],24,32.45
2021,data.Ontario,data.Total violent Criminal Code violations [100],35,952.12
2021,data.Ontario,data.Homicide [110],35,1.89
2021,data.Ontario,data.Total other violations causing death [120],35,0.2
2021,data.Ontario,data.Attempted murder [1210],35,2.03
2021,data.Ontario,"data.Sexual assault, level 3, aggravated [1310]",35,0.24
2021,data.Ontario,"data.Sexual assault, level 2, weapon or bodily harm [1320]",35,1.64
2021,data.Ontario,"data.Sexual assault, level 1 [1330]",35,74.27
2021,data.Ontario,data.Total sexual violations against children [130],35,18.97
2021,data.Ontario,"data.Assault, level 3, aggravated [1410]",35,7.13
2021,data.Ontario,"data.Assault, level 2, weapon or bodily harm [1420]",35,128.22
2021,data.Ontario,"data.Assault, level 1 [1430]",35,341.65
2021,data.Ontario,data.Total robbery [160],35,43.4
2021,data.Ontario,data.Uttering threats [1627],35,150.29
2021,data.Ontario,data.Total other violent violations [180],35,13.11
2021,data.Manitoba,data.Total violent Criminal Code violations [100],46,2278.5
2021,data.Manitoba,data.Homicide [110],46,4.45
2021,data.Manitoba,data.Total other violations causing death [120],46,0.43
2021,data.Manitoba,data.Attempted murder [1210],46,0.79
2021,data.Manitoba,"data.Sexual assault, level 3, aggravated [1310]",46,0.65
2021,data.Manitoba,"data.Sexual assault, level 2, weapon or bodily harm [1320]",46,3.02
2021,data.Manitoba,"data.Sexual assault, level 1 [1330]",46,124.0
2021,data.Manitoba,data.Total sexual violations against children [130],46,56.47
2021,data.Manitoba,"data.Assault, level 3, aggravated [1410]",46,36.78
2021,data.Manitoba,"data.Assault, level 2, weapon or bodily harm [1420]",46,487.74
2021,data.Manitoba,"data.Assault, level 1 [1430]",46,891.64
2021,data.Manitoba,data.Total robbery [160],46,162.94
2021,data.Manitoba,data.Uttering threats [1627],46,307.63
2021,data.Manitoba,data.Total other violent violations [180],46,20.91
2021,data.Saskatchewan,data.Total violent Criminal Code violations [100],47,2447.01
2021,data.Saskatchewan,data.Homicide [110],47,5.99
2021,data.Saskatchewan,data.Total other violations causing death [120],47,0.26
2021,data.Saskatchewan,data.Attempted murder [1210],47,3.94
2021,data.Saskatchewan,"data.Sexual assault, level 3, aggravated [1310]",47,1.03
2021,data.Saskatchewan,"data.Sexual assault, level 2, weapon or bodily harm [1320]",47,1.8
2021,data.Saskatchewan,"data.Sexual assault, level 1 [1330]",47,124.09
2021,data.Saskatchewan,data.Total sexual violations against children [130],47,59.52
2021,data.Saskatchewan,"data.Assault, level 3, aggravated [1410]",47,44.53
2021,data.Saskatchewan,"data.Assault, level 2, weapon or bodily harm [1420]",47,447.8
2021,data.Saskatchewan,"data.Assault, level 1 [1430]",47,942.27
2021,data.Saskatchewan,data.Total robbery [160],47,78.62
2021,data.Saskatchewan,data.Uttering threats [1627],47,342.46
2021,data.Saskatchewan,data.Total other violent violations [180],47,29.89
2021,data.Alberta,data.Total violent Criminal Code violations [100],48,1519.34
2021,data.Alberta,data.Homicide [110],48,2.66
2021,data.Alberta,data.Total other violations causing death [120],48,0.18
2021,data.Alberta,data.Attempted murder [1210],48,1.06
2021,data.Alberta,"data.Sexual assault, level 3, aggravated [1310]",48,0.47
2021,data.Alberta,"data.Sexual assault, level 2, weapon or bodily harm [1320]",48,2.37
2021,data.Alberta,"data.Sexual assault, level 1 [1330]",48,98.61
2021,data.Alberta,data.Total sexual violations against children [130],48,43.01
2021,data.Alberta,"data.Assault, level 3, aggravated [1410]",48,19.59
2021,data.Alberta,"data.Assault, level 2, weapon or bodily harm [1420]",48,251.49
2021,data.Alberta,"data.Assault, level 1 [1430]",48,537.31
2021,data.Alberta,data.Total robbery [160],48,64.94
2021,data.Alberta,data.Uttering threats [1627],48,218.3
2021,data.Alberta,data.Total other violent violations [180],48,21.01
2021,data.British Columbia,data.Total violent Criminal Code violations [100],59,1555.73
2021,data.British Columbia,data.Homicide [110],59,2.39
2021,data.British Columbia,data.Total other violations causing death [120],59,0.27
2021,data.British Columbia,data.Attempted murder [1210],59,1.28
2021,data.British Columbia,"data.Sexual assault, level 3, aggravated [1310]",59,0.13
2021,data.British Columbia,"data.Sexual assault, level 2, weapon or bodily harm [1320]",59,1.07
2021,data.British Columbia,"data.Sexual assault, level 1 [1330]",59,85.03
2021,data.British Columbia,data.Total sexual violations against children [130],59,30.61
2021,data.British Columbia,"data.Assault, level 3, aggravated [1410]",59,6.91
2021,data.British Columbia,"data.Assault, level 2, weapon or bodily harm [1420]",59,203.25
2021,data.British Columbia,"data.Assault, level 1 [1430]",59,531.12
2021,data.British Columbia,data.Total robbery [160],59,52.48
2021,data.British Columbia,data.Uttering threats [1627],59,319.42
2021,data.British Columbia,data.Total other violent violations [180],59,14.83
2021,data.Yukon,data.Total violent Criminal Code violations [100],60,5111.61
2021,data.Yukon,data.Homicide [110],60,9.31
2021,data.Yukon,data.Total other violations causing death [120],60,0.0
2021,data.Yukon,data.Attempted murder [1210],60,2.33
2021,data.Yukon,"data.Sexual assault, level 3, aggravated [1310]",60,0.0
2021,data.Yukon,"data.Sexual assault, level 2, weapon or bodily harm [1320]",60,4.66
2021,data.Yukon,"data.Sexual assault, level 1 [1330]",60,281.65
2021,data.Yukon,data.Total sexual violations against children [130],60,90.78
2021,data.Yukon,"data.Assault, level 3, aggravated [1410]",60,60.52
2021,data.Yukon,"data.Assault, level 2, weapon or bodily harm [1420]",60,521.4
2021,data.Yukon,"data.Assault, level 1 [1430]",60,2281.14
2021,data.Yukon,data.Total robbery [160],60,44.23
2021,data.Yukon,data.Uttering threats [1627],60,965.99
2021,data.Yukon,data.Total other violent violations [180],60,44.23
2021,data.Northwest Territories,data.Total violent Criminal Code violations [100],61,12373.54
2021,data.Northwest Territories,data.Homicide [110],61,2.24
2021,data.Northwest Territories,data.Total other violations causing death [120],61,0.0
2021,data.Northwest Territories,data.Attempted murder [1210],61,6.73
2021,data.Northwest Territories,"data.Sexual assault, level 3, aggravated [1310]",61,0.0
2021,data.Northwest Territories,"data.Sexual assault, level 2, weapon or bodily harm [1320]",61,8.97
2021,data.Northwest Territories,"data.Sexual assault, level 1 [1330]",61,513.69
2021,data.Northwest Territories,data.Total sexual violations against children [130],61,136.84
2021,data.Northwest Territories,"data.Assault, level 3, aggravated [1410]",61,80.76
2021,data.Northwest Territories,"data.Assault, level 2, weapon or bodily harm [1420]",61,1363.87
2021,data.Northwest Territories,"data.Assault, level 1 [1430]",61,6814.87
2021,data.Northwest Territories,data.Total robbery [160],61,67.3
2021,data.Northwest Territories,data.Uttering threats [1627],61,2059.27
2021,data.Northwest Territories,data.Total other violent violations [180],61,89.73
2021,data.Nunavut,data.Total violent Criminal Code violations [100],62,11879.46
2021,data.Nunavut,data.Homicide [110],62,4.99
2021,data.Nunavut,data.Total other violations causing death [120],62,0.0
2021,data.Nunavut,data.Attempted murder [1210],62,14.97
2021,data.Nunavut,"data.Sexual assault, level 3, aggravated [1310]",62,2.49
2021,data.Nunavut,"data.Sexual assault, level 2, weapon or bodily harm [1320]",62,7.48
2021,data.Nunavut,"data.Sexual assault, level 1 [1330]",62,558.8
2021,data.Nunavut,data.Total sexual violations against children [130],62,399.14
2021,data.Nunavut,"data.Assault, level 3, aggravated [1410]",62,107.27
2021,data.Nunavut,"data.Assault, level 2, weapon or bodily harm [1420]",62,1534.2
2021,data.Nunavut,"data.Assault, level 1 [1430]",62,5837.45
2021,data.Nunavut,data.Total robbery [160],62,39.91
2021,data.Nunavut,data.Uttering threats [1627],62,1933.34
2021,data.Nunavut,data.Total other violent violations [180],62,104.77
2022,data.Canada,data.Homicide [110],,2.26
2022,data.Canada,data.Total other violations causing death [120],,0.28
2022,data.Canada,data.Attempted murder [1210],,2.18
2022,data.Canada,"data.Sexual assault, level 3, aggravated [1310]",,0.31
2022,data.Canada,"data.Sexual assault, level 2, weapon or bodily harm [1320]",,1.69
2022,data.Canada,"data.Sexual assault, level 1 [1330]",,91.1
2022,data.Canada,data.Total sexual violations against children [130],,31.73
2022,data.Canada,"data.Assault, level 3, aggravated [1410]",,10.83
2022,data.Canada,"data.Assault, level 2, weapon or bodily harm [1420]",,198.17
2022,data.Canada,"data.Assault, level 1 [1430]",,505.75
2022,data.Canada,data.Total robbery [160],,56.43
2022,data.Canada,data.Uttering threats [1627],,225.34
2022,data.Canada,data.Total other violent violations [180],,20.89
2022,data.Newfoundland and Labrador,data.Total violent Criminal Code violations [100],10,1795.93
2022,data.Newfoundland and Labrador,data.Homicide [110],10,0.56
2022,data.Newfoundland and Labrador,data.Total other violations causing death [120],10,0.38
2022,data.Newfoundland and Labrador,data.Attempted murder [1210],10,0.94
2022,data.Newfoundland and Labrador,"data.Sexual assault, level 3, aggravated [1310]",10,0.0
2022,data.Newfoundland and Labrador,"data.Sexual assault, level 2, weapon or bodily harm [1320]",10,1.13
2022,data.Newfoundland and Labrador,"data.Sexual assault, level 1 [1330]",10,102.78
2022,data.Newfoundland and Labrador,data.Total sexual violations against children [130],10,37.83
2022,data.Newfoundland and Labrador,"data.Assault, level 3, aggravated [1410]",10,11.67
2022,data.Newfoundland and Labrador,"data.Assault, level 2, weapon or bodily harm [1420]",10,165.46
2022,data.Newfoundland and Labrador,"data.Assault, level 1 [1430]",10,696.27
2022,data.Newfoundland and Labrador,data.Total robbery [160],10,46.68
2022,data.Newfoundland and Labrador,data.Uttering threats [1627],10,424.28
2022,data.Newfoundland and Labrador,data.Total other violent violations [180],10,27.86
2022,data.Prince Edward Island,data.Total violent Criminal Code violations [100],11,1382.18
2022,data.Prince Edward Island,data.Homicide [110],11,0.0
2022,data.Prince Edward Island,data.Total other violations causing death [120],11,1.79
2022,data.Prince Edward Island,data.Attempted murder [1210],11,0.6
2022,data.Prince Edward Island,"data.Sexual assault, level 3, aggravated [1310]",11,0.0
2022,data.Prince Edward Island,"data.Sexual assault, level 2, weapon or bodily harm [1320]",11,1.79
2022,data.Prince Edward Island,"data.Sexual assault, level 1 [1330]",11,111.24
2022,data.Prince Edward Island,data.Total sexual violations against children [130],11,29.31
2022,data.Prince Edward Island,"data.Assault, level 3, aggravated [1410]",11,2.99
2022,data.Prince Edward Island,"data.Assault, level 2, weapon or bodily harm [1420]",11,84.33
2022,data.Prince Edward Island,"data.Assault, level 1 [1430]",11,431.22
2022,data.Prince Edward Island,data.Total robbery [160],11,4.78
2022,data.Prince Edward Island,data.Uttering threats [1627],11,263.76
2022,data.Prince Edward Island,data.Total other violent violations [180],11,25.12
2022,data.Nova Scotia,data.Total violent Criminal Code violations [100],12,1596.04
2022,data.Nova Scotia,data.Homicide [110],12,1.86
2022,data.Nova Scotia,data.Total other violations causing death [120],12,0.2
2022,data.Nova Scotia,data.Attempted murder [1210],12,4.39
2022,data.Nova Scotia,"data.Sexual assault, level 3, aggravated [1310]",12,0.39
2022,data.Nova Scotia,"data.Sexual assault, level 2, weapon or bodily harm [1320]",12,1.37
2022,data.Nova Scotia,"data.Sexual assault, level 1 [1330]",12,91.11
2022,data.Nova Scotia,data.Total sexual violations against children [130],12,32.71
2022,data.Nova Scotia,"data.Assault, level 3, aggravated [1410]",12,10.06
2022,data.Nova Scotia,"data.Assault, level 2, weapon or bodily harm [1420]",12,167.57
2022,data.Nova Scotia,"data.Assault, level 1 [1430]",12,537.29
2022,data.Nova Scotia,data.Total robbery [160],12,43.36
2022,data.Nova Scotia,data.Uttering threats [1627],12,356.24
2022,data.Nova Scotia,data.Total other violent violations [180],12,29.98
2022,data.New Brunswick,data.Total violent Criminal Code violations [100],13,1763.2
2022,data.New Brunswick,data.Homicide [110],13,1.85
2022,data.New Brunswick,data.Total other violations causing death [120],13,1.24
2022,data.New Brunswick,data.Attempted murder [1210],13,1.98
2022,data.New Brunswick,"data.Sexual assault, level 3, aggravated [1310]",13,0.49
2022,data.New Brunswick,"data.Sexual assault, level 2, weapon or bodily harm [1320]",13,0.87
2022,data.New Brunswick,"data.Sexual assault, level 1 [1330]",13,101.75
2022,data.New Brunswick,data.Total sexual violations against children [130],13,31.9
2022,data.New Brunswick,"data.Assault, level 3, aggravated [1410]",13,9.27
2022,data.New Brunswick,"data.Assault, level 2, weapon or bodily harm [1420]",13,194.59
2022,data.New Brunswick,"data.Assault, level 1 [1430]",13,649.8
2022,data.New Brunswick,data.Total robbery [160],13,23.98
2022,data.New Brunswick,data.Uttering threats [1627],13,372.87
2022,data.New Brunswick,data.Total other violent violations [180],13,23.49
2022,data.Quebec,data.Total violent Criminal Code violations [100],24,1281.23
2022,data.Quebec,data.Homicide [110],24,1.28
2022,data.Quebec,data.Total other violations causing death [120],24,0.4
2022,data.Quebec,data.Attempted murder [1210],24,2.31
2022,data.Quebec,"data.Sexual assault, level 3, aggravated [1310]",24,0.35
2022,data.Quebec,"data.Sexual assault, level 2, weapon or bodily harm [1320]",24,1.35
2022,data.Quebec,"data.Sexual assault, level 1 [1330]",24,90.99
2022,data.Quebec,data.Total sexual violations against children [130],24,44.84
2022,data.Quebec,"data.Assault, level 3, aggravated [1410]",24,4.04
2022,data.Quebec,"data.Assault, level 2, weapon or bodily harm [1420]",24,164.87
2022,data.Quebec,"data.Assault, level 1 [1430]",24,474.89
2022,data.Quebec,data.Total robbery [160],24,37.43
2022,data.Quebec,data.Uttering threats [1627],24,228.07
2022,data.Quebec,data.Total other violent violations [180],24,31.73
2022,data.Ontario,data.Total violent Criminal Code violations [100],35,1000.37
2022,data.Ontario,data.Homicide [110],35,1.93
2022,data.Ontario,data.Total other violations causing death [120],35,0.14
2022,data.Ontario,data.Attempted murder [1210],35,2.12
2022,data.Ontario,"data.Sexual assault, level 3, aggravated [1310]",35,0.2
2022,data.Ontario,"data.Sexual assault, level 2, weapon or bodily harm [1320]",35,1.77
2022,data.Ontario,"data.Sexual assault, level 1 [1330]",35,80.75
2022,data.Ontario,data.Total sexual violations against children [130],35,18.45
2022,data.Ontario,"data.Assault, level 3, aggravated [1410]",35,6.71
2022,data.Ontario,"data.Assault, level 2, weapon or bodily harm [1420]",35,140.67
2022,data.Ontario,"data.Assault, level 1 [1430]",35,360.16
2022,data.Ontario,data.Total robbery [160],35,51.79
2022,data.Ontario,data.Uttering threats [1627],35,147.59
2022,data.Ontario,data.Total other violent violations [180],35,14.61
2022,data.Manitoba,data.Total violent Criminal Code violations [100],46,2448.75
2022,data.Manitoba,data.Homicide [110],46,6.3
2022,data.Manitoba,data.Total other violations causing death [120],46,0.71
2022,data.Manitoba,data.Attempted murder [1210],46,1.13
2022,data.Manitoba,"data.Sexual assault, level 3, aggravated [1310]",46,0.42
2022,data.Manitoba,"data.Sexual assault, level 2, weapon or bodily harm [1320]",46,2.62
2022,data.Manitoba,"data.Sexual assault, level 1 [1330]",46,133.85
2022,data.Manitoba,data.Total sexual violations against children [130],46,57.8
2022,data.Manitoba,"data.Assault, level 3, aggravated [1410]",46,45.42
2022,data.Manitoba,"data.Assault, level 2, weapon or bodily harm [1420]",46,528.33
2022,data.Manitoba,"data.Assault, level 1 [1430]",46,944.82
2022,data.Manitoba,data.Total robbery [160],46,196.39
2022,data.Manitoba,data.Uttering threats [1627],46,310.93
2022,data.Manitoba,data.Total other violent violations [180],46,21.44
2022,data.Saskatchewan,data.Total violent Criminal Code violations [100],47,2548.11
2022,data.Saskatchewan,data.Homicide [110],47,6.19
2022,data.Saskatchewan,data.Total other violations causing death [120],47,0.25
2022,data.Saskatchewan,data.Attempted murder [1210],47,4.33
2022,data.Saskatchewan,"data.Sexual assault, level 3, aggravated [1310]",47,1.02
2022,data.Saskatchewan,"data.Sexual assault, level 2, weapon or bodily harm [1320]",47,1.78
2022,data.Saskatchewan,"data.Sexual assault, level 1 [1330]",47,132.68
2022,data.Saskatchewan,data.Total sexual violations against children [130],47,49.71
2022,data.Saskatchewan,"data.Assault, level 3, aggravated [1410]",47,50.05
2022,data.Saskatchewan,"data.Assault, level 2, weapon or bodily harm [1420]",47,468.36
2022,data.Saskatchewan,"data.Assault, level 1 [1430]",47,1004.25
2022,data.Saskatchewan,data.Total robbery [160],47,95.1
2022,data.Saskatchewan,data.Uttering threats [1627],47,331.44
2022,data.Saskatchewan,data.Total other violent violations [180],47,30.03
2022,data.Alberta,data.Total violent Criminal Code violations [100],48,1560.92
2022,data.Alberta,data.Homicide [110],48,2.64
2022,data.Alberta,data.Total other violations causing death [120],48,0.2
2022,data.Alberta,data.Attempted murder [1210],48,1.26
2022,data.Alberta,"data.Sexual assault, level 3, aggravated [1310]",48,0.33
2022,data.Alberta,"data.Sexual assault, level 2, weapon or bodily harm [1320]",48,2.33
2022,data.Alberta,"data.Sexual assault, level 1 [1330]",48,93.87
2022,data.Alberta,data.Total sexual violations against children [130],48,34.7
2022,data.Alberta,"data.Assault, level 3, aggravated [1410]",48,19.59
2022,data.Alberta,"data.Assault, level 2, weapon or bodily harm [1420]",48,255.96
2022,data.Alberta,"data.Assault, level 1 [1430]",48,568.28
2022,data.Alberta,data.Total robbery [160],48,66.83
2022,data.Alberta,data.Uttering threats [1627],48,220.04
2022,data.Alberta,data.Total other violent violations [180],48,20.96
2022,data.British Columbia,data.Total violent Criminal Code violations [100],59,1538.67
2022,data.British Columbia,data.Homicide [110],59,2.89
2022,data.British Columbia,data.Total other violations causing death [120],59,0.22
2022,data.British Columbia,data.Attempted murder [1210],59,2.39
2022,data.British Columbia,"data.Sexual assault, level 3, aggravated [1310]",59,0.26
2022,data.British Columbia,"data.Sexual assault, level 2, weapon or bodily harm [1320]",59,1.31
2022,data.British Columbia,"data.Sexual assault, level 1 [1330]",59,83.94
2022,data.British Columbia,data.Total sexual violations against children [130],59,29.73
2022,data.British Columbia,"data.Assault, level 3, aggravated [1410]",59,6.76
2022,data.British Columbia,"data.Assault, level 2, weapon or bodily harm [1420]",59,205.7
2022,data.British Columbia,"data.Assault, level 1 [1430]",59,530.54
2022,data.British Columbia,data.Total robbery [160],59,55.65
2022,data.British Columbia,data.Uttering threats [1627],59,297.4
2022,data.British Columbia,data.Total other violent violations [180],59,14.28
2022,data.Yukon,data.Total violent Criminal Code violations [100],60,5242.88
2022,data.Yukon,data.Homicide [110],60,4.56
2022,data.Yukon,data.Total other violations causing death [120],60,0.0
2022,data.Yukon,data.Attempted murder [1210],60,6.84
2022,data.Yukon,"data.Sexual assault, level 3, aggravated [1310]",60,2.28
2022,data.Yukon,"data.Sexual assault, level 2, weapon or bodily harm [1320]",60,4.56
2022,data.Yukon,"data.Sexual assault, level 1 [1330]",60,305.45
2022,data.Yukon,data.Total sexual violations against children [130],60,59.27
2022,data.Yukon,"data.Assault, level 3, aggravated [1410]",60,59.27
2022,data.Yukon,"data.Assault, level 2, weapon or bodily harm [1420]",60,631.43
2022,data.Yukon,"data.Assault, level 1 [1430]",60,2313.71
2022,data.Yukon,data.Total robbery [160],60,82.06
2022,data.Yukon,data.Uttering threats [1627],60,948.28
2022,data.Yukon,data.Total other violent violations [180],60,41.03
2022,data.Northwest Territories,data.Total violent Criminal Code violations [100],61,12663.84
2022,data.Northwest Territories,data.Homicide [110],61,6.72
2022,data.Northwest Territories,data.Total other violations causing death [120],61,0.0
2022,data.Northwest Territories,data.Attempted murder [1210],61,2.24
2022,data.Northwest Territories,"data.Sexual assault, level 3, aggravated [1310]",61,2.24
2022,data.Northwest Territories,"data.Sexual assault, level 2, weapon or bodily harm [1320]",61,11.2
2022,data.Northwest Territories,"data.Sexual assault, level 1 [1330]",61,517.58
2022,data.Northwest Territories,data.Total sexual violations against children [130],61,170.29
2022,data.Northwest Territories,"data.Assault, level 3, aggravated [1410]",61,123.23
2022,data.Northwest Territories,"data.Assault, level 2, weapon or bodily harm [1420]",61,1494.48
2022,data.Northwest Territories,"data.Assault, level 1 [1430]",61,6914.48
2022,data.Northwest Territories,data.Total robbery [160],61,120.99
2022,data.Northwest Territories,data.Uttering threats [1627],61,1920.19
2022,data.Northwest Territories,data.Total other violent violations [180],61,98.59
2022,data.Nunavut,data.Total violent Criminal Code violations [100],62,12467.06
2022,data.Nunavut,data.Homicide [110],62,2.46
2022,data.Nunavut,data.Total other violations causing death [120],62,2.46
2022,data.Nunavut,data.Attempted murder [1210],62,14.78
2022,data.Nunavut,"data.Sexual assault, level 3, aggravated [1310]",62,7.39
2022,data.Nunavut,"data.Sexual assault, level 2, weapon or bodily harm [1320]",62,2.46
2022,data.Nunavut,"data.Sexual assault, level 1 [1330]",62,603.4
2022,data.Nunavut,data.Total sexual violations against children [130],62,386.67
2022,data.Nunavut,"data.Assault, level 3, aggravated [1410]",62,108.37
2022,data.Nunavut,"data.Assault, level 2, weapon or bodily harm [1420]",62,1817.6
2022,data.Nunavut,"data.Assault, level 1 [1430]",62,6287.71
2022,data.Nunavut,data.Total robbery [160],62,19.7
2022,data.Nunavut,data.Uttering threats [1627],62,1876.71
2022,data.Nunavut,data.Total other violent violations [180],62,108.37
2023,data.Canada,data.Homicide [110],,1.99
2023,data.Canada,data.Total other violations causing death [120],,0.3
2023,data.Canada,data.Attempted murder [1210],,2.1
2023,data.Canada,"data.Sexual assault, level 3, aggravated [1310]",,0.27
2023,data.Canada,"data.Sexual assault, level 2, weapon or bodily harm [1320]",,1.92
2023,data.Canada,"data.Sexual assault, level 1 [1330]",,90.11
2023,data.Canada,data.Total sexual violations against children [130],,29.85
2023,data.Canada,"data.Assault, level 3, aggravated [1410]",,11.18
2023,data.Canada,"data.Assault, level 2, weapon or bodily harm [1420]",,213.48
2023,data.Canada,"data.Assault, level 1 [1430]",,524.1
2023,data.Canada,data.Total robbery [160],,59.46
2023,data.Canada,data.Uttering threats [1627],,236.29
2023,data.Canada,data.Total other violent violations [180],,24.13
2023,data.Newfoundland and Labrador,data.Total violent Criminal Code violations [100],10,1895.55
2023,data.Newfoundland and Labrador,data.Homicide [110],10,1.48
2023,data.Newfoundland and Labrador,data.Total other violations causing death [120],10,0.0
2023,data.Newfoundland and Labrador,data.Attempted murder [1210],10,1.11
2023,data.Newfoundland and Labrador,"data.Sexual assault, level 3, aggravated [1310]",10,0.0
2023,data.Newfoundland and Labrador,"data.Sexual assault, level 2, weapon or bodily harm [1320]",10,3.16
2023,data.Newfoundland and Labrador,"data.Sexual assault, level 1 [1330]",10,95.03
2023,data.Newfoundland and Labrador,data.Total sexual violations against children [130],10,33.78
2023,data.Newfoundland and Labrador,"data.Assault, level 3, aggravated [1410]",10,11.88
2023,data.Newfoundland and Labrador,"data.Assault, level 2, weapon or bodily harm [1420]",10,197.11
2023,data.Newfoundland and Labrador,"data.Assault, level 1 [1430]",10,718.09
2023,data.Newfoundland and Labrador,data.Total robbery [160],10,34.71
2023,data.Newfoundland and Labrador,data.Uttering threats [1627],10,454.72
2023,data.Newfoundland and Labrador,data.Total other violent violations [180],10,29.88
2023,data.Prince Edward Island,data.Total violent Criminal Code violations [100],11,1631.23
2023,data.Prince Edward Island,data.Homicide [110],11,0.58
2023,data.Prince Edward Island,data.Total other violations causing death [120],11,0.0
2023,data.Prince Edward Island,data.Attempted murder [1210],11,2.88
2023,data.Prince Edward Island,"data.Sexual assault, level 3, aggravated [1310]",11,0.58
2023,data.Prince Edward Island,"data.Sexual assault, level 2, weapon or bodily harm [1320]",11,0.58
2023,data.Prince Edward Island,"data.Sexual assault, level 1 [1330]",11,85.19
2023,data.Prince Edward Island,data.Total sexual violations against children [130],11,39.72
2023,data.Prince Edward Island,"data.Assault, level 3, aggravated [1410]",11,5.76
2023,data.Prince Edward Island,"data.Assault, level 2, weapon or bodily harm [1420]",11,111.66
2023,data.Prince Edward Island,"data.Assault, level 1 [1430]",11,532.42
2023,data.Prince Edward Island,data.Total robbery [160],11,14.97
2023,data.Prince Edward Island,data.Uttering threats [1627],11,330.97
2023,data.Prince Edward Island,data.Total other violent violations [180],11,36.26
2023,data.Nova Scotia,data.Total violent Criminal Code violations [100],12,1628.29
2023,data.Nova Scotia,data.Homicide [110],12,1.33
2023,data.Nova Scotia,data.Total other violations causing death [120],12,0.47
2023,data.Nova Scotia,data.Attempted murder [1210],12,3.13
2023,data.Nova Scotia,"data.Sexual assault, level 3, aggravated [1310]",12,0.76
2023,data.Nova Scotia,"data.Sexual assault, level 2, weapon or bodily harm [1320]",12,2.09
2023,data.Nova Scotia,"data.Sexual assault, level 1 [1330]",12,87.75
2023,data.Nova Scotia,data.Total sexual violations against children [130],12,30.48
2023,data.Nova Scotia,"data.Assault, level 3, aggravated [1410]",12,8.36
2023,data.Nova Scotia,"data.Assault, level 2, weapon or bodily harm [1420]",12,171.22
2023,data.Nova Scotia,"data.Assault, level 1 [1430]",12,548.05
2023,data.Nova Scotia,data.Total robbery [160],12,36.75
2023,data.Nova Scotia,data.Uttering threats [1627],12,364.86
2023,data.Nova Scotia,data.Total other violent violations [180],12,36.66
2023,data.New Brunswick,data.Total violent Criminal Code violations [100],13,1829.02
2023,data.New Brunswick,data.Homicide [110],13,1.08
2023,data.New Brunswick,data.Total other violations causing death [120],13,0.84
2023,data.New Brunswick,data.Attempted murder [1210],13,2.05
2023,data.New Brunswick,"data.Sexual assault, level 3, aggravated [1310]",13,0.0
2023,data.New Brunswick,"data.Sexual assault, level 2, weapon or bodily harm [1320]",13,1.68
2023,data.New Brunswick,"data.Sexual assault, level 1 [1330]",13,102.03
2023,data.New Brunswick,data.Total sexual violations against children [130],13,27.91
2023,data.New Brunswick,"data.Assault, level 3, aggravated [1410]",13,10.35
2023,data.New Brunswick,"data.Assault, level 2, weapon or bodily harm [1420]",13,199.98
2023,data.New Brunswick,"data.Assault, level 1 [1430]",13,651.42
2023,data.New Brunswick,data.Total robbery [160],13,20.82
2023,data.New Brunswick,data.Uttering threats [1627],13,398.87
2023,data.New Brunswick,data.Total other violent violations [180],13,24.91
2023,data.Quebec,data.Total violent Criminal Code violations [100],24,1360.57
2023,data.Quebec,data.Homicide [110],24,1.2
2023,data.Quebec,data.Total other violations causing death [120],24,0.5
2023,data.Quebec,data.Attempted murder [1210],24,2.82
2023,data.Quebec,"data.Sexual assault, level 3, aggravated [1310]",24,0.33
2023,data.Quebec,"data.Sexual assault, level 2, weapon or bodily harm [1320]",24,1.69
2023,data.Quebec,"data.Sexual assault, level 1 [1330]",24,97.28
2023,data.Quebec,data.Total sexual violations against children [130],24,42.26
2023,data.Quebec,"data.Assault, level 3, aggravated [1410]",24,4.13
2023,data.Quebec,"data.Assault, level 2, weapon or bodily harm [1420]",24,184.06
2023,data.Quebec,"data.Assault, level 1 [1430]",24,485.26
2023,data.Quebec,data.Total robbery [160],24,40.54
2023,data.Quebec,data.Uttering threats [1627],24,238.07
2023,data.Quebec,data.Total other violent violations [180],24,33.29
2023,data.Ontario,data.Total violent Criminal Code violations [100],35,1067.71
2023,data.Ontario,data.Homicide [110],35,1.74
2023,data.Ontario,data.Total other violations causing death [120],35,0.19
2023,data.Ontario,data.Attempted murder [1210],35,2.0
2023,data.Ontario,"data.Sexual assault, level 3, aggravated [1310]",35,0.22
2023,data.Ontario,"data.Sexual assault, level 2, weapon or bodily harm [1320]",35,1.84
2023,data.Ontario,"data.Sexual assault, level 1 [1330]",35,78.95
2023,data.Ontario,data.Total sexual violations against children [130],35,17.14
2023,data.Ontario,"data.Assault, level 3, aggravated [1410]",35,7.14
2023,data.Ontario,"data.Assault, level 2, weapon or bodily harm [1420]",35,152.42
2023,data.Ontario,"data.Assault, level 1 [1430]",35,387.76
2023,data.Ontario,data.Total robbery [160],35,53.57
2023,data.Ontario,data.Uttering threats [1627],35,160.57
2023,data.Ontario,data.Total other violent violations [180],35,18.44
2023,data.Manitoba,data.Total violent Criminal Code violations [100],46,2563.99
2023,data.Manitoba,data.Homicide [110],46,5.16
2023,data.Manitoba,data.Total other violations causing death [120],46,0.41
2023,data.Manitoba,data.Attempted murder [1210],46,1.58
2023,data.Manitoba,"data.Sexual assault, level 3, aggravated [1310]",46,0.28
2023,data.Manitoba,"data.Sexual assault, level 2, weapon or bodily harm [1320]",46,1.51
2023,data.Manitoba,"data.Sexual assault, level 1 [1330]",46,123.31
2023,data.Manitoba,data.Total sexual violations against children [130],46,49.06
2023,data.Manitoba,"data.Assault, level 3, aggravated [1410]",46,52.23
2023,data.Manitoba,"data.Assault, level 2, weapon or bodily harm [1420]",46,534.41
2023,data.Manitoba,"data.Assault, level 1 [1430]",46,982.66
2023,data.Manitoba,data.Total robbery [160],46,233.0
2023,data.Manitoba,data.Uttering threats [1627],46,334.23
2023,data.Manitoba,data.Total other violent violations [180],46,24.36
2023,data.Saskatchewan,data.Total violent Criminal Code violations [100],47,2674.06
2023,data.Saskatchewan,data.Homicide [110],47,4.87
2023,data.Saskatchewan,data.Total other violations causing death [120],47,0.25
2023,data.Saskatchewan,data.Attempted murder [1210],47,5.54
2023,data.Saskatchewan,"data.Sexual assault, level 3, aggravated [1310]",47,0.5
2023,data.Saskatchewan,"data.Sexual assault, level 2, weapon or bodily harm [1320]",47,2.4
2023,data.Saskatchewan,"data.Sexual assault, level 1 [1330]",47,128.82
2023,data.Saskatchewan,data.Total sexual violations against children [130],47,48.58
2023,data.Saskatchewan,"data.Assault, level 3, aggravated [1410]",47,45.28
2023,data.Saskatchewan,"data.Assault, level 2, weapon or bodily harm [1420]",47,530.14
2023,data.Saskatchewan,"data.Assault, level 1 [1430]",47,1013.09
2023,data.Saskatchewan,data.Total robbery [160],47,113.53
2023,data.Saskatchewan,data.Uttering threats [1627],47,346.12
2023,data.Saskatchewan,data.Total other violent violations [180],47,35.61
2023,data.Alberta,data.Total violent Criminal Code violations [100],48,1618.1
2023,data.Alberta,data.Homicide [110],48,2.5
2023,data.Alberta,data.Total other violations causing death [120],48,0.26
2023,data.Alberta,data.Attempted murder [1210],48,1.19
2023,data.Alberta,"data.Sexual assault, level 3, aggravated [1310]",48,0.32
2023,data.Alberta,"data.Sexual assault, level 2, weapon or bodily harm [1320]",48,2.75
2023,data.Alberta,"data.Sexual assault, level 1 [1330]",48,92.29
2023,data.Alberta,data.Total sexual violations against children [130],48,32.36
2023,data.Alberta,"data.Assault, level 3, aggravated [1410]",48,19.3
2023,data.Alberta,"data.Assault, level 2, weapon or bodily harm [1420]",48,275.2
2023,data.Alberta,"data.Assault, level 1 [1430]",48,591.44
2023,data.Alberta,data.Total robbery [160],48,70.83
2023,data.Alberta,data.Uttering threats [1627],48,220.13
2023,data.Alberta,data.Total other violent violations [180],48,26.0
2023,data.British Columbia,data.Total violent Criminal Code violations [100],59,1572.37
2023,data.British Columbia,data.Homicide [110],59,2.23
2023,data.British Columbia,data.Total other violations causing death [120],59,0.22
2023,data.British Columbia,data.Attempted murder [1210],59,1.29
2023,data.British Columbia,"data.Sexual assault, level 3, aggravated [1310]",59,0.09
2023,data.British Columbia,"data.Sexual assault, level 2, weapon or bodily harm [1320]",59,1.45
2023,data.British Columbia,"data.Sexual assault, level 1 [1330]",59,79.56
2023,data.British Columbia,data.Total sexual violations against children [130],59,29.83
2023,data.British Columbia,"data.Assault, level 3, aggravated [1410]",59,7.14
2023,data.British Columbia,"data.Assault, level 2, weapon or bodily harm [1420]",59,216.25
2023,data.British Columbia,"data.Assault, level 1 [1430]",59,533.64
2023,data.British Columbia,data.Total robbery [160],59,52.49
2023,data.British Columbia,data.Uttering threats [1627],59,308.0
2023,data.British Columbia,data.Total other violent violations [180],59,16.08
2023,data.Yukon,data.Total violent Criminal Code violations [100],60,4986.9
2023,data.Yukon,data.Homicide [110],60,8.81
2023,data.Yukon,data.Total other violations causing death [120],60,2.2
2023,data.Yukon,data.Attempted murder [1210],60,2.2
2023,data.Yukon,"data.Sexual assault, level 3, aggravated [1310]",60,0.0
2023,data.Yukon,"data.Sexual assault, level 2, weapon or bodily harm [1320]",60,6.61
2023,data.Yukon,"data.Sexual assault, level 1 [1330]",60,235.58
2023,data.Yukon,data.Total sexual violations against children [130],60,81.46
2023,data.Yukon,"data.Assault, level 3, aggravated [1410]",60,37.43
2023,data.Yukon,"data.Assault, level 2, weapon or bodily harm [1420]",60,587.86
2023,data.Yukon,"data.Assault, level 1 [1430]",60,2221.54
2023,data.Yukon,data.Total robbery [160],60,77.06
2023,data.Yukon,data.Uttering threats [1627],60,867.48
2023,data.Yukon,data.Total other violent violations [180],60,61.65
2023,data.Northwest Territories,data.Total violent Criminal Code violations [100],61,11709.33
2023,data.Northwest Territories,data.Homicide [110],61,13.45
2023,data.Northwest Territories,data.Total other violations causing death [120],61,0.0
2023,data.Northwest Territories,data.Attempted murder [1210],61,2.24
2023,data.Northwest Territories,"data.Sexual assault, level 3, aggravated [1310]",61,2.24
2023,data.Northwest Territories,"data.Sexual assault, level 2, weapon or bodily harm [1320]",61,6.72
2023,data.Northwest Territories,"data.Sexual assault, level 1 [1330]",61,455.01
2023,data.Northwest Territories,data.Total sexual violations against children [130],61,132.25
2023,data.Northwest Territories,"data.Assault, level 3, aggravated [1410]",61,96.38
2023,data.Northwest Territories,"data.Assault, level 2, weapon or bodily harm [1420]",61,1380.73
2023,data.Northwest Territories,"data.Assault, level 1 [1430]",61,6435.2
2023,data.Northwest Territories,data.Total robbery [160],61,121.04
2023,data.Northwest Territories,data.Uttering threats [1627],61,1806.61
2023,data.Northwest Territories,data.Total other violent violations [180],61,91.9
2023,data.Nunavut,data.Total violent Criminal Code violations [100],62,13271.09
2023,data.Nunavut,data.Homicide [110],62,4.89
2023,data.Nunavut,data.Total other violations causing death [120],62,0.0
2023,data.Nunavut,data.Attempted murder [1210],62,0.0
2023,data.Nunavut,"data.Sexual assault, level 3, aggravated [1310]",62,2.44
2023,data.Nunavut,"data.Sexual assault, level 2, weapon or bodily harm [1320]",62,26.88
2023,data.Nunavut,"data.Sexual assault, level 1 [1330]",62,618.34
2023,data.Nunavut,data.Total sexual violations against children [130],62,417.93
2023,data.Nunavut,"data.Assault, level 3, aggravated [1410]",62,193.08
2023,data.Nunavut,"data.Assault, level 2, weapon or bodily harm [1420]",62,1918.56
2023,data.Nunavut,"data.Assault, level 1 [1430]",62,6804.18
2023,data.Nunavut,data.Total robbery [160],62,63.54
2023,data.Nunavut,data.Uttering threats [1627],62,1811.03
2023,data.Nunavut,data.Total other violent violations [180],62,124.65
2024,data.Canada,data.Homicide [110],,1.93
2024,data.Canada,data.Total other violations causing death [120],,0.23
2024,data.Canada,data.Attempted murder [1210],,1.94
2024,data.Canada,"data.Sexual assault, level 3, aggravated [1310]",,0.32
2024,data.Canada,"data.Sexual assault, level 2, weapon or bodily harm [1320]",,2.01
2024,data.Canada,"data.Sexual assault, level 1 [1330]",,88.19
2024,data.Canada,data.Total sexual violations against children [130],,32.93
2024,data.Canada,"data.Assault, level 3, aggravated [1410]",,10.52
2024,data.Canada,"data.Assault, level 2, weapon or bodily harm [1420]",,214.33
2024,data.Canada,"data.Assault, level 1 [1430]",,525.88
2024,data.Canada,data.Total robbery [160],,58.67
2024,data.Canada,data.Uttering threats [1627],,235.85
2024,data.Canada,data.Total other violent violations [180],,24.32
2024,data.Newfoundland and Labrador,data.Total violent Criminal Code violations [100],10,1959.7
2024,data.Newfoundland and Labrador,data.Homicide [110],10,0.73
2024,data.Newfoundland and Labrador,data.Total other violations causing death [120],10,0.18
2024,data.Newfoundland and Labrador,data.Attempted murder [1210],10,0.55
2024,data.Newfoundland and Labrador,"data.Sexual assault, level 3, aggravated [1310]",10,0.0
2024,data.Newfoundland and Labrador,"data.Sexual assault, level 2, weapon or bodily harm [1320]",10,1.65
2024,data.Newfoundland and Labrador,"data.Sexual assault, level 1 [1330]",10,99.66
2024,data.Newfoundland and Labrador,data.Total sexual violations against children [130],10,29.62
2024,data.Newfoundland and Labrador,"data.Assault, level 3, aggravated [1410]",10,11.52
2024,data.Newfoundland and Labrador,"data.Assault, level 2, weapon or bodily harm [1420]",10,197.67
2024,data.Newfoundland and Labrador,"data.Assault, level 1 [1430]",10,740.76
2024,data.Newfoundland and Labrador,data.Total robbery [160],10,32.18
2024,data.Newfoundland and Labrador,data.Uttering threats [1627],10,485.67
2024,data.Newfoundland and Labrador,data.Total other violent violations [180],10,24.32
2024,data.Prince Edward Island,data.Total violent Criminal Code violations [100],11,1514.11
2024,data.Prince Edward Island,data.Homicide [110],11,1.11
2024,data.Prince Edward Island,data.Total other violations causing death [120],11,0.0
2024,data.Prince Edward Island,data.Attempted murder [1210],11,1.67
2024,data.Prince Edward Island,"data.Sexual assault, level 3, aggravated [1310]",11,0.0
2024,data.Prince Edward Island,"data.Sexual assault, level 2, weapon or bodily harm [1320]",11,1.67
2024,data.Prince Edward Island,"data.Sexual assault, level 1 [1330]",11,93.48
2024,data.Prince Edward Island,data.Total sexual violations against children [130],11,39.51
2024,data.Prince Edward Island,"data.Assault, level 3, aggravated [1410]",11,2.23
2024,data.Prince Edward Island,"data.Assault, level 2, weapon or bodily harm [1420]",11,106.28
2024,data.Prince Edward Island,"data.Assault, level 1 [1430]",11,472.43
2024,data.Prince Edward Island,data.Total robbery [160],11,13.91
2024,data.Prince Edward Island,data.Uttering threats [1627],11,303.82
2024,data.Prince Edward Island,data.Total other violent violations [180],11,31.16
2024,data.Nova Scotia,data.Total violent Criminal Code violations [100],12,1539.39
2024,data.Nova Scotia,data.Homicide [110],12,2.31
2024,data.Nova Scotia,data.Total other violations causing death [120],12,0.28
2024,data.Nova Scotia,data.Attempted murder [1210],12,3.6
2024,data.Nova Scotia,"data.Sexual assault, level 3, aggravated [1310]",12,0.83
2024,data.Nova Scotia,"data.Sexual assault, level 2, weapon or bodily harm [1320]",12,1.57
2024,data.Nova Scotia,"data.Sexual assault, level 1 [1330]",12,80.26
2024,data.Nova Scotia,data.Total sexual violations against children [130],12,31.96
2024,data.Nova Scotia,"data.Assault, level 3, aggravated [1410]",12,10.25
2024,data.Nova Scotia,"data.Assault, level 2, weapon or bodily harm [1420]",12,160.88
2024,data.Nova Scotia,"data.Assault, level 1 [1430]",12,521.35
2024,data.Nova Scotia,data.Total robbery [160],12,34.73
2024,data.Nova Scotia,data.Uttering threats [1627],12,347.44
2024,data.Nova Scotia,data.Total other violent violations [180],12,26.78
2024,data.New Brunswick,data.Total violent Criminal Code violations [100],13,1762.34
2024,data.New Brunswick,data.Homicide [110],13,2.1
2024,data.New Brunswick,data.Total other violations causing death [120],13,0.47
2024,data.New Brunswick,data.Attempted murder [1210],13,1.4
2024,data.New Brunswick,"data.Sexual assault, level 3, aggravated [1310]",13,0.35
2024,data.New Brunswick,"data.Sexual assault, level 2, weapon or bodily harm [1320]",13,2.91
2024,data.New Brunswick,"data.Sexual assault, level 1 [1330]",13,87.73
2024,data.New Brunswick,data.Total sexual violations against children [130],13,33.9
2024,data.New Brunswick,"data.Assault, level 3, aggravated [1410]",13,11.42
2024,data.New Brunswick,"data.Assault, level 2, weapon or bodily harm [1420]",13,199.0
2024,data.New Brunswick,"data.Assault, level 1 [1430]",13,617.85
2024,data.New Brunswick,data.Total robbery [160],13,22.95
2024,data.New Brunswick,data.Uttering threats [1627],13,365.03
2024,data.New Brunswick,data.Total other violent violations [180],13,29.48
2024,data.Quebec,data.Total violent Criminal Code violations [100],24,1449.46
2024,data.Quebec,data.Homicide [110],24,1.09
2024,data.Quebec,data.Total other violations causing death [120],24,0.33
2024,data.Quebec,data.Attempted murder [1210],24,2.2
2024,data.Quebec,"data.Sexual assault, level 3, aggravated [1310]",24,0.6
2024,data.Quebec,"data.Sexual assault, level 2, weapon or bodily harm [1320]",24,1.73
2024,data.Quebec,"data.Sexual assault, level 1 [1330]",24,99.83
2024,data.Quebec,data.Total sexual violations against children [130],24,45.9
2024,data.Quebec,"data.Assault, level 3, aggravated [1410]",24,4.91
2024,data.Quebec,"data.Assault, level 2, weapon or bodily harm [1420]",24,204.44
2024,data.Quebec,"data.Assault, level 1 [1430]",24,512.99
2024,data.Quebec,data.Total robbery [160],24,41.43
2024,data.Quebec,data.Uttering threats [1627],24,246.8
2024,data.Quebec,data.Total other violent violations [180],24,35.53
2024,data.Ontario,data.Total violent Criminal Code violations [100],35,1089.62
2024,data.Ontario,data.Homicide [110],35,1.77
2024,data.Ontario,data.Total other violations causing death [120],35,0.07
2024,data.Ontario,data.Attempted murder [1210],35,2.01
2024,data.Ontario,"data.Sexual assault, level 3, aggravated [1310]",35,0.18
2024,data.Ontario,"data.Sexual assault, level 2, weapon or bodily harm [1320]",35,1.96
2024,data.Ontario,"data.Sexual assault, level 1 [1330]",35,79.1
2024,data.Ontario,data.Total sexual violations against children [130],35,17.43
2024,data.Ontario,"data.Assault, level 3, aggravated [1410]",35,6.31
2024,data.Ontario,"data.Assault, level 2, weapon or bodily harm [1420]",35,158.67
2024,data.Ontario,"data.Assault, level 1 [1430]",35,396.15
2024,data.Ontario,data.Total robbery [160],35,54.92
2024,data.Ontario,data.Uttering threats [1627],35,162.2
2024,data.Ontario,data.Total other violent violations [180],35,17.96
2024,data.Manitoba,data.Total violent Criminal Code violations [100],46,2448.83
2024,data.Manitoba,data.Homicide [110],46,6.37
2024,data.Manitoba,data.Total other violations causing death [120],46,0.54
2024,data.Manitoba,data.Attempted murder [1210],46,1.88
2024,data.Manitoba,"data.Sexual assault, level 3, aggravated [1310]",46,0.2
2024,data.Manitoba,"data.Sexual assault, level 2, weapon or bodily harm [1320]",46,3.28
2024,data.Manitoba,"data.Sexual assault, level 1 [1330]",46,116.68
2024,data.Manitoba,data.Total sexual violations against children [130],46,47.45
2024,data.Manitoba,"data.Assault, level 3, aggravated [1410]",46,43.56
2024,data.Manitoba,"data.Assault, level 2, weapon or bodily harm [1420]",46,492.78
2024,data.Manitoba,"data.Assault, level 1 [1430]",46,940.73
2024,data.Manitoba,data.Total robbery [160],46,225.51
2024,data.Manitoba,data.Uttering threats [1627],46,323.96
2024,data.Manitoba,data.Total other violent violations [180],46,24.13
2024,data.Saskatchewan,data.Total violent Criminal Code violations [100],47,2672.08
2024,data.Saskatchewan,data.Homicide [110],47,5.29
2024,data.Saskatchewan,data.Total other violations causing death [120],47,0.4
2024,data.Saskatchewan,data.Attempted murder [1210],47,3.85
2024,data.Saskatchewan,"data.Sexual assault, level 3, aggravated [1310]",47,0.64
2024,data.Saskatchewan,"data.Sexual assault, level 2, weapon or bodily harm [1320]",47,3.21
2024,data.Saskatchewan,"data.Sexual assault, level 1 [1330]",47,119.16
2024,data.Saskatchewan,data.Total sexual violations against children [130],47,52.97
2024,data.Saskatchewan,"data.Assault, level 3, aggravated [1410]",47,46.0
2024,data.Saskatchewan,"data.Assault, level 2, weapon or bodily harm [1420]",47,527.06
2024,data.Saskatchewan,"data.Assault, level 1 [1430]",47,1018.06
2024,data.Saskatchewan,data.Total robbery [160],47,112.19
2024,data.Saskatchewan,data.Uttering threats [1627],47,357.41
2024,data.Saskatchewan,data.Total other violent violations [180],47,36.06
2024,data.Alberta,data.Total violent Criminal Code violations [100],48,1555.28
2024,data.Alberta,data.Homicide [110],48,2.02
2024,data.Alberta,data.Total other violations causing death [120],48,0.35
2024,data.Alberta,data.Attempted murder [1210],48,1.43
2024,data.Alberta,"data.Sexual assault, level 3, aggravated [1310]",48,0.29
2024,data.Alberta,"data.Sexual assault, level 2, weapon or bodily harm [1320]",48,2.67
2024,data.Alberta,"data.Sexual assault, level 1 [1330]",48,81.89
2024,data.Alberta,data.Total sexual violations against children [130],48,30.64
2024,data.Alberta,"data.Assault, level 3, aggravated [1410]",48,17.91
2024,data.Alberta,"data.Assault, level 2, weapon or bodily harm [1420]",48,262.5
2024,data.Alberta,"data.Assault, level 1 [1430]",48,575.76
2024,data.Alberta,data.Total robbery [160],48,66.14
2024,data.Alberta,data.Uttering threats [1627],48,213.02
2024,data.Alberta,data.Total other violent violations [180],48,26.03
2024,data.British Columbia,data.Total violent Criminal Code violations [100],59,1519.6
2024,data.British Columbia,data.Homicide [110],59,1.66
2024,data.British Columbia,data.Total other violations causing death [120],59,0.25
2024,data.British Columbia,data.Attempted murder [1210],59,1.18
2024,data.British Columbia,"data.Sexual assault, level 3, aggravated [1310]",59,0.19
2024,data.British Columbia,"data.Sexual assault, level 2, weapon or bodily harm [1320]",59,1.11
2024,data.British Columbia,"data.Sexual assault, level 1 [1330]",59,78.04
2024,data.British Columbia,data.Total sexual violations against children [130],59,46.68
2024,data.British Columbia,"data.Assault, level 3, aggravated [1410]",59,6.45
2024,data.British Columbia,"data.Assault, level 2, weapon or bodily harm [1420]",59,195.31
2024,data.British Columbia,"data.Assault, level 1 [1430]",59,516.9
2024,data.British Columbia,data.Total robbery [160],59,47.2
2024,data.British Columbia,data.Uttering threats [1627],59,296.68
2024,data.British Columbia,data.Total other violent violations [180],59,17.51
2024,data.Yukon,data.Total violent Criminal Code violations [100],60,4910.18
2024,data.Yukon,data.Homicide [110],60,0.0
2024,data.Yukon,data.Total other violations causing death [120],60,0.0
2024,data.Yukon,data.Attempted murder [1210],60,2.1
2024,data.Yukon,"data.Sexual assault, level 3, aggravated [1310]",60,0.0
2024,data.Yukon,"data.Sexual assault, level 2, weapon or bodily harm [1320]",60,4.2
2024,data.Yukon,"data.Sexual assault, level 1 [1330]",60,233.22
2024,data.Yukon,data.Total sexual violations against children [130],60,39.92
2024,data.Yukon,"data.Assault, level 3, aggravated [1410]",60,23.11
2024,data.Yukon,"data.Assault, level 2, weapon or bodily harm [1420]",60,697.55
2024,data.Yukon,"data.Assault, level 1 [1430]",60,2117.87
2024,data.Yukon,data.Total robbery [160],60,88.24
2024,data.Yukon,data.Uttering threats [1627],60,937.07
2024,data.Yukon,data.Total other violent violations [180],60,35.72
2024,data.Northwest Territories,data.Total violent Criminal Code violations [100],61,11907.55
2024,data.Northwest Territories,data.Homicide [110],61,13.26
2024,data.Northwest Territories,data.Total other violations causing death [120],61,0.0
2024,data.Northwest Territories,data.Attempted murder [1210],61,2.21
2024,data.Northwest Territories,"data.Sexual assault, level 3, aggravated [1310]",61,0.0
2024,data.Northwest Territories,"data.Sexual assault, level 2, weapon or bodily harm [1320]",61,15.47
2024,data.Northwest Territories,"data.Sexual assault, level 1 [1330]",61,517.05
2024,data.Northwest Territories,data.Total sexual violations against children [130],61,159.09
2024,data.Northwest Territories,"data.Assault, level 3, aggravated [1410]",61,106.06
2024,data.Northwest Territories,"data.Assault, level 2, weapon or bodily harm [1420]",61,1469.39
2024,data.Northwest Territories,"data.Assault, level 1 [1430]",61,6233.29
2024,data.Northwest Territories,data.Total robbery [160],61,174.56
2024,data.Northwest Territories,data.Uttering threats [1627],61,1968.76
2024,data.Northwest Territories,data.Total other violent violations [180],61,110.48
2024,data.Nunavut,data.Total violent Criminal Code violations [100],62,12864.04
2024,data.Nunavut,data.Homicide [110],62,9.66
2024,data.Nunavut,data.Total other violations causing death [120],62,0.0
2024,data.Nunavut,data.Attempted murder [1210],62,16.9
2024,data.Nunavut,"data.Sexual assault, level 3, aggravated [1310]",62,2.41
2024,data.Nunavut,"data.Sexual assault, level 2, weapon or bodily harm [1320]",62,21.73
2024,data.Nunavut,"data.Sexual assault, level 1 [1330]",62,543.35
2024,data.Nunavut,data.Total sexual violations against children [130],62,369.48
2024,data.Nunavut,"data.Assault, level 3, aggravated [1410]",62,176.29
2024,data.Nunavut,"data.Assault, level 2, weapon or bodily harm [1420]",62,1893.26
2024,data.Nunavut,"data.Assault, level 1 [1430]",62,6660.23
2024,data.Nunavut,data.Total robbery [160],62,74.86
2024,data.Nunavut,data.Uttering threats [1627],62,2028.5
2024,data.Nunavut,data.Total other violent violations [180],62,120.74
2025,data.Canada,data.Homicide [110],,1.61
2025,data.Canada,data.Total other violations causing death [120],,0.22
2025,data.Canada,data.Attempted murder [1210],,1.65
2025,data.Canada,"data.Sexual assault, level 3, aggravated [1310]",,0.31
2025,data.Canada,"data.Sexual assault, level 2, weapon or bodily harm [1320]",,2.08
2025,data.Canada,"data.Sexual assault, level 1 [1330]",,87.11
2025,data.Canada,data.Total sexual violations against children [130],,32.59
2025,data.Canada,"data.Assault, level 3, aggravated [1410]",,9.76
2025,data.Canada,"data.Assault, level 2, weapon or bodily harm [1420]",,214.19
2025,data.Canada,"data.Assault, level 1 [1430]",,528.07
2025,data.Canada,data.Total robbery [160],,55.08
2025,data.Canada,data.Uttering threats [1627],,233.66
2025,data.Canada,data.Total other violent violations [180],,24.47
2025,data.Newfoundland and Labrador,data.Total violent Criminal Code violations [100],10,1838.48
2025,data.Newfoundland and Labrador,data.Homicide [110],10,2.18
2025,data.Newfoundland and Labrador,data.Total other violations causing death [120],10,0.18
2025,data.Newfoundland and Labrador,data.Attempted murder [1210],10,1.82
2025,data.Newfoundland and Labrador,"data.Sexual assault, level 3, aggravated [1310]",10,0.36
2025,data.Newfoundland and Labrador,"data.Sexual assault, level 2, weapon or bodily harm [1320]",10,2.0
2025,data.Newfoundland and Labrador,"data.Sexual assault, level 1 [1330]",10,94.74
2025,data.Newfoundland and Labrador,data.Total sexual violations against children [130],10,28.0
2025,data.Newfoundland and Labrador,"data.Assault, level 3, aggravated [1410]",10,8.91
2025,data.Newfoundland and Labrador,"data.Assault, level 2, weapon or bodily harm [1420]",10,184.39
2025,data.Newfoundland and Labrador,"data.Assault, level 1 [1430]",10,716.12
2025,data.Newfoundland and Labrador,data.Total robbery [160],10,30.19
2025,data.Newfoundland and Labrador,data.Uttering threats [1627],10,424.98
2025,data.Newfoundland and Labrador,data.Total other violent violations [180],10,23.28
2025,data.Prince Edward Island,data.Total violent Criminal Code violations [100],11,1477.09
2025,data.Prince Edward Island,data.Homicide [110],11,1.64
2025,data.Prince Edward Island,data.Total other violations causing death [120],11,0.0
2025,data.Prince Edward Island,data.Attempted murder [1210],11,0.0
2025,data.Prince Edward Island,"data.Sexual assault, level 3, aggravated [1310]",11,0.0
2025,data.Prince Edward Island,"data.Sexual assault, level 2, weapon or bodily harm [1320]",11,0.55
2025,data.Prince Edward Island,"data.Sexual assault, level 1 [1330]",11,88.14
2025,data.Prince Edward Island,data.Total sexual violations against children [130],11,32.85
2025,data.Prince Edward Island,"data.Assault, level 3, aggravated [1410]",11,3.28
2025,data.Prince Edward Island,"data.Assault, level 2, weapon or bodily harm [1420]",11,121.54
2025,data.Prince Edward Island,"data.Assault, level 1 [1430]",11,473.02
2025,data.Prince Edward Island,data.Total robbery [160],11,10.4
2025,data.Prince Edward Island,data.Uttering threats [1627],11,297.83
2025,data.Prince Edward Island,data.Total other violent violations [180],11,22.45
2025,data.Nova Scotia,data.Total violent Criminal Code violations [100],12,1561.86
2025,data.Nova Scotia,data.Homicide [110],12,1.74
2025,data.Nova Scotia,data.Total other violations causing death [120],12,0.0
2025,data.Nova Scotia,data.Attempted murder [1210],12,3.02
2025,data.Nova Scotia,"data.Sexual assault, level 3, aggravated [1310]",12,0.55
2025,data.Nova Scotia,"data.Sexual assault, level 2, weapon or bodily harm [1320]",12,1.65
2025,data.Nova Scotia,"data.Sexual assault, level 1 [1330]",12,81.77
2025,data.Nova Scotia,data.Total sexual violations against children [130],12,26.44
2025,data.Nova Scotia,"data.Assault, level 3, aggravated [1410]",12,8.6
2025,data.Nova Scotia,"data.Assault, level 2, weapon or bodily harm [1420]",12,172.42
2025,data.Nova Scotia,"data.Assault, level 1 [1430]",12,545.9
2025,data.Nova Scotia,data.Total robbery [160],12,31.92
2025,data.Nova Scotia,data.Uttering threats [1627],12,352.25
2025,data.Nova Scotia,data.Total other violent violations [180],12,30.83
2025,data.New Brunswick,data.Total violent Criminal Code violations [100],13,1815.49
2025,data.New Brunswick,data.Homicide [110],13,1.72
2025,data.New Brunswick,data.Total other violations causing death [120],13,0.57
2025,data.New Brunswick,data.Attempted murder [1210],13,3.91
2025,data.New Brunswick,"data.Sexual assault, level 3, aggravated [1310]",13,0.0
2025,data.New Brunswick,"data.Sexual assault, level 2, weapon or bodily harm [1320]",13,2.99
2025,data.New Brunswick,"data.Sexual assault, level 1 [1330]",13,100.96
2025,data.New Brunswick,data.Total sexual violations against children [130],13,40.24
2025,data.New Brunswick,"data.Assault, level 3, aggravated [1410]",13,10.46
2025,data.New Brunswick,"data.Assault, level 2, weapon or bodily harm [1420]",13,210.54
2025,data.New Brunswick,"data.Assault, level 1 [1430]",13,603.78
2025,data.New Brunswick,data.Total robbery [160],13,25.18
2025,data.New Brunswick,data.Uttering threats [1627],13,368.41
2025,data.New Brunswick,data.Total other violent violations [180],13,28.63
2025,data.Quebec,data.Total violent Criminal Code violations [100],24,1472.2
2025,data.Quebec,data.Homicide [110],24,0.97
2025,data.Quebec,data.Total other violations causing death [120],24,0.44
2025,data.Quebec,data.Attempted murder [1210],24,2.15
2025,data.Quebec,"data.Sexual assault, level 3, aggravated [1310]",24,0.41
2025,data.Quebec,"data.Sexual assault, level 2, weapon or bodily harm [1320]",24,1.68
2025,data.Quebec,"data.Sexual assault, level 1 [1330]",24,101.44
2025,data.Quebec,data.Total sexual violations against children [130],24,45.86
2025,data.Quebec,"data.Assault, level 3, aggravated [1410]",24,4.63
2025,data.Quebec,"data.Assault, level 2, weapon or bodily harm [1420]",24,211.14
2025,data.Quebec,"data.Assault, level 1 [1430]",24,518.68
2025,data.Quebec,data.Total robbery [160],24,43.24
2025,data.Quebec,data.Uttering threats [1627],24,245.58
2025,data.Quebec,data.Total other violent violations [180],24,34.95
2025,data.Ontario,data.Total violent Criminal Code violations [100],35,1077.77
2025,data.Ontario,data.Homicide [110],35,1.27
2025,data.Ontario,data.Total other violations causing death [120],35,0.15
2025,data.Ontario,data.Attempted murder [1210],35,1.61
2025,data.Ontario,"data.Sexual assault, level 3, aggravated [1310]",35,0.25
2025,data.Ontario,"data.Sexual assault, level 2, weapon or bodily harm [1320]",35,2.07
2025,data.Ontario,"data.Sexual assault, level 1 [1330]",35,76.58
2025,data.Ontario,data.Total sexual violations against children [130],35,16.05
2025,data.Ontario,"data.Assault, level 3, aggravated [1410]",35,5.87
2025,data.Ontario,"data.Assault, level 2, weapon or bodily harm [1420]",35,158.92
2025,data.Ontario,"data.Assault, level 1 [1430]",35,398.92
2025,data.Ontario,data.Total robbery [160],35,47.35
2025,data.Ontario,data.Uttering threats [1627],35,161.94
2025,data.Ontario,data.Total other violent violations [180],35,17.9
2025,data.Manitoba,data.Total violent Criminal Code violations [100],46,2340.73
2025,data.Manitoba,data.Homicide [110],46,3.64
2025,data.Manitoba,data.Total other violations causing death [120],46,0.26
2025,data.Manitoba,data.Attempted murder [1210],46,1.06
2025,data.Manitoba,"data.Sexual assault, level 3, aggravated [1310]",46,0.53
2025,data.Manitoba,"data.Sexual assault, level 2, weapon or bodily harm [1320]",46,2.98
2025,data.Manitoba,"data.Sexual assault, level 1 [1330]",46,116.38
2025,data.Manitoba,data.Total sexual violations against children [130],46,45.04
2025,data.Manitoba,"data.Assault, level 3, aggravated [1410]",46,38.15
2025,data.Manitoba,"data.Assault, level 2, weapon or bodily harm [1420]",46,466.98
2025,data.Manitoba,"data.Assault, level 1 [1430]",46,916.74
2025,data.Manitoba,data.Total robbery [160],46,208.32
2025,data.Manitoba,data.Uttering threats [1627],46,299.07
2025,data.Manitoba,data.Total other violent violations [180],46,24.11
2025,data.Saskatchewan,data.Total violent Criminal Code violations [100],47,2581.54
2025,data.Saskatchewan,data.Homicide [110],47,5.21
2025,data.Saskatchewan,data.Total other violations causing death [120],47,0.08
2025,data.Saskatchewan,data.Attempted murder [1210],47,3.55
2025,data.Saskatchewan,"data.Sexual assault, level 3, aggravated [1310]",47,0.63
2025,data.Saskatchewan,"data.Sexual assault, level 2, weapon or bodily harm [1320]",47,2.45
2025,data.Saskatchewan,"data.Sexual assault, level 1 [1330]",47,109.63
2025,data.Saskatchewan,data.Total sexual violations against children [130],47,45.54
2025,data.Saskatchewan,"data.Assault, level 3, aggravated [1410]",47,47.36
2025,data.Saskatchewan,"data.Assault, level 2, weapon or bodily harm [1420]",47,556.06
2025,data.Saskatchewan,"data.Assault, level 1 [1430]",47,968.7
2025,data.Saskatchewan,data.Total robbery [160],47,104.98
2025,data.Saskatchewan,data.Uttering threats [1627],47,342.71
2025,data.Saskatchewan,data.Total other violent violations [180],47,35.36
2025,data.Alberta,data.Total violent Criminal Code violations [100],48,1540.74
2025,data.Alberta,data.Homicide [110],48,1.77
2025,data.Alberta,data.Total other violations causing death [120],48,0.06
2025,data.Alberta,data.Attempted murder [1210],48,0.76
2025,data.Alberta,"data.Sexual assault, level 3, aggravated [1310]",48,0.28
2025,data.Alberta,"data.Sexual assault, level 2, weapon or bodily harm [1320]",48,2.76
2025,data.Alberta,"data.Sexual assault, level 1 [1330]",48,78.96
2025,data.Alberta,data.Total sexual violations against children [130],48,32.07
2025,data.Alberta,"data.Assault, level 3, aggravated [1410]",48,16.13
2025,data.Alberta,"data.Assault, level 2, weapon or bodily harm [1420]",48,255.38
2025,data.Alberta,"data.Assault, level 1 [1430]",48,576.2
2025,data.Alberta,data.Total robbery [160],48,63.29
2025,data.Alberta,data.Uttering threats [1627],48,213.53
2025,data.Alberta,data.Total other violent violations [180],48,27.98
2025,data.British Columbia,data.Total violent Criminal Code violations [100],59,1530.75
2025,data.British Columbia,data.Homicide [110],59,1.81
2025,data.British Columbia,data.Total other violations causing death [120],59,0.25
2025,data.British Columbia,data.Attempted murder [1210],59,0.81
2025,data.British Columbia,"data.Sexual assault, level 3, aggravated [1310]",59,0.19
2025,data.British Columbia,"data.Sexual assault, level 2, weapon or bodily harm [1320]",59,1.37
2025,data.British Columbia,"data.Sexual assault, level 1 [1330]",59,77.56
2025,data.British Columbia,data.Total sexual violations against children [130],59,50.06
2025,data.British Columbia,"data.Assault, level 3, aggravated [1410]",59,5.69
2025,data.British Columbia,"data.Assault, level 2, weapon or bodily harm [1420]",59,183.57
2025,data.British Columbia,"data.Assault, level 1 [1430]",59,521.63
2025,data.British Columbia,data.Total robbery [160],59,49.48
2025,data.British Columbia,data.Uttering threats [1627],59,297.46
2025,data.British Columbia,data.Total other violent violations [180],59,17.8
2025,data.Yukon,data.Total violent Criminal Code violations [100],60,4556.94
2025,data.Yukon,data.Homicide [110],60,6.21
2025,data.Yukon,data.Total other violations causing death [120],60,0.0
2025,data.Yukon,data.Attempted murder [1210],60,0.0
2025,data.Yukon,"data.Sexual assault, level 3, aggravated [1310]",60,0.0
2025,data.Yukon,"data.Sexual assault, level 2, weapon or bodily harm [1320]",60,2.07
2025,data.Yukon,"data.Sexual assault, level 1 [1330]",60,213.35
2025,data.Yukon,data.Total sexual violations against children [130],60,53.85
2025,data.Yukon,"data.Assault, level 3, aggravated [1410]",60,49.71
2025,data.Yukon,"data.Assault, level 2, weapon or bodily harm [1420]",60,600.69
2025,data.Yukon,"data.Assault, level 1 [1430]",60,1994.7
2025,data.Yukon,data.Total robbery [160],60,47.64
2025,data.Yukon,data.Uttering threats [1627],60,809.89
2025,data.Yukon,data.Total other violent violations [180],60,49.71
2025,data.Northwest Territories,data.Total violent Criminal Code violations [100],61,11630.03
2025,data.Northwest Territories,data.Homicide [110],61,10.88
2025,data.Northwest Territories,data.Total other violations causing death [120],61,0.0
2025,data.Northwest Territories,data.Attempted murder [1210],61,4.35
2025,data.Northwest Territories,"data.Sexual assault, level 3, aggravated [1310]",61,0.0
2025,data.Northwest Territories,"data.Sexual assault, level 2, weapon or bodily harm [1320]",61,23.94
2025,data.Northwest Territories,"data.Sexual assault, level 1 [1330]",61,489.66
2025,data.Northwest Territories,data.Total sexual violations against children [130],61,132.75
2025,data.Northwest Territories,"data.Assault, level 3, aggravated [1410]",61,104.46
2025,data.Northwest Territories,"data.Assault, level 2, weapon or bodily harm [1420]",61,1479.87
2025,data.Northwest Territories,"data.Assault, level 1 [1430]",61,6293.8
2025,data.Northwest Territories,data.Total robbery [160],61,117.52
2025,data.Northwest Territories,data.Uttering threats [1627],61,1793.25
2025,data.Northwest Territories,data.Total other violent violations [180],61,80.52
2025,data.Nunavut,data.Total violent Criminal Code violations [100],62,14702.37
2025,data.Nunavut,data.Homicide [110],62,16.73
2025,data.Nunavut,data.Total other violations causing death [120],62,0.0
2025,data.Nunavut,data.Attempted murder [1210],62,16.73
2025,data.Nunavut,"data.Sexual assault, level 3, aggravated [1310]",62,7.17
2025,data.Nunavut,"data.Sexual assault, level 2, weapon or bodily harm [1320]",62,33.47
2025,data.Nunavut,"data.Sexual assault, level 1 [1330]",62,590.49
2025,data.Nunavut,data.Total sexual violations against children [130],62,329.91
2025,data.Nunavut,"data.Assault, level 3, aggravated [1410]",62,167.34
2025,data.Nunavut,"data.Assault, level 2, weapon or bodily harm [1420]",62,2161.13
2025,data.Nunavut,"data.Assault, level 1 [1430]",62,7831.7
2025,data.Nunavut,data.Total robbery [160],62,47.81
2025,data.Nunavut,data.Uttering threats [1627],62,2373.89
2025,data.Nunavut,data.Total other violent violations [180],62,109.97
