Year,Géographie,Type de matières récupérées,Sources des matières préparées en vue du recyclage,GeoCode,Value
2018,,,,,224.964704409885
2020,,,,,229.628339568722
2022,,,,,221.670761092875
2023,,,,,213.692882919655
2024,,,,,208.777202155365
2018,Canada,Toutes les matières,Sources des matières résidentielles récupérées,,
2018,Canada,Toutes les matières,Sources des matières non résidentielles récupérées,,
2018,Canada,Toutes les fibres cellulosiques,Toutes les sources des matières récupérées,,80.1046432650296
2018,Canada,Toutes les fibres cellulosiques,Sources des matières résidentielles récupérées,,32.2895711174446
2018,Canada,Toutes les fibres cellulosiques,Sources des matières non résidentielles récupérées,,47.8150721475849
2018,Canada,Verre,Toutes les sources des matières récupérées,,11.1389483667461
2018,Canada,Verre,Sources des matières résidentielles récupérées,,7.59536283111364
2018,Canada,Verre,Sources des matières non résidentielles récupérées,,3.5435855356325
2018,Canada,Métaux ferreux,Toutes les sources des matières récupérées,,8.94943491989506
2018,Canada,Métaux ferreux,Sources des matières résidentielles récupérées,,2.66970610655519
2018,Canada,Métaux ferreux,Sources des matières non résidentielles récupérées,,6.27970183925495
2018,Canada,Cuivre et aluminium,Toutes les sources des matières récupérées,,2.33236820057498
2018,Canada,Cuivre et aluminium,Sources des matières résidentielles récupérées,,1.29259814925409
2018,Canada,Cuivre et aluminium,Sources des matières non résidentielles récupérées,,1.03977005132089
2018,Canada,Métaux mélangés,Toutes les sources des matières récupérées,,3.37688569084138
2018,Canada,Métaux mélangés,Sources des matières résidentielles récupérées,,1.83599108992027
2018,Canada,Métaux mélangés,Sources des matières non résidentielles récupérées,,1.54089460092111
2018,Canada,Électroménagers,Toutes les sources des matières récupérées,,1.8768298544856
2018,Canada,Électroménagers,Sources des matières résidentielles récupérées,,1.19826977429704
2018,Canada,Électroménagers,Sources des matières non résidentielles récupérées,,0.67856008018856
2018,Canada,Matériel électronique,Toutes les sources des matières récupérées,,2.83956191928167
2018,Canada,Matériel électronique,Sources des matières résidentielles récupérées,,
2018,Canada,Matériel électronique,Sources des matières non résidentielles récupérées,,
2018,Canada,Matières plastiques,Toutes les sources des matières récupérées,,8.86341456309265
2018,Canada,Matières plastiques,Sources des matières résidentielles récupérées,,6.22499839504195
2018,Canada,Matières plastiques,Sources des matières non résidentielles récupérées,,2.63841616805071
2018,Canada,Récipients triangulaires et aseptiques,Toutes les sources des matières récupérées,,0.557608283417789
2018,Canada,Récipients triangulaires et aseptiques,Sources des matières résidentielles récupérées,,0.48140649352541
2018,Canada,Récipients triangulaires et aseptiques,Sources des matières non résidentielles récupérées,,0.0762017898923788
2018,Canada,Textiles,Toutes les sources des matières récupérées,,0.332455596610113
2018,Canada,Textiles,Sources des matières résidentielles récupérées,,0.285790429702568
2018,Canada,Textiles,Sources des matières non résidentielles récupérées,,0.0466651669075452
2018,Canada,Pneus,Toutes les sources des matières récupérées,,13.1607639276641
2018,Canada,Pneus,Sources des matières résidentielles récupérées,,
2018,Canada,Pneus,Sources des matières non résidentielles récupérées,,
2018,Canada,"Déchets provenant de la construction, de la rénovation et de la démolition",Toutes les sources des matières récupérées,,14.6860675075028
2018,Canada,"Déchets provenant de la construction, de la rénovation et de la démolition",Sources des matières résidentielles récupérées,,3.17285371252423
2018,Canada,"Déchets provenant de la construction, de la rénovation et de la démolition",Sources des matières non résidentielles récupérées,,11.5132137949786
2018,Canada,Toutes les matières organiques,Toutes les sources des matières récupérées,,75.020136154391
2018,Canada,Toutes les matières organiques,Sources des matières résidentielles récupérées,,59.3637568642303
2018,Canada,Toutes les matières organiques,Sources des matières non résidentielles récupérées,,15.6563792901608
2018,Canada,Déchets de nourriture et matières organiques séparées à la source,Toutes les sources des matières récupérées,,
2018,Canada,Déchets de nourriture et matières organiques séparées à la source,Sources des matières résidentielles récupérées,,
2018,Canada,Déchets de nourriture et matières organiques séparées à la source,Sources des matières non résidentielles récupérées,,
2018,Canada,Feuilles et résidus de jardin,Toutes les sources des matières récupérées,,
2018,Canada,Feuilles et résidus de jardin,Sources des matières résidentielles récupérées,,
2018,Canada,Feuilles et résidus de jardin,Sources des matières non résidentielles récupérées,,
2018,Canada,Autres matières organiques,Toutes les sources des matières récupérées,,
2018,Canada,Autres matières organiques,Sources des matières résidentielles récupérées,,
2018,Canada,Autres matières organiques,Sources des matières non résidentielles récupérées,,
2018,Canada,Autres matières,Toutes les sources des matières récupérées,,1.72561313443722
2018,Canada,Autres matières,Sources des matières résidentielles récupérées,,1.25389033739725
2018,Canada,Autres matières,Sources des matières non résidentielles récupérées,,0.471722797039972
2018,Terre-Neuve-et-Labrador,Toutes les matières,Toutes les sources des matières récupérées,10,78.9909954920685
2018,Terre-Neuve-et-Labrador,Toutes les matières,Sources des matières résidentielles récupérées,10,
2018,Terre-Neuve-et-Labrador,Toutes les matières,Sources des matières non résidentielles récupérées,10,
2018,Terre-Neuve-et-Labrador,Toutes les fibres cellulosiques,Toutes les sources des matières récupérées,10,54.2749648941526
2018,Terre-Neuve-et-Labrador,Toutes les fibres cellulosiques,Sources des matières résidentielles récupérées,10,25.455997517042
2018,Terre-Neuve-et-Labrador,Toutes les fibres cellulosiques,Sources des matières non résidentielles récupérées,10,28.8189673771106
2018,Terre-Neuve-et-Labrador,Verre,Toutes les sources des matières récupérées,10,
2018,Terre-Neuve-et-Labrador,Verre,Sources des matières résidentielles récupérées,10,
2018,Terre-Neuve-et-Labrador,Verre,Sources des matières non résidentielles récupérées,10,
2018,Terre-Neuve-et-Labrador,Métaux ferreux,Toutes les sources des matières récupérées,10,1.01059420668355
2018,Terre-Neuve-et-Labrador,Métaux ferreux,Sources des matières résidentielles récupérées,10,
2018,Terre-Neuve-et-Labrador,Métaux ferreux,Sources des matières non résidentielles récupérées,10,
2018,Terre-Neuve-et-Labrador,Cuivre et aluminium,Toutes les sources des matières récupérées,10,0.200604842525199
2018,Terre-Neuve-et-Labrador,Cuivre et aluminium,Sources des matières résidentielles récupérées,10,
2018,Terre-Neuve-et-Labrador,Cuivre et aluminium,Sources des matières non résidentielles récupérées,10,
2018,Terre-Neuve-et-Labrador,Métaux mélangés,Toutes les sources des matières récupérées,10,
2018,Terre-Neuve-et-Labrador,Métaux mélangés,Sources des matières résidentielles récupérées,10,
2018,Terre-Neuve-et-Labrador,Métaux mélangés,Sources des matières non résidentielles récupérées,10,
2018,Terre-Neuve-et-Labrador,Électroménagers,Toutes les sources des matières récupérées,10,2.3883331251585
2018,Terre-Neuve-et-Labrador,Électroménagers,Sources des matières résidentielles récupérées,10,2.3883331251585
2018,Terre-Neuve-et-Labrador,Électroménagers,Sources des matières non résidentielles récupérées,10,0.0
2018,Terre-Neuve-et-Labrador,Matériel électronique,Toutes les sources des matières récupérées,10,1.50642881745338
2018,Terre-Neuve-et-Labrador,Matériel électronique,Sources des matières résidentielles récupérées,10,
2018,Terre-Neuve-et-Labrador,Matériel électronique,Sources des matières non résidentielles récupérées,10,
2018,Terre-Neuve-et-Labrador,Matières plastiques,Toutes les sources des matières récupérées,10,2.09688835394264
2018,Terre-Neuve-et-Labrador,Matières plastiques,Sources des matières résidentielles récupérées,10,1.86789603370161
2018,Terre-Neuve-et-Labrador,Matières plastiques,Sources des matières non résidentielles récupérées,10,0.228992320241029
2018,Terre-Neuve-et-Labrador,Récipients triangulaires et aseptiques,Toutes les sources des matières récupérées,10,1.02762669331305
2018,Terre-Neuve-et-Labrador,Récipients triangulaires et aseptiques,Sources des matières résidentielles récupérées,10,0.86487182107562
2018,Terre-Neuve-et-Labrador,Récipients triangulaires et aseptiques,Sources des matières non résidentielles récupérées,10,0.162754872237425
2018,Terre-Neuve-et-Labrador,Textiles,Toutes les sources des matières récupérées,10,0.0
2018,Terre-Neuve-et-Labrador,Textiles,Sources des matières résidentielles récupérées,10,0.0
2018,Terre-Neuve-et-Labrador,Textiles,Sources des matières non résidentielles récupérées,10,0.0
2018,Terre-Neuve-et-Labrador,Pneus,Toutes les sources des matières récupérées,10,11.2206236918104
2018,Terre-Neuve-et-Labrador,Pneus,Sources des matières résidentielles récupérées,10,
2018,Terre-Neuve-et-Labrador,Pneus,Sources des matières non résidentielles récupérées,10,
2018,Terre-Neuve-et-Labrador,"Déchets provenant de la construction, de la rénovation et de la démolition",Toutes les sources des matières récupérées,10,0.0
2018,Terre-Neuve-et-Labrador,"Déchets provenant de la construction, de la rénovation et de la démolition",Sources des matières résidentielles récupérées,10,0.0
2018,Terre-Neuve-et-Labrador,"Déchets provenant de la construction, de la rénovation et de la démolition",Sources des matières non résidentielles récupérées,10,0.0
2018,Terre-Neuve-et-Labrador,Toutes les matières organiques,Toutes les sources des matières récupérées,10,1.71271115552174
2018,Terre-Neuve-et-Labrador,Toutes les matières organiques,Sources des matières résidentielles récupérées,10,
2018,Terre-Neuve-et-Labrador,Toutes les matières organiques,Sources des matières non résidentielles récupérées,10,
2018,Terre-Neuve-et-Labrador,Déchets de nourriture et matières organiques séparées à la source,Toutes les sources des matières récupérées,10,
2018,Terre-Neuve-et-Labrador,Déchets de nourriture et matières organiques séparées à la source,Sources des matières résidentielles récupérées,10,
2018,Terre-Neuve-et-Labrador,Déchets de nourriture et matières organiques séparées à la source,Sources des matières non résidentielles récupérées,10,
2018,Terre-Neuve-et-Labrador,Feuilles et résidus de jardin,Toutes les sources des matières récupérées,10,
2018,Terre-Neuve-et-Labrador,Feuilles et résidus de jardin,Sources des matières résidentielles récupérées,10,
2018,Terre-Neuve-et-Labrador,Feuilles et résidus de jardin,Sources des matières non résidentielles récupérées,10,
2018,Terre-Neuve-et-Labrador,Autres matières organiques,Toutes les sources des matières récupérées,10,
2018,Terre-Neuve-et-Labrador,Autres matières organiques,Sources des matières résidentielles récupérées,10,
2018,Terre-Neuve-et-Labrador,Autres matières organiques,Sources des matières non résidentielles récupérées,10,
2018,Terre-Neuve-et-Labrador,Autres matières,Toutes les sources des matières récupérées,10,0.0
2018,Terre-Neuve-et-Labrador,Autres matières,Sources des matières résidentielles récupérées,10,0.0
2018,Terre-Neuve-et-Labrador,Autres matières,Sources des matières non résidentielles récupérées,10,0.0
2018,Île-du-Prince-Édouard,Toutes les matières,Toutes les sources des matières récupérées,11,373.015716640724
2018,Île-du-Prince-Édouard,Toutes les matières,Sources des matières résidentielles récupérées,11,
2018,Île-du-Prince-Édouard,Toutes les matières,Sources des matières non résidentielles récupérées,11,
2018,Île-du-Prince-Édouard,Toutes les fibres cellulosiques,Toutes les sources des matières récupérées,11,80.2185749282473
2018,Île-du-Prince-Édouard,Toutes les fibres cellulosiques,Sources des matières résidentielles récupérées,11,30.4809567907316
2018,Île-du-Prince-Édouard,Toutes les fibres cellulosiques,Sources des matières non résidentielles récupérées,11,49.7376181375157
2018,Île-du-Prince-Édouard,Verre,Toutes les sources des matières récupérées,11,1.76015867699118
2018,Île-du-Prince-Édouard,Verre,Sources des matières résidentielles récupérées,11,0.669911138257837
2018,Île-du-Prince-Édouard,Verre,Sources des matières non résidentielles récupérées,11,1.09024753873334
2018,Île-du-Prince-Édouard,Métaux ferreux,Toutes les sources des matières récupérées,11,61.493901838315
2018,Île-du-Prince-Édouard,Métaux ferreux,Sources des matières résidentielles récupérées,11,23.3680767639351
2018,Île-du-Prince-Édouard,Métaux ferreux,Sources des matières non résidentielles récupérées,11,38.1258250743798
2018,Île-du-Prince-Édouard,Cuivre et aluminium,Toutes les sources des matières récupérées,11,10.6726039183234
2018,Île-du-Prince-Édouard,Cuivre et aluminium,Sources des matières résidentielles récupérées,11,4.42666771750767
2018,Île-du-Prince-Édouard,Cuivre et aluminium,Sources des matières non résidentielles récupérées,11,6.24593620081572
2018,Île-du-Prince-Édouard,Métaux mélangés,Toutes les sources des matières récupérées,11,13.1617835398893
2018,Île-du-Prince-Édouard,Métaux mélangés,Sources des matières résidentielles récupérées,11,5.00463026816149
2018,Île-du-Prince-Édouard,Métaux mélangés,Sources des matières non résidentielles récupérées,11,8.15715327172778
2018,Île-du-Prince-Édouard,Électroménagers,Toutes les sources des matières récupérées,11,44.5950649879482
2018,Île-du-Prince-Édouard,Électroménagers,Sources des matières résidentielles récupérées,11,16.9448111441688
2018,Île-du-Prince-Édouard,Électroménagers,Sources des matières non résidentielles récupérées,11,27.6502538437793
2018,Île-du-Prince-Édouard,Matériel électronique,Toutes les sources des matières récupérées,11,3.00803236590284
2018,Île-du-Prince-Édouard,Matériel électronique,Sources des matières résidentielles récupérées,11,
2018,Île-du-Prince-Édouard,Matériel électronique,Sources des matières non résidentielles récupérées,11,
2018,Île-du-Prince-Édouard,Matières plastiques,Toutes les sources des matières récupérées,11,6.16712312572656
2018,Île-du-Prince-Édouard,Matières plastiques,Sources des matières résidentielles récupérées,11,2.34468898390243
2018,Île-du-Prince-Édouard,Matières plastiques,Sources des matières non résidentielles récupérées,11,3.82243414182413
2018,Île-du-Prince-Édouard,Récipients triangulaires et aseptiques,Toutes les sources des matières récupérées,11,0.0
2018,Île-du-Prince-Édouard,Récipients triangulaires et aseptiques,Sources des matières résidentielles récupérées,11,0.0
2018,Île-du-Prince-Édouard,Récipients triangulaires et aseptiques,Sources des matières non résidentielles récupérées,11,0.0
2018,Île-du-Prince-Édouard,Textiles,Toutes les sources des matières récupérées,11,0.0
2018,Île-du-Prince-Édouard,Textiles,Sources des matières résidentielles récupérées,11,0.0
2018,Île-du-Prince-Édouard,Textiles,Sources des matières non résidentielles récupérées,11,0.0
2018,Île-du-Prince-Édouard,Pneus,Toutes les sources des matières récupérées,11,15.4604982299897
2018,Île-du-Prince-Édouard,Pneus,Sources des matières résidentielles récupérées,11,
2018,Île-du-Prince-Édouard,Pneus,Sources des matières non résidentielles récupérées,11,
2018,Île-du-Prince-Édouard,"Déchets provenant de la construction, de la rénovation et de la démolition",Toutes les sources des matières récupérées,11,0.0
2018,Île-du-Prince-Édouard,"Déchets provenant de la construction, de la rénovation et de la démolition",Sources des matières résidentielles récupérées,11,0.0
2018,Île-du-Prince-Édouard,"Déchets provenant de la construction, de la rénovation et de la démolition",Sources des matières non résidentielles récupérées,11,0.0
2018,Île-du-Prince-Édouard,Toutes les matières organiques,Toutes les sources des matières récupérées,11,134.277776683152
2018,Île-du-Prince-Édouard,Toutes les matières organiques,Sources des matières résidentielles récupérées,11,105.845959844738
2018,Île-du-Prince-Édouard,Toutes les matières organiques,Sources des matières non résidentielles récupérées,11,28.4318168384135
2018,Île-du-Prince-Édouard,Déchets de nourriture et matières organiques séparées à la source,Toutes les sources des matières récupérées,11,122.061750044332
2018,Île-du-Prince-Édouard,Déchets de nourriture et matières organiques séparées à la source,Sources des matières résidentielles récupérées,11,
2018,Île-du-Prince-Édouard,Déchets de nourriture et matières organiques séparées à la source,Sources des matières non résidentielles récupérées,11,
2018,Île-du-Prince-Édouard,Feuilles et résidus de jardin,Toutes les sources des matières récupérées,11,12.2160266388194
2018,Île-du-Prince-Édouard,Feuilles et résidus de jardin,Sources des matières résidentielles récupérées,11,
2018,Île-du-Prince-Édouard,Feuilles et résidus de jardin,Sources des matières non résidentielles récupérées,11,
2018,Île-du-Prince-Édouard,Autres matières organiques,Toutes les sources des matières récupérées,11,0.0
2018,Île-du-Prince-Édouard,Autres matières organiques,Sources des matières résidentielles récupérées,11,
2018,Île-du-Prince-Édouard,Autres matières organiques,Sources des matières non résidentielles récupérées,11,
2018,Île-du-Prince-Édouard,Autres matières,Toutes les sources des matières récupérées,11,2.20019834623897
2018,Île-du-Prince-Édouard,Autres matières,Sources des matières résidentielles récupérées,11,0.834105044693581
2018,Île-du-Prince-Édouard,Autres matières,Sources des matières non résidentielles récupérées,11,1.36609330154539
2018,Nouvelle-Écosse,Toutes les matières,Toutes les sources des matières récupérées,12,329.172868558694
2018,Nouvelle-Écosse,Toutes les matières,Sources des matières résidentielles récupérées,12,
2018,Nouvelle-Écosse,Toutes les matières,Sources des matières non résidentielles récupérées,12,
2018,Nouvelle-Écosse,Toutes les fibres cellulosiques,Toutes les sources des matières récupérées,12,76.3581104116948
2018,Nouvelle-Écosse,Toutes les fibres cellulosiques,Sources des matières résidentielles récupérées,12,41.4407653481236
2018,Nouvelle-Écosse,Toutes les fibres cellulosiques,Sources des matières non résidentielles récupérées,12,34.9173450635711
2018,Nouvelle-Écosse,Verre,Toutes les sources des matières récupérées,12,4.34894685636834
2018,Nouvelle-Écosse,Verre,Sources des matières résidentielles récupérées,12,
2018,Nouvelle-Écosse,Verre,Sources des matières non résidentielles récupérées,12,
2018,Nouvelle-Écosse,Métaux ferreux,Toutes les sources des matières récupérées,12,5.75424708337837
2018,Nouvelle-Écosse,Métaux ferreux,Sources des matières résidentielles récupérées,12,5.33016239948777
2018,Nouvelle-Écosse,Métaux ferreux,Sources des matières non résidentielles récupérées,12,0.424084683890603
2018,Nouvelle-Écosse,Cuivre et aluminium,Toutes les sources des matières récupérées,12,0.472937576397608
2018,Nouvelle-Écosse,Cuivre et aluminium,Sources des matières résidentielles récupérées,12,0.440715455807881
2018,Nouvelle-Écosse,Cuivre et aluminium,Sources des matières non résidentielles récupérées,12,0.0322221205897272
2018,Nouvelle-Écosse,Métaux mélangés,Toutes les sources des matières récupérées,12,
2018,Nouvelle-Écosse,Métaux mélangés,Sources des matières résidentielles récupérées,12,
2018,Nouvelle-Écosse,Métaux mélangés,Sources des matières non résidentielles récupérées,12,
2018,Nouvelle-Écosse,Électroménagers,Toutes les sources des matières récupérées,12,1.13920787633358
2018,Nouvelle-Écosse,Électroménagers,Sources des matières résidentielles récupérées,12,
2018,Nouvelle-Écosse,Électroménagers,Sources des matières non résidentielles récupérées,12,
2018,Nouvelle-Écosse,Matériel électronique,Toutes les sources des matières récupérées,12,3.29393226286598
2018,Nouvelle-Écosse,Matériel électronique,Sources des matières résidentielles récupérées,12,
2018,Nouvelle-Écosse,Matériel électronique,Sources des matières non résidentielles récupérées,12,
2018,Nouvelle-Écosse,Matières plastiques,Toutes les sources des matières récupérées,12,15.6131765605901
2018,Nouvelle-Écosse,Matières plastiques,Sources des matières résidentielles récupérées,12,11.1478143008008
2018,Nouvelle-Écosse,Matières plastiques,Sources des matières non résidentielles récupérées,12,4.46536225978929
2018,Nouvelle-Écosse,Récipients triangulaires et aseptiques,Toutes les sources des matières récupérées,12,1.09555210005072
2018,Nouvelle-Écosse,Récipients triangulaires et aseptiques,Sources des matières résidentielles récupérées,12,1.01031939397467
2018,Nouvelle-Écosse,Récipients triangulaires et aseptiques,Sources des matières non résidentielles récupérées,12,0.0852327060760525
2018,Nouvelle-Écosse,Textiles,Toutes les sources des matières récupérées,12,
2018,Nouvelle-Écosse,Textiles,Sources des matières résidentielles récupérées,12,
2018,Nouvelle-Écosse,Textiles,Sources des matières non résidentielles récupérées,12,
2018,Nouvelle-Écosse,Pneus,Toutes les sources des matières récupérées,12,14.8346485502125
2018,Nouvelle-Écosse,Pneus,Sources des matières résidentielles récupérées,12,
2018,Nouvelle-Écosse,Pneus,Sources des matières non résidentielles récupérées,12,
2018,Nouvelle-Écosse,"Déchets provenant de la construction, de la rénovation et de la démolition",Toutes les sources des matières récupérées,12,51.5491564040945
2018,Nouvelle-Écosse,"Déchets provenant de la construction, de la rénovation et de la démolition",Sources des matières résidentielles récupérées,12,5.463208574826
2018,Nouvelle-Écosse,"Déchets provenant de la construction, de la rénovation et de la démolition",Sources des matières non résidentielles récupérées,12,46.0869872525133
2018,Nouvelle-Écosse,Toutes les matières organiques,Toutes les sources des matières récupérées,12,154.196359524027
2018,Nouvelle-Écosse,Toutes les matières organiques,Sources des matières résidentielles récupérées,12,101.026742281243
2018,Nouvelle-Écosse,Toutes les matières organiques,Sources des matières non résidentielles récupérées,12,53.1696172427843
2018,Nouvelle-Écosse,Déchets de nourriture et matières organiques séparées à la source,Toutes les sources des matières récupérées,12,101.614016414572
2018,Nouvelle-Écosse,Déchets de nourriture et matières organiques séparées à la source,Sources des matières résidentielles récupérées,12,
2018,Nouvelle-Écosse,Déchets de nourriture et matières organiques séparées à la source,Sources des matières non résidentielles récupérées,12,
2018,Nouvelle-Écosse,Feuilles et résidus de jardin,Toutes les sources des matières récupérées,12,19.0796530820978
2018,Nouvelle-Écosse,Feuilles et résidus de jardin,Sources des matières résidentielles récupérées,12,
2018,Nouvelle-Écosse,Feuilles et résidus de jardin,Sources des matières non résidentielles récupérées,12,
2018,Nouvelle-Écosse,Autres matières organiques,Toutes les sources des matières récupérées,12,33.5026900273576
2018,Nouvelle-Écosse,Autres matières organiques,Sources des matières résidentielles récupérées,12,
2018,Nouvelle-Écosse,Autres matières organiques,Sources des matières non résidentielles récupérées,12,
2018,Nouvelle-Écosse,Autres matières,Toutes les sources des matières récupérées,12,
2018,Nouvelle-Écosse,Autres matières,Sources des matières résidentielles récupérées,12,
2018,Nouvelle-Écosse,Autres matières,Sources des matières non résidentielles récupérées,12,
2018,Nouveau-Brunswick,Toutes les matières,Toutes les sources des matières récupérées,13,212.512183694421
2018,Nouveau-Brunswick,Toutes les matières,Sources des matières résidentielles récupérées,13,
2018,Nouveau-Brunswick,Toutes les matières,Sources des matières non résidentielles récupérées,13,
2018,Nouveau-Brunswick,Toutes les fibres cellulosiques,Toutes les sources des matières récupérées,13,36.4959240594058
2018,Nouveau-Brunswick,Toutes les fibres cellulosiques,Sources des matières résidentielles récupérées,13,21.3680260922495
2018,Nouveau-Brunswick,Toutes les fibres cellulosiques,Sources des matières non résidentielles récupérées,13,15.1278979671563
2018,Nouveau-Brunswick,Verre,Toutes les sources des matières récupérées,13,5.71579123604634
2018,Nouveau-Brunswick,Verre,Sources des matières résidentielles récupérées,13,2.88125716258467
2018,Nouveau-Brunswick,Verre,Sources des matières non résidentielles récupérées,13,2.83453407346167
2018,Nouveau-Brunswick,Métaux ferreux,Toutes les sources des matières récupérées,13,1.97145478827302
2018,Nouveau-Brunswick,Métaux ferreux,Sources des matières résidentielles récupérées,13,1.42894780901159
2018,Nouveau-Brunswick,Métaux ferreux,Sources des matières non résidentielles récupérées,13,0.542506979261438
2018,Nouveau-Brunswick,Cuivre et aluminium,Toutes les sources des matières récupérées,13,2.80208748379293
2018,Nouveau-Brunswick,Cuivre et aluminium,Sources des matières résidentielles récupérées,13,2.61000367295395
2018,Nouveau-Brunswick,Cuivre et aluminium,Sources des matières non résidentielles récupérées,13,0.192083810838978
2018,Nouveau-Brunswick,Métaux mélangés,Toutes les sources des matières récupérées,13,0.802079696611408
2018,Nouveau-Brunswick,Métaux mélangés,Sources des matières résidentielles récupérées,13,
2018,Nouveau-Brunswick,Métaux mélangés,Sources des matières non résidentielles récupérées,13,
2018,Nouveau-Brunswick,Électroménagers,Toutes les sources des matières récupérées,13,0.17391372062448
2018,Nouveau-Brunswick,Électroménagers,Sources des matières résidentielles récupérées,13,
2018,Nouveau-Brunswick,Électroménagers,Sources des matières non résidentielles récupérées,13,
2018,Nouveau-Brunswick,Matériel électronique,Toutes les sources des matières récupérées,13,1.11746054819162
2018,Nouveau-Brunswick,Matériel électronique,Sources des matières résidentielles récupérées,13,
2018,Nouveau-Brunswick,Matériel électronique,Sources des matières non résidentielles récupérées,13,
2018,Nouveau-Brunswick,Matières plastiques,Toutes les sources des matières récupérées,13,7.10839886462893
2018,Nouveau-Brunswick,Matières plastiques,Sources des matières résidentielles récupérées,13,4.06620661728728
2018,Nouveau-Brunswick,Matières plastiques,Sources des matières non résidentielles récupérées,13,3.04219224734165
2018,Nouveau-Brunswick,Récipients triangulaires et aseptiques,Toutes les sources des matières récupérées,13,0.61388947653268
2018,Nouveau-Brunswick,Récipients triangulaires et aseptiques,Sources des matières résidentielles récupérées,13,
2018,Nouveau-Brunswick,Récipients triangulaires et aseptiques,Sources des matières non résidentielles récupérées,13,
2018,Nouveau-Brunswick,Textiles,Toutes les sources des matières récupérées,13,0.0
2018,Nouveau-Brunswick,Textiles,Sources des matières résidentielles récupérées,13,0.0
2018,Nouveau-Brunswick,Textiles,Sources des matières non résidentielles récupérées,13,0.0
2018,Nouveau-Brunswick,Pneus,Toutes les sources des matières récupérées,13,14.0753305983021
2018,Nouveau-Brunswick,Pneus,Sources des matières résidentielles récupérées,13,
2018,Nouveau-Brunswick,Pneus,Sources des matières non résidentielles récupérées,13,
2018,Nouveau-Brunswick,"Déchets provenant de la construction, de la rénovation et de la démolition",Toutes les sources des matières récupérées,13,14.0376925542864
2018,Nouveau-Brunswick,"Déchets provenant de la construction, de la rénovation et de la démolition",Sources des matières résidentielles récupérées,13,0.830632695519905
2018,Nouveau-Brunswick,"Déchets provenant de la construction, de la rénovation et de la démolition",Sources des matières non résidentielles récupérées,13,13.2070598587665
2018,Nouveau-Brunswick,Toutes les matières organiques,Toutes les sources des matières récupérées,13,122.337919550628
2018,Nouveau-Brunswick,Toutes les matières organiques,Sources des matières résidentielles récupérées,13,
2018,Nouveau-Brunswick,Toutes les matières organiques,Sources des matières non résidentielles récupérées,13,
2018,Nouveau-Brunswick,Déchets de nourriture et matières organiques séparées à la source,Toutes les sources des matières récupérées,13,
2018,Nouveau-Brunswick,Déchets de nourriture et matières organiques séparées à la source,Sources des matières résidentielles récupérées,13,
2018,Nouveau-Brunswick,Déchets de nourriture et matières organiques séparées à la source,Sources des matières non résidentielles récupérées,13,
2018,Nouveau-Brunswick,Feuilles et résidus de jardin,Toutes les sources des matières récupérées,13,21.3044307764988
2018,Nouveau-Brunswick,Feuilles et résidus de jardin,Sources des matières résidentielles récupérées,13,
2018,Nouveau-Brunswick,Feuilles et résidus de jardin,Sources des matières non résidentielles récupérées,13,
2018,Nouveau-Brunswick,Autres matières organiques,Toutes les sources des matières récupérées,13,
2018,Nouveau-Brunswick,Autres matières organiques,Sources des matières résidentielles récupérées,13,
2018,Nouveau-Brunswick,Autres matières organiques,Sources des matières non résidentielles récupérées,13,
2018,Nouveau-Brunswick,Autres matières,Toutes les sources des matières récupérées,13,5.26024111709715
2018,Nouveau-Brunswick,Autres matières,Sources des matières résidentielles récupérées,13,4.7878187715202
2018,Nouveau-Brunswick,Autres matières,Sources des matières non résidentielles récupérées,13,0.472422345576946
2018,Québec,Toutes les matières,Toutes les sources des matières récupérées,24,167.117704634259
2018,Québec,Toutes les matières,Sources des matières résidentielles récupérées,24,
2018,Québec,Toutes les matières,Sources des matières non résidentielles récupérées,24,
2018,Québec,Toutes les fibres cellulosiques,Toutes les sources des matières récupérées,24,65.5780628741005
2018,Québec,Toutes les fibres cellulosiques,Sources des matières résidentielles récupérées,24,22.2965413771942
2018,Québec,Toutes les fibres cellulosiques,Sources des matières non résidentielles récupérées,24,43.2815214969063
2018,Québec,Verre,Toutes les sources des matières récupérées,24,8.76134843282142
2018,Québec,Verre,Sources des matières résidentielles récupérées,24,3.32933863569729
2018,Québec,Verre,Sources des matières non résidentielles récupérées,24,5.43200979712413
2018,Québec,Métaux ferreux,Toutes les sources des matières récupérées,24,2.75582866765288
2018,Québec,Métaux ferreux,Sources des matières résidentielles récupérées,24,2.75582866765288
2018,Québec,Métaux ferreux,Sources des matières non résidentielles récupérées,24,
2018,Québec,Cuivre et aluminium,Toutes les sources des matières récupérées,24,0.835226055332862
2018,Québec,Cuivre et aluminium,Sources des matières résidentielles récupérées,24,0.835226055332862
2018,Québec,Cuivre et aluminium,Sources des matières non résidentielles récupérées,24,
2018,Québec,Métaux mélangés,Toutes les sources des matières récupérées,24,0.978066999556812
2018,Québec,Métaux mélangés,Sources des matières résidentielles récupérées,24,0.978066999556812
2018,Québec,Métaux mélangés,Sources des matières non résidentielles récupérées,24,
2018,Québec,Électroménagers,Toutes les sources des matières récupérées,24,0.715397049535642
2018,Québec,Électroménagers,Sources des matières résidentielles récupérées,24,0.67962719705886
2018,Québec,Électroménagers,Sources des matières non résidentielles récupérées,24,0.0357698524767821
2018,Québec,Matériel électronique,Toutes les sources des matières récupérées,24,2.5500327830698
2018,Québec,Matériel électronique,Sources des matières résidentielles récupérées,24,
2018,Québec,Matériel électronique,Sources des matières non résidentielles récupérées,24,
2018,Québec,Matières plastiques,Toutes les sources des matières récupérées,24,6.76050211811181
2018,Québec,Matières plastiques,Sources des matières résidentielles récupérées,24,4.66474646149715
2018,Québec,Matières plastiques,Sources des matières non résidentielles récupérées,24,2.09575565661466
2018,Québec,Récipients triangulaires et aseptiques,Toutes les sources des matières récupérées,24,0.0
2018,Québec,Récipients triangulaires et aseptiques,Sources des matières résidentielles récupérées,24,0.0
2018,Québec,Récipients triangulaires et aseptiques,Sources des matières non résidentielles récupérées,24,0.0
2018,Québec,Textiles,Toutes les sources des matières récupérées,24,1.05759530489686
2018,Québec,Textiles,Sources des matières résidentielles récupérées,24,0.909508115642979
2018,Québec,Textiles,Sources des matières non résidentielles récupérées,24,0.148087189253878
2018,Québec,Pneus,Toutes les sources des matières récupérées,24,10.9515364999748
2018,Québec,Pneus,Sources des matières résidentielles récupérées,24,
2018,Québec,Pneus,Sources des matières non résidentielles récupérées,24,
2018,Québec,"Déchets provenant de la construction, de la rénovation et de la démolition",Toutes les sources des matières récupérées,24,13.950242465945
2018,Québec,"Déchets provenant de la construction, de la rénovation et de la démolition",Sources des matières résidentielles récupérées,24,0.0
2018,Québec,"Déchets provenant de la construction, de la rénovation et de la démolition",Sources des matières non résidentielles récupérées,24,13.950242465945
2018,Québec,Toutes les matières organiques,Toutes les sources des matières récupérées,24,52.2239846161018
2018,Québec,Toutes les matières organiques,Sources des matières résidentielles récupérées,24,46.1431096950489
2018,Québec,Toutes les matières organiques,Sources des matières non résidentielles récupérées,24,6.08087492105295
2018,Québec,Déchets de nourriture et matières organiques séparées à la source,Toutes les sources des matières récupérées,24,
2018,Québec,Déchets de nourriture et matières organiques séparées à la source,Sources des matières résidentielles récupérées,24,
2018,Québec,Déchets de nourriture et matières organiques séparées à la source,Sources des matières non résidentielles récupérées,24,
2018,Québec,Feuilles et résidus de jardin,Toutes les sources des matières récupérées,24,
2018,Québec,Feuilles et résidus de jardin,Sources des matières résidentielles récupérées,24,
2018,Québec,Feuilles et résidus de jardin,Sources des matières non résidentielles récupérées,24,
2018,Québec,Autres matières organiques,Toutes les sources des matières récupérées,24,
2018,Québec,Autres matières organiques,Sources des matières résidentielles récupérées,24,
2018,Québec,Autres matières organiques,Sources des matières non résidentielles récupérées,24,
2018,Québec,Autres matières,Toutes les sources des matières récupérées,24,0.0
2018,Québec,Autres matières,Sources des matières résidentielles récupérées,24,0.0
2018,Québec,Autres matières,Sources des matières non résidentielles récupérées,24,0.0
2018,Ontario,Toutes les matières,Toutes les sources des matières récupérées,35,233.21646101634
2018,Ontario,Toutes les matières,Sources des matières résidentielles récupérées,35,
2018,Ontario,Toutes les matières,Sources des matières non résidentielles récupérées,35,
2018,Ontario,Toutes les fibres cellulosiques,Toutes les sources des matières récupérées,35,92.0460235701812
2018,Ontario,Toutes les fibres cellulosiques,Sources des matières résidentielles récupérées,35,40.6184349188574
2018,Ontario,Toutes les fibres cellulosiques,Sources des matières non résidentielles récupérées,35,51.4275886513239
2018,Ontario,Verre,Toutes les sources des matières récupérées,35,7.96726625850699
2018,Ontario,Verre,Sources des matières résidentielles récupérées,35,5.85799455089104
2018,Ontario,Verre,Sources des matières non résidentielles récupérées,35,2.10927170761595
2018,Ontario,Métaux ferreux,Toutes les sources des matières récupérées,35,8.07294273242507
2018,Ontario,Métaux ferreux,Sources des matières résidentielles récupérées,35,2.69063191320625
2018,Ontario,Métaux ferreux,Sources des matières non résidentielles récupérées,35,5.38231081921882
2018,Ontario,Cuivre et aluminium,Toutes les sources des matières récupérées,35,1.54201100515079
2018,Ontario,Cuivre et aluminium,Sources des matières résidentielles récupérées,35,0.827054517473821
2018,Ontario,Cuivre et aluminium,Sources des matières non résidentielles récupérées,35,0.714956487676965
2018,Ontario,Métaux mélangés,Toutes les sources des matières récupérées,35,2.74961250796238
2018,Ontario,Métaux mélangés,Sources des matières résidentielles récupérées,35,1.02800733676719
2018,Ontario,Métaux mélangés,Sources des matières non résidentielles récupérées,35,1.72160517119519
2018,Ontario,Électroménagers,Toutes les sources des matières récupérées,35,0.796412528008803
2018,Ontario,Électroménagers,Sources des matières résidentielles récupérées,35,0.701903977358152
2018,Ontario,Électroménagers,Sources des matières non résidentielles récupérées,35,0.0945085506506502
2018,Ontario,Matériel électronique,Toutes les sources des matières récupérées,35,3.20847455521303
2018,Ontario,Matériel électronique,Sources des matières résidentielles récupérées,35,
2018,Ontario,Matériel électronique,Sources des matières non résidentielles récupérées,35,
2018,Ontario,Matières plastiques,Toutes les sources des matières récupérées,35,8.76814595582277
2018,Ontario,Matières plastiques,Sources des matières résidentielles récupérées,35,6.86582982625643
2018,Ontario,Matières plastiques,Sources des matières non résidentielles récupérées,35,1.90231612956634
2018,Ontario,Récipients triangulaires et aseptiques,Toutes les sources des matières récupérées,35,0.627707087150146
2018,Ontario,Récipients triangulaires et aseptiques,Sources des matières résidentielles récupérées,35,0.512747277016009
2018,Ontario,Récipients triangulaires et aseptiques,Sources des matières non résidentielles récupérées,35,0.114959810134137
2018,Ontario,Textiles,Toutes les sources des matières récupérées,35,0.084666818271225
2018,Ontario,Textiles,Sources des matières résidentielles récupérées,35,0.0841782216282748
2018,Ontario,Textiles,Sources des matières non résidentielles récupérées,35,0.0004885966429501
2018,Ontario,Pneus,Toutes les sources des matières récupérées,35,14.7070381508823
2018,Ontario,Pneus,Sources des matières résidentielles récupérées,35,
2018,Ontario,Pneus,Sources des matières non résidentielles récupérées,35,
2018,Ontario,"Déchets provenant de la construction, de la rénovation et de la démolition",Toutes les sources des matières récupérées,35,10.9105026361185
2018,Ontario,"Déchets provenant de la construction, de la rénovation et de la démolition",Sources des matières résidentielles récupérées,35,3.76030956366505
2018,Ontario,"Déchets provenant de la construction, de la rénovation et de la démolition",Sources des matières non résidentielles récupérées,35,7.15019307245344
2018,Ontario,Toutes les matières organiques,Toutes les sources des matières récupérées,35,79.9322470015173
2018,Ontario,Toutes les matières organiques,Sources des matières résidentielles récupérées,35,73.506154153916
2018,Ontario,Toutes les matières organiques,Sources des matières non résidentielles récupérées,35,6.42609284760126
2018,Ontario,Déchets de nourriture et matières organiques séparées à la source,Toutes les sources des matières récupérées,35,39.4252121172526
2018,Ontario,Déchets de nourriture et matières organiques séparées à la source,Sources des matières résidentielles récupérées,35,
2018,Ontario,Déchets de nourriture et matières organiques séparées à la source,Sources des matières non résidentielles récupérées,35,
2018,Ontario,Feuilles et résidus de jardin,Toutes les sources des matières récupérées,35,38.3008116427834
2018,Ontario,Feuilles et résidus de jardin,Sources des matières résidentielles récupérées,35,
2018,Ontario,Feuilles et résidus de jardin,Sources des matières non résidentielles récupérées,35,
2018,Ontario,Autres matières organiques,Toutes les sources des matières récupérées,35,2.20622324148135
2018,Ontario,Autres matières organiques,Sources des matières résidentielles récupérées,35,
2018,Ontario,Autres matières organiques,Sources des matières non résidentielles récupérées,35,
2018,Ontario,Autres matières,Toutes les sources des matières récupérées,35,1.80341020912914
2018,Ontario,Autres matières,Sources des matières résidentielles récupérées,35,1.31383637289305
2018,Ontario,Autres matières,Sources des matières non résidentielles récupérées,35,0.489573836236086
2018,Manitoba,Toutes les matières,Toutes les sources des matières récupérées,46,163.893790655192
2018,Manitoba,Toutes les matières,Sources des matières résidentielles récupérées,46,
2018,Manitoba,Toutes les matières,Sources des matières non résidentielles récupérées,46,
2018,Manitoba,Toutes les fibres cellulosiques,Toutes les sources des matières récupérées,46,64.8073057551377
2018,Manitoba,Toutes les fibres cellulosiques,Sources des matières résidentielles récupérées,46,39.6869342279478
2018,Manitoba,Toutes les fibres cellulosiques,Sources des matières non résidentielles récupérées,46,25.12037152719
2018,Manitoba,Verre,Toutes les sources des matières récupérées,46,6.66451292871152
2018,Manitoba,Verre,Sources des matières résidentielles récupérées,46,6.2919211909333
2018,Manitoba,Verre,Sources des matières non résidentielles récupérées,46,0.372591737778215
2018,Manitoba,Métaux ferreux,Toutes les sources des matières récupérées,46,
2018,Manitoba,Métaux ferreux,Sources des matières résidentielles récupérées,46,
2018,Manitoba,Métaux ferreux,Sources des matières non résidentielles récupérées,46,
2018,Manitoba,Cuivre et aluminium,Toutes les sources des matières récupérées,46,1.90066142426149
2018,Manitoba,Cuivre et aluminium,Sources des matières résidentielles récupérées,46,1.63156739142167
2018,Manitoba,Cuivre et aluminium,Sources des matières non résidentielles récupérées,46,0.269094032839822
2018,Manitoba,Métaux mélangés,Toutes les sources des matières récupérées,46,3.1041918788308
2018,Manitoba,Métaux mélangés,Sources des matières résidentielles récupérées,46,2.42997825808927
2018,Manitoba,Métaux mélangés,Sources des matières non résidentielles récupérées,46,0.674213620741531
2018,Manitoba,Électroménagers,Toutes les sources des matières récupérées,46,2.19784769129887
2018,Manitoba,Électroménagers,Sources des matières résidentielles récupérées,46,1.34842724148306
2018,Manitoba,Électroménagers,Sources des matières non résidentielles récupérées,46,0.849420449815811
2018,Manitoba,Matériel électronique,Toutes les sources des matières récupérées,46,2.23555042666929
2018,Manitoba,Matériel électronique,Sources des matières résidentielles récupérées,46,
2018,Manitoba,Matériel électronique,Sources des matières non résidentielles récupérées,46,
2018,Manitoba,Matières plastiques,Toutes les sources des matières récupérées,46,5.01816015087008
2018,Manitoba,Matières plastiques,Sources des matières résidentielles récupérées,46,4.23970955586917
2018,Manitoba,Matières plastiques,Sources des matières non résidentielles récupérées,46,0.778450595000913
2018,Manitoba,Récipients triangulaires et aseptiques,Toutes les sources des matières récupérées,46,
2018,Manitoba,Récipients triangulaires et aseptiques,Sources des matières résidentielles récupérées,46,
2018,Manitoba,Récipients triangulaires et aseptiques,Sources des matières non résidentielles récupérées,46,
2018,Manitoba,Textiles,Toutes les sources des matières récupérées,46,
2018,Manitoba,Textiles,Sources des matières résidentielles récupérées,46,
2018,Manitoba,Textiles,Sources des matières non résidentielles récupérées,46,
2018,Manitoba,Pneus,Toutes les sources des matières récupérées,46,11.8320054824213
2018,Manitoba,Pneus,Sources des matières résidentielles récupérées,46,
2018,Manitoba,Pneus,Sources des matières non résidentielles récupérées,46,
2018,Manitoba,"Déchets provenant de la construction, de la rénovation et de la démolition",Toutes les sources des matières récupérées,46,2.95412020667013
2018,Manitoba,"Déchets provenant de la construction, de la rénovation et de la démolition",Sources des matières résidentielles récupérées,46,1.91027192543434
2018,Manitoba,"Déchets provenant de la construction, de la rénovation et de la démolition",Sources des matières non résidentielles récupérées,46,1.04384828123579
2018,Manitoba,Toutes les matières organiques,Toutes les sources des matières récupérées,46,41.6001632306661
2018,Manitoba,Toutes les matières organiques,Sources des matières résidentielles récupérées,46,31.9312597814572
2018,Manitoba,Toutes les matières organiques,Sources des matières non résidentielles récupérées,46,9.66890344920887
2018,Manitoba,Déchets de nourriture et matières organiques séparées à la source,Toutes les sources des matières récupérées,46,
2018,Manitoba,Déchets de nourriture et matières organiques séparées à la source,Sources des matières résidentielles récupérées,46,
2018,Manitoba,Déchets de nourriture et matières organiques séparées à la source,Sources des matières non résidentielles récupérées,46,
2018,Manitoba,Feuilles et résidus de jardin,Toutes les sources des matières récupérées,46,31.171290919481
2018,Manitoba,Feuilles et résidus de jardin,Sources des matières résidentielles récupérées,46,
2018,Manitoba,Feuilles et résidus de jardin,Sources des matières non résidentielles récupérées,46,
2018,Manitoba,Autres matières organiques,Toutes les sources des matières récupérées,46,
2018,Manitoba,Autres matières organiques,Sources des matières résidentielles récupérées,46,
2018,Manitoba,Autres matières organiques,Sources des matières non résidentielles récupérées,46,
2018,Manitoba,Autres matières,Toutes les sources des matières récupérées,46,4.60712640840047
2018,Manitoba,Autres matières,Sources des matières résidentielles récupérées,46,2.6022280098796
2018,Manitoba,Autres matières,Sources des matières non résidentielles récupérées,46,2.00489839852087
2018,Saskatchewan,Toutes les matières,Toutes les sources des matières récupérées,47,168.396744536027
2018,Saskatchewan,Toutes les matières,Sources des matières résidentielles récupérées,47,
2018,Saskatchewan,Toutes les matières,Sources des matières non résidentielles récupérées,47,
2018,Saskatchewan,Toutes les fibres cellulosiques,Toutes les sources des matières récupérées,47,49.6267979000355
2018,Saskatchewan,Toutes les fibres cellulosiques,Sources des matières résidentielles récupérées,47,32.6990771572638
2018,Saskatchewan,Toutes les fibres cellulosiques,Sources des matières non résidentielles récupérées,47,16.9277207427716
2018,Saskatchewan,Verre,Toutes les sources des matières récupérées,47,
2018,Saskatchewan,Verre,Sources des matières résidentielles récupérées,47,
2018,Saskatchewan,Verre,Sources des matières non résidentielles récupérées,47,
2018,Saskatchewan,Métaux ferreux,Toutes les sources des matières récupérées,47,
2018,Saskatchewan,Métaux ferreux,Sources des matières résidentielles récupérées,47,
2018,Saskatchewan,Métaux ferreux,Sources des matières non résidentielles récupérées,47,
2018,Saskatchewan,Cuivre et aluminium,Toutes les sources des matières récupérées,47,6.63633768952007
2018,Saskatchewan,Cuivre et aluminium,Sources des matières résidentielles récupérées,47,5.86225685645341
2018,Saskatchewan,Cuivre et aluminium,Sources des matières non résidentielles récupérées,47,0.774080833066657
2018,Saskatchewan,Métaux mélangés,Toutes les sources des matières récupérées,47,1.40199444737548
2018,Saskatchewan,Métaux mélangés,Sources des matières résidentielles récupérées,47,0.856245837693845
2018,Saskatchewan,Métaux mélangés,Sources des matières non résidentielles récupérées,47,0.545748609681632
2018,Saskatchewan,Électroménagers,Toutes les sources des matières récupérées,47,1.60437982719402
2018,Saskatchewan,Électroménagers,Sources des matières résidentielles récupérées,47,0.864029890763789
2018,Saskatchewan,Électroménagers,Sources des matières non résidentielles récupérées,47,0.740349936430233
2018,Saskatchewan,Matériel électronique,Toutes les sources des matières récupérées,47,2.02731337732765
2018,Saskatchewan,Matériel électronique,Sources des matières résidentielles récupérées,47,
2018,Saskatchewan,Matériel électronique,Sources des matières non résidentielles récupérées,47,
2018,Saskatchewan,Matières plastiques,Toutes les sources des matières récupérées,47,9.31751152472302
2018,Saskatchewan,Matières plastiques,Sources des matières résidentielles récupérées,47,8.57370200915059
2018,Saskatchewan,Matières plastiques,Sources des matières non résidentielles récupérées,47,0.743809515572431
2018,Saskatchewan,Récipients triangulaires et aseptiques,Toutes les sources des matières récupérées,47,1.63119156554605
2018,Saskatchewan,Récipients triangulaires et aseptiques,Sources des matières résidentielles récupérées,47,
2018,Saskatchewan,Récipients triangulaires et aseptiques,Sources des matières non résidentielles récupérées,47,
2018,Saskatchewan,Textiles,Toutes les sources des matières récupérées,47,0.0
2018,Saskatchewan,Textiles,Sources des matières résidentielles récupérées,47,0.0
2018,Saskatchewan,Textiles,Sources des matières non résidentielles récupérées,47,0.0
2018,Saskatchewan,Pneus,Toutes les sources des matières récupérées,47,14.7525103571151
2018,Saskatchewan,Pneus,Sources des matières résidentielles récupérées,47,
2018,Saskatchewan,Pneus,Sources des matières non résidentielles récupérées,47,
2018,Saskatchewan,"Déchets provenant de la construction, de la rénovation et de la démolition",Toutes les sources des matières récupérées,47,3.44833550998521
2018,Saskatchewan,"Déchets provenant de la construction, de la rénovation et de la démolition",Sources des matières résidentielles récupérées,47,
2018,Saskatchewan,"Déchets provenant de la construction, de la rénovation et de la démolition",Sources des matières non résidentielles récupérées,47,
2018,Saskatchewan,Toutes les matières organiques,Toutes les sources des matières récupérées,47,28.59169182069
2018,Saskatchewan,Toutes les matières organiques,Sources des matières résidentielles récupérées,47,21.4537151555513
2018,Saskatchewan,Toutes les matières organiques,Sources des matières non résidentielles récupérées,47,7.13797666513869
2018,Saskatchewan,Déchets de nourriture et matières organiques séparées à la source,Toutes les sources des matières récupérées,47,
2018,Saskatchewan,Déchets de nourriture et matières organiques séparées à la source,Sources des matières résidentielles récupérées,47,
2018,Saskatchewan,Déchets de nourriture et matières organiques séparées à la source,Sources des matières non résidentielles récupérées,47,
2018,Saskatchewan,Feuilles et résidus de jardin,Toutes les sources des matières récupérées,47,13.5010076024252
2018,Saskatchewan,Feuilles et résidus de jardin,Sources des matières résidentielles récupérées,47,
2018,Saskatchewan,Feuilles et résidus de jardin,Sources des matières non résidentielles récupérées,47,
2018,Saskatchewan,Autres matières organiques,Toutes les sources des matières récupérées,47,
2018,Saskatchewan,Autres matières organiques,Sources des matières résidentielles récupérées,47,
2018,Saskatchewan,Autres matières organiques,Sources des matières non résidentielles récupérées,47,
2018,Saskatchewan,Autres matières,Toutes les sources des matières récupérées,47,1.16674306570606
2018,Saskatchewan,Autres matières,Sources des matières résidentielles récupérées,47,0.724781830290345
2018,Saskatchewan,Autres matières,Sources des matières non résidentielles récupérées,47,0.441961235415712
2018,Alberta,Toutes les matières,Toutes les sources des matières récupérées,48,215.778431312253
2018,Alberta,Toutes les matières,Sources des matières résidentielles récupérées,48,
2018,Alberta,Toutes les matières,Sources des matières non résidentielles récupérées,48,
2018,Alberta,Toutes les fibres cellulosiques,Toutes les sources des matières récupérées,48,59.3946823291298
2018,Alberta,Toutes les fibres cellulosiques,Sources des matières résidentielles récupérées,48,32.6371979771493
2018,Alberta,Toutes les fibres cellulosiques,Sources des matières non résidentielles récupérées,48,26.7574843519805
2018,Alberta,Verre,Toutes les sources des matières récupérées,48,16.063156776522
2018,Alberta,Verre,Sources des matières résidentielles récupérées,48,14.7082530781194
2018,Alberta,Verre,Sources des matières non résidentielles récupérées,48,1.35490369840254
2018,Alberta,Métaux ferreux,Toutes les sources des matières récupérées,48,9.34361718286261
2018,Alberta,Métaux ferreux,Sources des matières résidentielles récupérées,48,1.28944153553268
2018,Alberta,Métaux ferreux,Sources des matières non résidentielles récupérées,48,8.05417564732994
2018,Alberta,Cuivre et aluminium,Toutes les sources des matières récupérées,48,4.0626144423043
2018,Alberta,Cuivre et aluminium,Sources des matières résidentielles récupérées,48,3.01568575925393
2018,Alberta,Cuivre et aluminium,Sources des matières non résidentielles récupérées,48,1.04692868305038
2018,Alberta,Métaux mélangés,Toutes les sources des matières récupérées,48,3.07043169617356
2018,Alberta,Métaux mélangés,Sources des matières résidentielles récupérées,48,1.49025429138257
2018,Alberta,Métaux mélangés,Sources des matières non résidentielles récupérées,48,1.58017740479099
2018,Alberta,Électroménagers,Toutes les sources des matières récupérées,48,3.22465216528334
2018,Alberta,Électroménagers,Sources des matières résidentielles récupérées,48,2.29839750488986
2018,Alberta,Électroménagers,Sources des matières non résidentielles récupérées,48,0.926254660393481
2018,Alberta,Matériel électronique,Toutes les sources des matières récupérées,48,2.3554730561465
2018,Alberta,Matériel électronique,Sources des matières résidentielles récupérées,48,
2018,Alberta,Matériel électronique,Sources des matières non résidentielles récupérées,48,
2018,Alberta,Matières plastiques,Toutes les sources des matières récupérées,48,8.63960773021948
2018,Alberta,Matières plastiques,Sources des matières résidentielles récupérées,48,7.05081075238156
2018,Alberta,Matières plastiques,Sources des matières non résidentielles récupérées,48,1.58879697783791
2018,Alberta,Récipients triangulaires et aseptiques,Toutes les sources des matières récupérées,48,
2018,Alberta,Récipients triangulaires et aseptiques,Sources des matières résidentielles récupérées,48,
2018,Alberta,Récipients triangulaires et aseptiques,Sources des matières non résidentielles récupérées,48,
2018,Alberta,Textiles,Toutes les sources des matières récupérées,48,
2018,Alberta,Textiles,Sources des matières résidentielles récupérées,48,
2018,Alberta,Textiles,Sources des matières non résidentielles récupérées,48,
2018,Alberta,Pneus,Toutes les sources des matières récupérées,48,15.7507554939295
2018,Alberta,Pneus,Sources des matières résidentielles récupérées,48,
2018,Alberta,Pneus,Sources des matières non résidentielles récupérées,48,
2018,Alberta,"Déchets provenant de la construction, de la rénovation et de la démolition",Toutes les sources des matières récupérées,48,16.5498132115225
2018,Alberta,"Déchets provenant de la construction, de la rénovation et de la démolition",Sources des matières résidentielles récupérées,48,2.89058546935672
2018,Alberta,"Déchets provenant de la construction, de la rénovation et de la démolition",Sources des matières non résidentielles récupérées,48,13.6592277421657
2018,Alberta,Toutes les matières organiques,Toutes les sources des matières récupérées,48,75.0643672441315
2018,Alberta,Toutes les matières organiques,Sources des matières résidentielles récupérées,48,55.5724840864045
2018,Alberta,Toutes les matières organiques,Sources des matières non résidentielles récupérées,48,19.4921161191607
2018,Alberta,Déchets de nourriture et matières organiques séparées à la source,Toutes les sources des matières récupérées,48,41.4878687663015
2018,Alberta,Déchets de nourriture et matières organiques séparées à la source,Sources des matières résidentielles récupérées,48,
2018,Alberta,Déchets de nourriture et matières organiques séparées à la source,Sources des matières non résidentielles récupérées,48,
2018,Alberta,Feuilles et résidus de jardin,Toutes les sources des matières récupérées,48,14.4601491512283
2018,Alberta,Feuilles et résidus de jardin,Sources des matières résidentielles récupérées,48,
2018,Alberta,Feuilles et résidus de jardin,Sources des matières non résidentielles récupérées,48,
2018,Alberta,Autres matières organiques,Toutes les sources des matières récupérées,48,19.1163493266017
2018,Alberta,Autres matières organiques,Sources des matières résidentielles récupérées,48,
2018,Alberta,Autres matières organiques,Sources des matières non résidentielles récupérées,48,
2018,Alberta,Autres matières,Toutes les sources des matières récupérées,48,0.878031643617462
2018,Alberta,Autres matières,Sources des matières résidentielles récupérées,48,0.439598225392983
2018,Alberta,Autres matières,Sources des matières non résidentielles récupérées,48,0.43843341822448
2018,Colombie-Britannique,Toutes les matières,Toutes les sources des matières récupérées,59,327.613997190588
2018,Colombie-Britannique,Toutes les matières,Sources des matières résidentielles récupérées,59,
2018,Colombie-Britannique,Toutes les matières,Sources des matières non résidentielles récupérées,59,
2018,Colombie-Britannique,Toutes les fibres cellulosiques,Toutes les sources des matières récupérées,59,110.256585418899
2018,Colombie-Britannique,Toutes les fibres cellulosiques,Sources des matières résidentielles récupérées,59,23.8971324118265
2018,Colombie-Britannique,Toutes les fibres cellulosiques,Sources des matières non résidentielles récupérées,59,86.3594530070729
2018,Colombie-Britannique,Verre,Toutes les sources des matières récupérées,59,23.5231017695951
2018,Colombie-Britannique,Verre,Sources des matières résidentielles récupérées,59,14.4888078599811
2018,Colombie-Britannique,Verre,Sources des matières non résidentielles récupérées,59,9.03429390961404
2018,Colombie-Britannique,Métaux ferreux,Toutes les sources des matières récupérées,59,13.7929276342323
2018,Colombie-Britannique,Métaux ferreux,Sources des matières résidentielles récupérées,59,3.1860320467383
2018,Colombie-Britannique,Métaux ferreux,Sources des matières non résidentielles récupérées,59,10.606895587494
2018,Colombie-Britannique,Cuivre et aluminium,Toutes les sources des matières récupérées,59,4.95321729089088
2018,Colombie-Britannique,Cuivre et aluminium,Sources des matières résidentielles récupérées,59,0.688112816245597
2018,Colombie-Britannique,Cuivre et aluminium,Sources des matières non résidentielles récupérées,59,4.26510447464528
2018,Colombie-Britannique,Métaux mélangés,Toutes les sources des matières récupérées,59,10.8560501846353
2018,Colombie-Britannique,Métaux mélangés,Sources des matières résidentielles récupérées,59,6.43320754777106
2018,Colombie-Britannique,Métaux mélangés,Sources des matières non résidentielles récupérées,59,4.42284263686425
2018,Colombie-Britannique,Électroménagers,Toutes les sources des matières récupérées,59,4.77655851577949
2018,Colombie-Britannique,Électroménagers,Sources des matières résidentielles récupérées,59,2.13902507857531
2018,Colombie-Britannique,Électroménagers,Sources des matières non résidentielles récupérées,59,2.63753343720418
2018,Colombie-Britannique,Matériel électronique,Toutes les sources des matières récupérées,59,3.36448330096581
2018,Colombie-Britannique,Matériel électronique,Sources des matières résidentielles récupérées,59,
2018,Colombie-Britannique,Matériel électronique,Sources des matières non résidentielles récupérées,59,
2018,Colombie-Britannique,Matières plastiques,Toutes les sources des matières récupérées,59,13.5704610594866
2018,Colombie-Britannique,Matières plastiques,Sources des matières résidentielles récupérées,59,6.24200977538444
2018,Colombie-Britannique,Matières plastiques,Sources des matières non résidentielles récupérées,59,7.32845128410216
2018,Colombie-Britannique,Récipients triangulaires et aseptiques,Toutes les sources des matières récupérées,59,0.0579568247546943
2018,Colombie-Britannique,Récipients triangulaires et aseptiques,Sources des matières résidentielles récupérées,59,0.0105557103505113
2018,Colombie-Britannique,Récipients triangulaires et aseptiques,Sources des matières non résidentielles récupérées,59,0.0474011144041829
2018,Colombie-Britannique,Textiles,Toutes les sources des matières récupérées,59,0.2529387197198
2018,Colombie-Britannique,Textiles,Sources des matières résidentielles récupérées,59,0.2529387197198
2018,Colombie-Britannique,Textiles,Sources des matières non résidentielles récupérées,59,0.0
2018,Colombie-Britannique,Pneus,Toutes les sources des matières récupérées,59,10.0040251114374
2018,Colombie-Britannique,Pneus,Sources des matières résidentielles récupérées,59,
2018,Colombie-Britannique,Pneus,Sources des matières non résidentielles récupérées,59,
2018,Colombie-Britannique,"Déchets provenant de la construction, de la rénovation et de la démolition",Toutes les sources des matières récupérées,59,24.6647118022202
2018,Colombie-Britannique,"Déchets provenant de la construction, de la rénovation et de la démolition",Sources des matières résidentielles récupérées,59,7.99983429526393
2018,Colombie-Britannique,"Déchets provenant de la construction, de la rénovation et de la démolition",Sources des matières non résidentielles récupérées,59,16.6648775069563
2018,Colombie-Britannique,Toutes les matières organiques,Toutes les sources des matières récupérées,59,103.150401545197
2018,Colombie-Britannique,Toutes les matières organiques,Sources des matières résidentielles récupérées,59,61.8241980299061
2018,Colombie-Britannique,Toutes les matières organiques,Sources des matières non résidentielles récupérées,59,41.3262035152905
2018,Colombie-Britannique,Déchets de nourriture et matières organiques séparées à la source,Toutes les sources des matières récupérées,59,48.5102606483716
2018,Colombie-Britannique,Déchets de nourriture et matières organiques séparées à la source,Sources des matières résidentielles récupérées,59,
2018,Colombie-Britannique,Déchets de nourriture et matières organiques séparées à la source,Sources des matières non résidentielles récupérées,59,
2018,Colombie-Britannique,Feuilles et résidus de jardin,Toutes les sources des matières récupérées,59,26.1771658475369
2018,Colombie-Britannique,Feuilles et résidus de jardin,Sources des matières résidentielles récupérées,59,
2018,Colombie-Britannique,Feuilles et résidus de jardin,Sources des matières non résidentielles récupérées,59,
2018,Colombie-Britannique,Autres matières organiques,Toutes les sources des matières récupérées,59,47.9346756877493
2018,Colombie-Britannique,Autres matières organiques,Sources des matières résidentielles récupérées,59,
2018,Colombie-Britannique,Autres matières organiques,Sources des matières non résidentielles récupérées,59,
2018,Colombie-Britannique,Autres matières,Toutes les sources des matières récupérées,59,4.390578012774
2018,Colombie-Britannique,Autres matières,Sources des matières résidentielles récupérées,59,3.43538580822585
2018,Colombie-Britannique,Autres matières,Sources des matières non résidentielles récupérées,59,0.955192204548157
2018,Territoires,Toutes les matières,Toutes les sources des matières récupérées,,248.618784530387
2018,Territoires,Toutes les matières,Sources des matières résidentielles récupérées,,
2018,Territoires,Toutes les matières,Sources des matières non résidentielles récupérées,,
2018,Territoires,Toutes les fibres cellulosiques,Toutes les sources des matières récupérées,,39.7530443530395
2018,Territoires,Toutes les fibres cellulosiques,Sources des matières résidentielles récupérées,,17.2641792618914
2018,Territoires,Toutes les fibres cellulosiques,Sources des matières non résidentielles récupérées,,22.4888650911481
2018,Territoires,Verre,Toutes les sources des matières récupérées,,7.22856377929759
2018,Territoires,Verre,Sources des matières résidentielles récupérées,,6.92838773010117
2018,Territoires,Verre,Sources des matières non résidentielles récupérées,,0.300176049196421
2018,Territoires,Métaux ferreux,Toutes les sources des matières récupérées,,67.7586584564461
2018,Territoires,Métaux ferreux,Sources des matières résidentielles récupérées,,20.9960977113604
2018,Territoires,Métaux ferreux,Sources des matières non résidentielles récupérées,,46.7625607450856
2018,Territoires,Cuivre et aluminium,Toutes les sources des matières récupérées,,3.82927284380299
2018,Territoires,Cuivre et aluminium,Sources des matières résidentielles récupérées,,3.80493424521949
2018,Territoires,Cuivre et aluminium,Sources des matières non résidentielles récupérées,,0.0243385985834936
2018,Territoires,Métaux mélangés,Toutes les sources des matières récupérées,,4.95696124483819
2018,Territoires,Métaux mélangés,Sources des matières résidentielles récupérées,,0.884302415200266
2018,Territoires,Métaux mélangés,Sources des matières non résidentielles récupérées,,4.07265882963792
2018,Territoires,Électroménagers,Toutes les sources des matières récupérées,,1.8984106895125
2018,Territoires,Électroménagers,Sources des matières résidentielles récupérées,,1.80916916137302
2018,Territoires,Électroménagers,Sources des matières non résidentielles récupérées,,0.0892415281394764
2018,Territoires,Matériel électronique,Toutes les sources des matières récupérées,,2.10934521056944
2018,Territoires,Matériel électronique,Sources des matières résidentielles récupérées,,
2018,Territoires,Matériel électronique,Sources des matières non résidentielles récupérées,,
2018,Territoires,Matières plastiques,Toutes les sources des matières récupérées,,7.64231995521698
2018,Territoires,Matières plastiques,Sources des matières résidentielles récupérées,,6.74990467382221
2018,Territoires,Matières plastiques,Sources des matières non résidentielles récupérées,,0.892415281394764
2018,Territoires,Récipients triangulaires et aseptiques,Toutes les sources des matières récupérées,,0.957318210950747
2018,Territoires,Récipients triangulaires et aseptiques,Sources des matières résidentielles récupérées,,0.949205344756249
2018,Territoires,Récipients triangulaires et aseptiques,Sources des matières non résidentielles récupérées,,0.0081128661944978
2018,Territoires,Textiles,Toutes les sources des matières récupérées,,0.45432050689188
2018,Territoires,Textiles,Sources des matières résidentielles récupérées,,0.45432050689188
2018,Territoires,Textiles,Sources des matières non résidentielles récupérées,,0.0
2018,Territoires,Pneus,Toutes les sources des matières récupérées,,8.49417090563925
2018,Territoires,Pneus,Sources des matières résidentielles récupérées,,
2018,Territoires,Pneus,Sources des matières non résidentielles récupérées,,
2018,Territoires,"Déchets provenant de la construction, de la rénovation et de la démolition",Toutes les sources des matières récupérées,,63.7995797535311
2018,Territoires,"Déchets provenant de la construction, de la rénovation et de la démolition",Sources des matières résidentielles récupérées,,15.9498949383828
2018,Territoires,"Déchets provenant de la construction, de la rénovation et de la démolition",Sources des matières non résidentielles récupérées,,47.8496848151483
2018,Territoires,Toutes les matières organiques,Toutes les sources des matières récupérées,,37.3272973608846
2018,Territoires,Toutes les matières organiques,Sources des matières résidentielles récupérées,,15.8200890792708
2018,Territoires,Toutes les matières organiques,Sources des matières non résidentielles récupérées,,21.5072082816138
2018,Territoires,Déchets de nourriture et matières organiques séparées à la source,Toutes les sources des matières récupérées,,
2018,Territoires,Déchets de nourriture et matières organiques séparées à la source,Sources des matières résidentielles récupérées,,
2018,Territoires,Déchets de nourriture et matières organiques séparées à la source,Sources des matières non résidentielles récupérées,,
2018,Territoires,Feuilles et résidus de jardin,Toutes les sources des matières récupérées,,
2018,Territoires,Feuilles et résidus de jardin,Sources des matières résidentielles récupérées,,
2018,Territoires,Feuilles et résidus de jardin,Sources des matières non résidentielles récupérées,,
2018,Territoires,Autres matières organiques,Toutes les sources des matières récupérées,,
2018,Territoires,Autres matières organiques,Sources des matières résidentielles récupérées,,
2018,Territoires,Autres matières organiques,Sources des matières non résidentielles récupérées,,
2018,Territoires,Autres matières,Toutes les sources des matières récupérées,,2.40952125976586
2018,Territoires,Autres matières,Sources des matières résidentielles récupérées,,2.40952125976586
2018,Territoires,Autres matières,Sources des matières non résidentielles récupérées,,0.0
2020,Canada,Toutes les matières,Sources des matières résidentielles récupérées,,
2020,Canada,Toutes les matières,Sources des matières non résidentielles récupérées,,
2020,Canada,Toutes les fibres cellulosiques,Toutes les sources des matières récupérées,,81.2731447284544
2020,Canada,Toutes les fibres cellulosiques,Sources des matières résidentielles récupérées,,33.3192579760548
2020,Canada,Toutes les fibres cellulosiques,Sources des matières non résidentielles récupérées,,47.9538867523996
2020,Canada,Verre,Toutes les sources des matières récupérées,,10.2901134665933
2020,Canada,Verre,Sources des matières résidentielles récupérées,,7.0941799177767
2020,Canada,Verre,Sources des matières non résidentielles récupérées,,3.19593354881655
2020,Canada,Métaux ferreux,Toutes les sources des matières récupérées,,9.58419809828582
2020,Canada,Métaux ferreux,Sources des matières résidentielles récupérées,,3.10907795330456
2020,Canada,Métaux ferreux,Sources des matières non résidentielles récupérées,,6.47512014498126
2020,Canada,Cuivre et aluminium,Toutes les sources des matières récupérées,,2.14540946746502
2020,Canada,Cuivre et aluminium,Sources des matières résidentielles récupérées,,1.39944533380344
2020,Canada,Cuivre et aluminium,Sources des matières non résidentielles récupérées,,0.745937837689585
2020,Canada,Métaux mélangés,Toutes les sources des matières récupérées,,3.6478824195597
2020,Canada,Métaux mélangés,Sources des matières résidentielles récupérées,,1.81944459856806
2020,Canada,Métaux mélangés,Sources des matières non résidentielles récupérées,,1.82843782099164
2020,Canada,Électroménagers,Toutes les sources des matières récupérées,,1.82806967738366
2020,Canada,Électroménagers,Sources des matières résidentielles récupérées,,1.25989261040587
2020,Canada,Électroménagers,Sources des matières non résidentielles récupérées,,0.568177066977787
2020,Canada,Matériel électronique,Toutes les sources des matières récupérées,,2.50274543095653
2020,Canada,Matériel électronique,Sources des matières résidentielles récupérées,,
2020,Canada,Matériel électronique,Sources des matières non résidentielles récupérées,,
2020,Canada,Matières plastiques,Toutes les sources des matières récupérées,,7.80251451550802
2020,Canada,Matières plastiques,Sources des matières résidentielles récupérées,,5.38283806009566
2020,Canada,Matières plastiques,Sources des matières non résidentielles récupérées,,2.41967645541237
2020,Canada,Récipients triangulaires et aseptiques,Toutes les sources des matières récupérées,,0.559709763994177
2020,Canada,Récipients triangulaires et aseptiques,Sources des matières résidentielles récupérées,,0.498045709657022
2020,Canada,Récipients triangulaires et aseptiques,Sources des matières non résidentielles récupérées,,0.0616640543371551
2020,Canada,Textiles,Toutes les sources des matières récupérées,,0.337771760324417
2020,Canada,Textiles,Sources des matières résidentielles récupérées,,0.27873730318714
2020,Canada,Textiles,Sources des matières non résidentielles récupérées,,0.0590344571372764
2020,Canada,Pneus,Toutes les sources des matières récupérées,,11.2358480995296
2020,Canada,Pneus,Sources des matières résidentielles récupérées,,
2020,Canada,Pneus,Sources des matières non résidentielles récupérées,,
2020,Canada,"Déchets provenant de la construction, de la rénovation et de la démolition",Toutes les sources des matières récupérées,,15.4048377961893
2020,Canada,"Déchets provenant de la construction, de la rénovation et de la démolition",Sources des matières résidentielles récupérées,,3.27681995868482
2020,Canada,"Déchets provenant de la construction, de la rénovation et de la démolition",Sources des matières non résidentielles récupérées,,12.1280178375045
2020,Canada,Toutes les matières organiques,Toutes les sources des matières récupérées,,80.3343785280977
2020,Canada,Toutes les matières organiques,Sources des matières résidentielles récupérées,,63.9909848993277
2020,Canada,Toutes les matières organiques,Sources des matières non résidentielles récupérées,,16.34339362877
2020,Canada,Déchets de nourriture et matières organiques séparées à la source,Toutes les sources des matières récupérées,,
2020,Canada,Déchets de nourriture et matières organiques séparées à la source,Sources des matières résidentielles récupérées,,
2020,Canada,Déchets de nourriture et matières organiques séparées à la source,Sources des matières non résidentielles récupérées,,
2020,Canada,Feuilles et résidus de jardin,Toutes les sources des matières récupérées,,
2020,Canada,Feuilles et résidus de jardin,Sources des matières résidentielles récupérées,,
2020,Canada,Feuilles et résidus de jardin,Sources des matières non résidentielles récupérées,,
2020,Canada,Autres matières organiques,Toutes les sources des matières récupérées,,
2020,Canada,Autres matières organiques,Sources des matières résidentielles récupérées,,
2020,Canada,Autres matières organiques,Sources des matières non résidentielles récupérées,,
2020,Canada,Autres matières,Toutes les sources des matières récupérées,,2.68179470429627
2020,Canada,Autres matières,Sources des matières résidentielles récupérées,,2.08787388073167
2020,Canada,Autres matières,Sources des matières non résidentielles récupérées,,0.593947119536598
2020,Terre-Neuve-et-Labrador,Toutes les matières,Toutes les sources des matières récupérées,10,89.7408158152459
2020,Terre-Neuve-et-Labrador,Toutes les matières,Sources des matières résidentielles récupérées,10,
2020,Terre-Neuve-et-Labrador,Toutes les matières,Sources des matières non résidentielles récupérées,10,
2020,Terre-Neuve-et-Labrador,Toutes les fibres cellulosiques,Toutes les sources des matières récupérées,10,52.8332612111964
2020,Terre-Neuve-et-Labrador,Toutes les fibres cellulosiques,Sources des matières résidentielles récupérées,10,27.3039226850692
2020,Terre-Neuve-et-Labrador,Toutes les fibres cellulosiques,Sources des matières non résidentielles récupérées,10,25.5293385261272
2020,Terre-Neuve-et-Labrador,Verre,Toutes les sources des matières récupérées,10,
2020,Terre-Neuve-et-Labrador,Verre,Sources des matières résidentielles récupérées,10,
2020,Terre-Neuve-et-Labrador,Verre,Sources des matières non résidentielles récupérées,10,
2020,Terre-Neuve-et-Labrador,Métaux ferreux,Toutes les sources des matières récupérées,10,0.800935310239066
2020,Terre-Neuve-et-Labrador,Métaux ferreux,Sources des matières résidentielles récupérées,10,
2020,Terre-Neuve-et-Labrador,Métaux ferreux,Sources des matières non résidentielles récupérées,10,
2020,Terre-Neuve-et-Labrador,Cuivre et aluminium,Toutes les sources des matières récupérées,10,0.512446762475232
2020,Terre-Neuve-et-Labrador,Cuivre et aluminium,Sources des matières résidentielles récupérées,10,
2020,Terre-Neuve-et-Labrador,Cuivre et aluminium,Sources des matières non résidentielles récupérées,10,
2020,Terre-Neuve-et-Labrador,Métaux mélangés,Toutes les sources des matières récupérées,10,
2020,Terre-Neuve-et-Labrador,Métaux mélangés,Sources des matières résidentielles récupérées,10,
2020,Terre-Neuve-et-Labrador,Métaux mélangés,Sources des matières non résidentielles récupérées,10,
2020,Terre-Neuve-et-Labrador,Électroménagers,Toutes les sources des matières récupérées,10,
2020,Terre-Neuve-et-Labrador,Électroménagers,Sources des matières résidentielles récupérées,10,
2020,Terre-Neuve-et-Labrador,Électroménagers,Sources des matières non résidentielles récupérées,10,
2020,Terre-Neuve-et-Labrador,Matériel électronique,Toutes les sources des matières récupérées,10,1.19950501438647
2020,Terre-Neuve-et-Labrador,Matériel électronique,Sources des matières résidentielles récupérées,10,
2020,Terre-Neuve-et-Labrador,Matériel électronique,Sources des matières non résidentielles récupérées,10,
2020,Terre-Neuve-et-Labrador,Matières plastiques,Toutes les sources des matières récupérées,10,2.43507109724342
2020,Terre-Neuve-et-Labrador,Matières plastiques,Sources des matières résidentielles récupérées,10,2.08774606934354
2020,Terre-Neuve-et-Labrador,Matières plastiques,Sources des matières non résidentielles récupérées,10,0.347325027899879
2020,Terre-Neuve-et-Labrador,Récipients triangulaires et aseptiques,Toutes les sources des matières récupérées,10,1.20330091633073
2020,Terre-Neuve-et-Labrador,Récipients triangulaires et aseptiques,Sources des matières résidentielles récupérées,10,1.05336278953242
2020,Terre-Neuve-et-Labrador,Récipients triangulaires et aseptiques,Sources des matières non résidentielles récupérées,10,0.151836077770439
2020,Terre-Neuve-et-Labrador,Textiles,Toutes les sources des matières récupérées,10,0.0
2020,Terre-Neuve-et-Labrador,Textiles,Sources des matières résidentielles récupérées,10,0.0
2020,Terre-Neuve-et-Labrador,Textiles,Sources des matières non résidentielles récupérées,10,0.0
2020,Terre-Neuve-et-Labrador,Pneus,Toutes les sources des matières récupérées,10,12.7219653661907
2020,Terre-Neuve-et-Labrador,Pneus,Sources des matières résidentielles récupérées,10,
2020,Terre-Neuve-et-Labrador,Pneus,Sources des matières non résidentielles récupérées,10,
2020,Terre-Neuve-et-Labrador,"Déchets provenant de la construction, de la rénovation et de la démolition",Toutes les sources des matières récupérées,10,
2020,Terre-Neuve-et-Labrador,"Déchets provenant de la construction, de la rénovation et de la démolition",Sources des matières résidentielles récupérées,10,
2020,Terre-Neuve-et-Labrador,"Déchets provenant de la construction, de la rénovation et de la démolition",Sources des matières non résidentielles récupérées,10,
2020,Terre-Neuve-et-Labrador,Toutes les matières organiques,Toutes les sources des matières récupérées,10,1.7366251394994
2020,Terre-Neuve-et-Labrador,Toutes les matières organiques,Sources des matières résidentielles récupérées,10,
2020,Terre-Neuve-et-Labrador,Toutes les matières organiques,Sources des matières non résidentielles récupérées,10,
2020,Terre-Neuve-et-Labrador,Déchets de nourriture et matières organiques séparées à la source,Toutes les sources des matières récupérées,10,0.0
2020,Terre-Neuve-et-Labrador,Déchets de nourriture et matières organiques séparées à la source,Sources des matières résidentielles récupérées,10,0.0
2020,Terre-Neuve-et-Labrador,Déchets de nourriture et matières organiques séparées à la source,Sources des matières non résidentielles récupérées,10,0.0
2020,Terre-Neuve-et-Labrador,Feuilles et résidus de jardin,Toutes les sources des matières récupérées,10,
2020,Terre-Neuve-et-Labrador,Feuilles et résidus de jardin,Sources des matières résidentielles récupérées,10,
2020,Terre-Neuve-et-Labrador,Feuilles et résidus de jardin,Sources des matières non résidentielles récupérées,10,
2020,Terre-Neuve-et-Labrador,Autres matières organiques,Toutes les sources des matières récupérées,10,
2020,Terre-Neuve-et-Labrador,Autres matières organiques,Sources des matières résidentielles récupérées,10,
2020,Terre-Neuve-et-Labrador,Autres matières organiques,Sources des matières non résidentielles récupérées,10,
2020,Terre-Neuve-et-Labrador,Autres matières,Toutes les sources des matières récupérées,10,0.0
2020,Terre-Neuve-et-Labrador,Autres matières,Sources des matières résidentielles récupérées,10,0.0
2020,Terre-Neuve-et-Labrador,Autres matières,Sources des matières non résidentielles récupérées,10,0.0
2020,Île-du-Prince-Édouard,Toutes les matières,Toutes les sources des matières récupérées,11,362.716953634896
2020,Île-du-Prince-Édouard,Toutes les matières,Sources des matières résidentielles récupérées,11,
2020,Île-du-Prince-Édouard,Toutes les matières,Sources des matières non résidentielles récupérées,11,
2020,Île-du-Prince-Édouard,Toutes les fibres cellulosiques,Toutes les sources des matières récupérées,11,86.4171163304919
2020,Île-du-Prince-Édouard,Toutes les fibres cellulosiques,Sources des matières résidentielles récupérées,11,32.8406399778885
2020,Île-du-Prince-Édouard,Toutes les fibres cellulosiques,Sources des matières non résidentielles récupérées,11,53.5764763526034
2020,Île-du-Prince-Édouard,Verre,Toutes les sources des matières récupérées,11,1.89706833843197
2020,Île-du-Prince-Édouard,Verre,Sources des matières résidentielles récupérées,11,0.722393572581709
2020,Île-du-Prince-Édouard,Verre,Sources des matières non résidentielles récupérées,11,1.17467476585026
2020,Île-du-Prince-Édouard,Métaux ferreux,Toutes les sources des matières récupérées,11,53.9847857631931
2020,Île-du-Prince-Édouard,Métaux ferreux,Sources des matières résidentielles récupérées,11,20.5159774613205
2020,Île-du-Prince-Édouard,Métaux ferreux,Sources des matières non résidentielles récupérées,11,33.4688083018726
2020,Île-du-Prince-Édouard,Cuivre et aluminium,Toutes les sources des matières récupérées,11,9.3722713938427
2020,Île-du-Prince-Édouard,Cuivre et aluminium,Sources des matières résidentielles récupérées,11,4.03284063997789
2020,Île-du-Prince-Édouard,Cuivre et aluminium,Sources des matières non résidentielles récupérées,11,5.33943075386481
2020,Île-du-Prince-Édouard,Métaux mélangés,Toutes les sources des matières récupérées,11,11.5520154780675
2020,Île-du-Prince-Édouard,Métaux mélangés,Sources des matières résidentielles récupérées,11,4.39089658464882
2020,Île-du-Prince-Édouard,Métaux mélangés,Sources des matières non résidentielles récupérées,11,7.16111889341868
2020,Île-du-Prince-Édouard,Électroménagers,Toutes les sources des matières récupérées,11,39.1474499506888
2020,Île-du-Prince-Édouard,Électroménagers,Sources des matières résidentielles récupérées,11,14.8750259119434
2020,Île-du-Prince-Édouard,Électroménagers,Sources des matières non résidentielles récupérées,11,24.2724240387454
2020,Île-du-Prince-Édouard,Matériel électronique,Toutes les sources des matières récupérées,11,2.61946191101368
2020,Île-du-Prince-Édouard,Matériel électronique,Sources des matières résidentielles récupérées,11,
2020,Île-du-Prince-Édouard,Matériel électronique,Sources des matières non résidentielles récupérées,11,
2020,Île-du-Prince-Édouard,Matières plastiques,Toutes les sources des matières récupérées,11,6.64602086775172
2020,Île-du-Prince-Édouard,Matières plastiques,Sources des matières résidentielles récupérées,11,2.52523666241606
2020,Île-du-Prince-Édouard,Matières plastiques,Sources des matières non résidentielles récupérées,11,4.12078420533566
2020,Île-du-Prince-Édouard,Récipients triangulaires et aseptiques,Toutes les sources des matières récupérées,11,0.0
2020,Île-du-Prince-Édouard,Récipients triangulaires et aseptiques,Sources des matières résidentielles récupérées,11,0.0
2020,Île-du-Prince-Édouard,Récipients triangulaires et aseptiques,Sources des matières non résidentielles récupérées,11,0.0
2020,Île-du-Prince-Édouard,Textiles,Toutes les sources des matières récupérées,11,0.0
2020,Île-du-Prince-Édouard,Textiles,Sources des matières résidentielles récupérées,11,0.0
2020,Île-du-Prince-Édouard,Textiles,Sources des matières non résidentielles récupérées,11,0.0
2020,Île-du-Prince-Édouard,Pneus,Toutes les sources des matières récupérées,11,15.4717858197283
2020,Île-du-Prince-Édouard,Pneus,Sources des matières résidentielles récupérées,11,
2020,Île-du-Prince-Édouard,Pneus,Sources des matières non résidentielles récupérées,11,
2020,Île-du-Prince-Édouard,"Déchets provenant de la construction, de la rénovation et de la démolition",Toutes les sources des matières récupérées,11,0.0
2020,Île-du-Prince-Édouard,"Déchets provenant de la construction, de la rénovation et de la démolition",Sources des matières résidentielles récupérées,11,0.0
2020,Île-du-Prince-Édouard,"Déchets provenant de la construction, de la rénovation et de la démolition",Sources des matières non résidentielles récupérées,11,0.0
2020,Île-du-Prince-Édouard,Toutes les matières organiques,Toutes les sources des matières récupérées,11,135.608977781686
2020,Île-du-Prince-Édouard,Toutes les matières organiques,Sources des matières résidentielles récupérées,11,110.268667592168
2020,Île-du-Prince-Édouard,Toutes les matières organiques,Sources des matières non résidentielles récupérées,11,25.3403101895184
2020,Île-du-Prince-Édouard,Déchets de nourriture et matières organiques séparées à la source,Toutes les sources des matières récupérées,11,123.479047445554
2020,Île-du-Prince-Édouard,Déchets de nourriture et matières organiques séparées à la source,Sources des matières résidentielles récupérées,11,98.264370920832
2020,Île-du-Prince-Édouard,Déchets de nourriture et matières organiques séparées à la source,Sources des matières non résidentielles récupérées,11,25.2146765247216
2020,Île-du-Prince-Édouard,Feuilles et résidus de jardin,Toutes les sources des matières récupérées,11,12.1299303361329
2020,Île-du-Prince-Édouard,Feuilles et résidus de jardin,Sources des matières résidentielles récupérées,11,12.0042966713361
2020,Île-du-Prince-Édouard,Feuilles et résidus de jardin,Sources des matières non résidentielles récupérées,11,0.125633664796819
2020,Île-du-Prince-Édouard,Autres matières organiques,Toutes les sources des matières récupérées,11,0.0
2020,Île-du-Prince-Édouard,Autres matières organiques,Sources des matières résidentielles récupérées,11,0.0
2020,Île-du-Prince-Édouard,Autres matières organiques,Sources des matières non résidentielles récupérées,11,0.0
2020,Île-du-Prince-Édouard,Autres matières,Toutes les sources des matières récupérées,11,0.0
2020,Île-du-Prince-Édouard,Autres matières,Sources des matières résidentielles récupérées,11,0.0
2020,Île-du-Prince-Édouard,Autres matières,Sources des matières non résidentielles récupérées,11,0.0
2020,Nouvelle-Écosse,Toutes les matières,Toutes les sources des matières récupérées,12,304.424526470731
2020,Nouvelle-Écosse,Toutes les matières,Sources des matières résidentielles récupérées,12,
2020,Nouvelle-Écosse,Toutes les matières,Sources des matières non résidentielles récupérées,12,
2020,Nouvelle-Écosse,Toutes les fibres cellulosiques,Toutes les sources des matières récupérées,12,71.9877715413357
2020,Nouvelle-Écosse,Toutes les fibres cellulosiques,Sources des matières résidentielles récupérées,12,44.0552059912977
2020,Nouvelle-Écosse,Toutes les fibres cellulosiques,Sources des matières non résidentielles récupérées,12,27.932565550038
2020,Nouvelle-Écosse,Verre,Toutes les sources des matières récupérées,12,4.3218138880352
2020,Nouvelle-Écosse,Verre,Sources des matières résidentielles récupérées,12,
2020,Nouvelle-Écosse,Verre,Sources des matières non résidentielles récupérées,12,
2020,Nouvelle-Écosse,Métaux ferreux,Toutes les sources des matières récupérées,12,4.80201543115022
2020,Nouvelle-Écosse,Métaux ferreux,Sources des matières résidentielles récupérées,12,4.63318667809715
2020,Nouvelle-Écosse,Métaux ferreux,Sources des matières non résidentielles récupérées,12,0.168828753053071
2020,Nouvelle-Écosse,Cuivre et aluminium,Toutes les sources des matières récupérées,12,1.38399139478835
2020,Nouvelle-Écosse,Cuivre et aluminium,Sources des matières résidentielles récupérées,12,1.33243291331705
2020,Nouvelle-Écosse,Cuivre et aluminium,Sources des matières non résidentielles récupérées,12,0.0515584814712971
2020,Nouvelle-Écosse,Métaux mélangés,Toutes les sources des matières récupérées,12,1.91878427122592
2020,Nouvelle-Écosse,Métaux mélangés,Sources des matières résidentielles récupérées,12,
2020,Nouvelle-Écosse,Métaux mélangés,Sources des matières non résidentielles récupérées,12,
2020,Nouvelle-Écosse,Électroménagers,Toutes les sources des matières récupérées,12,1.09890332077059
2020,Nouvelle-Écosse,Électroménagers,Sources des matières résidentielles récupérées,12,
2020,Nouvelle-Écosse,Électroménagers,Sources des matières non résidentielles récupérées,12,
2020,Nouvelle-Écosse,Matériel électronique,Toutes les sources des matières récupérées,12,2.60825259207738
2020,Nouvelle-Écosse,Matériel électronique,Sources des matières résidentielles récupérées,12,
2020,Nouvelle-Écosse,Matériel électronique,Sources des matières non résidentielles récupérées,12,
2020,Nouvelle-Écosse,Matières plastiques,Toutes les sources des matières récupérées,12,13.7469064911117
2020,Nouvelle-Écosse,Matières plastiques,Sources des matières résidentielles récupérées,12,10.1661194053993
2020,Nouvelle-Écosse,Matières plastiques,Sources des matières non résidentielles récupérées,12,3.58179803632952
2020,Nouvelle-Écosse,Récipients triangulaires et aseptiques,Toutes les sources des matières récupérées,12,3.23200912281837
2020,Nouvelle-Écosse,Récipients triangulaires et aseptiques,Sources des matières résidentielles récupérées,12,3.17034113517623
2020,Nouvelle-Écosse,Récipients triangulaires et aseptiques,Sources des matières non résidentielles récupérées,12,0.0616679876421397
2020,Nouvelle-Écosse,Textiles,Toutes les sources des matières récupérées,12,
2020,Nouvelle-Écosse,Textiles,Sources des matières résidentielles récupérées,12,
2020,Nouvelle-Écosse,Textiles,Sources des matières non résidentielles récupérées,12,
2020,Nouvelle-Écosse,Pneus,Toutes les sources des matières récupérées,12,11.7209614544749
2020,Nouvelle-Écosse,Pneus,Sources des matières résidentielles récupérées,12,
2020,Nouvelle-Écosse,Pneus,Sources des matières non résidentielles récupérées,12,
2020,Nouvelle-Écosse,"Déchets provenant de la construction, de la rénovation et de la démolition",Toutes les sources des matières récupérées,12,46.7150170648464
2020,Nouvelle-Écosse,"Déchets provenant de la construction, de la rénovation et de la démolition",Sources des matières résidentielles récupérées,12,
2020,Nouvelle-Écosse,"Déchets provenant de la construction, de la rénovation et de la démolition",Sources des matières non résidentielles récupérées,12,
2020,Nouvelle-Écosse,Toutes les matières organiques,Toutes les sources des matières récupérées,12,140.771840577131
2020,Nouvelle-Écosse,Toutes les matières organiques,Sources des matières résidentielles récupérées,12,88.4106643158695
2020,Nouvelle-Écosse,Toutes les matières organiques,Sources des matières non résidentielles récupérées,12,52.3621872118791
2020,Nouvelle-Écosse,Déchets de nourriture et matières organiques séparées à la source,Toutes les sources des matières récupérées,12,99.3966646717241
2020,Nouvelle-Écosse,Déchets de nourriture et matières organiques séparées à la source,Sources des matières résidentielles récupérées,12,69.543292949226
2020,Nouvelle-Écosse,Déchets de nourriture et matières organiques séparées à la source,Sources des matières non résidentielles récupérées,12,29.8533717224981
2020,Nouvelle-Écosse,Feuilles et résidus de jardin,Toutes les sources des matières récupérées,12,15.9022532067354
2020,Nouvelle-Écosse,Feuilles et résidus de jardin,Sources des matières résidentielles récupérées,12,
2020,Nouvelle-Écosse,Feuilles et résidus de jardin,Sources des matières non résidentielles récupérées,12,
2020,Nouvelle-Écosse,Autres matières organiques,Toutes les sources des matières récupérées,12,25.472922698672
2020,Nouvelle-Écosse,Autres matières organiques,Sources des matières résidentielles récupérées,12,
2020,Nouvelle-Écosse,Autres matières organiques,Sources des matières non résidentielles récupérées,12,
2020,Nouvelle-Écosse,Autres matières,Toutes les sources des matières récupérées,12,
2020,Nouvelle-Écosse,Autres matières,Sources des matières résidentielles récupérées,12,
2020,Nouvelle-Écosse,Autres matières,Sources des matières non résidentielles récupérées,12,
2020,Nouveau-Brunswick,Toutes les matières,Toutes les sources des matières récupérées,13,212.116686579052
2020,Nouveau-Brunswick,Toutes les matières,Sources des matières résidentielles récupérées,13,
2020,Nouveau-Brunswick,Toutes les matières,Sources des matières non résidentielles récupérées,13,
2020,Nouveau-Brunswick,Toutes les fibres cellulosiques,Toutes les sources des matières récupérées,13,45.2917419763298
2020,Nouveau-Brunswick,Toutes les fibres cellulosiques,Sources des matières résidentielles récupérées,13,23.1277251886571
2020,Nouveau-Brunswick,Toutes les fibres cellulosiques,Sources des matières non résidentielles récupérées,13,22.1640167876727
2020,Nouveau-Brunswick,Verre,Toutes les sources des matières récupérées,13,
2020,Nouveau-Brunswick,Verre,Sources des matières résidentielles récupérées,13,
2020,Nouveau-Brunswick,Verre,Sources des matières non résidentielles récupérées,13,
2020,Nouveau-Brunswick,Métaux ferreux,Toutes les sources des matières récupérées,13,2.15334579133862
2020,Nouveau-Brunswick,Métaux ferreux,Sources des matières résidentielles récupérées,13,
2020,Nouveau-Brunswick,Métaux ferreux,Sources des matières non résidentielles récupérées,13,
2020,Nouveau-Brunswick,Cuivre et aluminium,Toutes les sources des matières récupérées,13,
2020,Nouveau-Brunswick,Cuivre et aluminium,Sources des matières résidentielles récupérées,13,
2020,Nouveau-Brunswick,Cuivre et aluminium,Sources des matières non résidentielles récupérées,13,
2020,Nouveau-Brunswick,Métaux mélangés,Toutes les sources des matières récupérées,13,1.19091382532243
2020,Nouveau-Brunswick,Métaux mélangés,Sources des matières résidentielles récupérées,13,
2020,Nouveau-Brunswick,Métaux mélangés,Sources des matières non résidentielles récupérées,13,
2020,Nouveau-Brunswick,Électroménagers,Toutes les sources des matières récupérées,13,
2020,Nouveau-Brunswick,Électroménagers,Sources des matières résidentielles récupérées,13,
2020,Nouveau-Brunswick,Électroménagers,Sources des matières non résidentielles récupérées,13,
2020,Nouveau-Brunswick,Matériel électronique,Toutes les sources des matières récupérées,13,1.20112530506796
2020,Nouveau-Brunswick,Matériel électronique,Sources des matières résidentielles récupérées,13,
2020,Nouveau-Brunswick,Matériel électronique,Sources des matières non résidentielles récupérées,13,
2020,Nouveau-Brunswick,Matières plastiques,Toutes les sources des matières récupérées,13,7.14931225683914
2020,Nouveau-Brunswick,Matières plastiques,Sources des matières résidentielles récupérées,13,
2020,Nouveau-Brunswick,Matières plastiques,Sources des matières non résidentielles récupérées,13,
2020,Nouveau-Brunswick,Récipients triangulaires et aseptiques,Toutes les sources des matières récupérées,13,0.598648000081692
2020,Nouveau-Brunswick,Récipients triangulaires et aseptiques,Sources des matières résidentielles récupérées,13,
2020,Nouveau-Brunswick,Récipients triangulaires et aseptiques,Sources des matières non résidentielles récupérées,13,
2020,Nouveau-Brunswick,Textiles,Toutes les sources des matières récupérées,13,0.0
2020,Nouveau-Brunswick,Textiles,Sources des matières résidentielles récupérées,13,0.0
2020,Nouveau-Brunswick,Textiles,Sources des matières non résidentielles récupérées,13,0.0
2020,Nouveau-Brunswick,Pneus,Toutes les sources des matières récupérées,13,15.1334129828753
2020,Nouveau-Brunswick,Pneus,Sources des matières résidentielles récupérées,13,
2020,Nouveau-Brunswick,Pneus,Sources des matières non résidentielles récupérées,13,
2020,Nouveau-Brunswick,"Déchets provenant de la construction, de la rénovation et de la démolition",Toutes les sources des matières récupérées,13,13.7650746969743
2020,Nouveau-Brunswick,"Déchets provenant de la construction, de la rénovation et de la démolition",Sources des matières résidentielles récupérées,13,3.87398012846042
2020,Nouveau-Brunswick,"Déchets provenant de la construction, de la rénovation et de la démolition",Sources des matières non résidentielles récupérées,13,9.89109456851392
2020,Nouveau-Brunswick,Toutes les matières organiques,Toutes les sources des matières récupérées,13,108.448467767464
2020,Nouveau-Brunswick,Toutes les matières organiques,Sources des matières résidentielles récupérées,13,34.2059042775889
2020,Nouveau-Brunswick,Toutes les matières organiques,Sources des matières non résidentielles récupérées,13,74.2425634898753
2020,Nouveau-Brunswick,Déchets de nourriture et matières organiques séparées à la source,Toutes les sources des matières récupérées,13,22.8430801907504
2020,Nouveau-Brunswick,Déchets de nourriture et matières organiques séparées à la source,Sources des matières résidentielles récupérées,13,
2020,Nouveau-Brunswick,Déchets de nourriture et matières organiques séparées à la source,Sources des matières non résidentielles récupérées,13,
2020,Nouveau-Brunswick,Feuilles et résidus de jardin,Toutes les sources des matières récupérées,13,11.8172349355145
2020,Nouveau-Brunswick,Feuilles et résidus de jardin,Sources des matières résidentielles récupérées,13,
2020,Nouveau-Brunswick,Feuilles et résidus de jardin,Sources des matières non résidentielles récupérées,13,
2020,Nouveau-Brunswick,Autres matières organiques,Toutes les sources des matières récupérées,13,73.7881526411992
2020,Nouveau-Brunswick,Autres matières organiques,Sources des matières résidentielles récupérées,13,
2020,Nouveau-Brunswick,Autres matières organiques,Sources des matières non résidentielles récupérées,13,
2020,Nouveau-Brunswick,Autres matières,Toutes les sources des matières récupérées,13,8.53679706726302
2020,Nouveau-Brunswick,Autres matières,Sources des matières résidentielles récupérées,13,8.53679706726302
2020,Nouveau-Brunswick,Autres matières,Sources des matières non résidentielles récupérées,13,0.0
2020,Québec,Toutes les matières,Toutes les sources des matières récupérées,24,180.606694230388
2020,Québec,Toutes les matières,Sources des matières résidentielles récupérées,24,
2020,Québec,Toutes les matières,Sources des matières non résidentielles récupérées,24,
2020,Québec,Toutes les fibres cellulosiques,Toutes les sources des matières récupérées,24,74.6687997268186
2020,Québec,Toutes les fibres cellulosiques,Sources des matières résidentielles récupérées,24,26.8807679016547
2020,Québec,Toutes les fibres cellulosiques,Sources des matières non résidentielles récupérées,24,47.7880318251639
2020,Québec,Verre,Toutes les sources des matières récupérées,24,5.9870694922697
2020,Québec,Verre,Sources des matières résidentielles récupérées,24,2.27503027390059
2020,Québec,Verre,Sources des matières non résidentielles récupérées,24,3.71203921836911
2020,Québec,Métaux ferreux,Toutes les sources des matières récupérées,24,3.30086380750068
2020,Québec,Métaux ferreux,Sources des matières résidentielles récupérées,24,3.30086380750068
2020,Québec,Métaux ferreux,Sources des matières non résidentielles récupérées,24,
2020,Québec,Cuivre et aluminium,Toutes les sources des matières récupérées,24,0.794050352615659
2020,Québec,Cuivre et aluminium,Sources des matières résidentielles récupérées,24,0.794050352615659
2020,Québec,Cuivre et aluminium,Sources des matières non résidentielles récupérées,24,
2020,Québec,Métaux mélangés,Toutes les sources des matières récupérées,24,0.95496541670979
2020,Québec,Métaux mélangés,Sources des matières résidentielles récupérées,24,0.95496541670979
2020,Québec,Métaux mélangés,Sources des matières non résidentielles récupérées,24,
2020,Québec,Électroménagers,Toutes les sources des matières récupérées,24,0.748442158577352
2020,Québec,Électroménagers,Sources des matières résidentielles récupérées,24,0.711020050648484
2020,Québec,Électroménagers,Sources des matières non résidentielles récupérées,24,0.0374221079288676
2020,Québec,Matériel électronique,Toutes les sources des matières récupérées,24,2.04371486926528
2020,Québec,Matériel électronique,Sources des matières résidentielles récupérées,24,
2020,Québec,Matériel électronique,Sources des matières non résidentielles récupérées,24,
2020,Québec,Matières plastiques,Toutes les sources des matières récupérées,24,4.79587701925894
2020,Québec,Matières plastiques,Sources des matières résidentielles récupérées,24,2.63779083263605
2020,Québec,Matières plastiques,Sources des matières non résidentielles récupérées,24,2.15820313071016
2020,Québec,Récipients triangulaires et aseptiques,Toutes les sources des matières récupérées,24,0.0
2020,Québec,Récipients triangulaires et aseptiques,Sources des matières résidentielles récupérées,24,0.0
2020,Québec,Récipients triangulaires et aseptiques,Sources des matières non résidentielles récupérées,24,0.0
2020,Québec,Textiles,Toutes les sources des matières récupérées,24,1.00700553554837
2020,Québec,Textiles,Sources des matières résidentielles récupérées,24,0.805627817256153
2020,Québec,Textiles,Sources des matières non résidentielles récupérées,24,0.201377718292219
2020,Québec,Pneus,Toutes les sources des matières récupérées,24,10.9899375460102
2020,Québec,Pneus,Sources des matières résidentielles récupérées,24,
2020,Québec,Pneus,Sources des matières non résidentielles récupérées,24,
2020,Québec,"Déchets provenant de la construction, de la rénovation et de la démolition",Toutes les sources des matières récupérées,24,12.0803242157876
2020,Québec,"Déchets provenant de la construction, de la rénovation et de la démolition",Sources des matières résidentielles récupérées,24,0.0
2020,Québec,"Déchets provenant de la construction, de la rénovation et de la démolition",Sources des matières non résidentielles récupérées,24,12.0803242157876
2020,Québec,Toutes les matières organiques,Toutes les sources des matières récupérées,24,63.2356440900259
2020,Québec,Toutes les matières organiques,Sources des matières résidentielles récupérées,24,58.1758242657812
2020,Québec,Toutes les matières organiques,Sources des matières non résidentielles récupérées,24,5.05981982424473
2020,Québec,Déchets de nourriture et matières organiques séparées à la source,Toutes les sources des matières récupérées,24,
2020,Québec,Déchets de nourriture et matières organiques séparées à la source,Sources des matières résidentielles récupérées,24,
2020,Québec,Déchets de nourriture et matières organiques séparées à la source,Sources des matières non résidentielles récupérées,24,
2020,Québec,Feuilles et résidus de jardin,Toutes les sources des matières récupérées,24,
2020,Québec,Feuilles et résidus de jardin,Sources des matières résidentielles récupérées,24,
2020,Québec,Feuilles et résidus de jardin,Sources des matières non résidentielles récupérées,24,
2020,Québec,Autres matières organiques,Toutes les sources des matières récupérées,24,
2020,Québec,Autres matières organiques,Sources des matières résidentielles récupérées,24,
2020,Québec,Autres matières organiques,Sources des matières non résidentielles récupérées,24,
2020,Québec,Autres matières,Toutes les sources des matières récupérées,24,0.0
2020,Québec,Autres matières,Sources des matières résidentielles récupérées,24,0.0
2020,Québec,Autres matières,Sources des matières non résidentielles récupérées,24,0.0
2020,Ontario,Toutes les matières,Toutes les sources des matières récupérées,35,234.755003976138
2020,Ontario,Toutes les matières,Sources des matières résidentielles récupérées,35,
2020,Ontario,Toutes les matières,Sources des matières non résidentielles récupérées,35,
2020,Ontario,Toutes les fibres cellulosiques,Toutes les sources des matières récupérées,35,90.6893469913685
2020,Ontario,Toutes les fibres cellulosiques,Sources des matières résidentielles récupérées,35,43.1403707851293
2020,Ontario,Toutes les fibres cellulosiques,Sources des matières non résidentielles récupérées,35,47.5489762062392
2020,Ontario,Verre,Toutes les sources des matières récupérées,35,8.69629071934331
2020,Ontario,Verre,Sources des matières résidentielles récupérées,35,5.94161515819434
2020,Ontario,Verre,Sources des matières non résidentielles récupérées,35,2.75467556114897
2020,Ontario,Métaux ferreux,Toutes les sources des matières récupérées,35,8.1636324973948
2020,Ontario,Métaux ferreux,Sources des matières résidentielles récupérées,35,3.82425977408869
2020,Ontario,Métaux ferreux,Sources des matières non résidentielles récupérées,35,4.3393727233061
2020,Ontario,Cuivre et aluminium,Toutes les sources des matières récupérées,35,1.46987385219876
2020,Ontario,Cuivre et aluminium,Sources des matières résidentielles récupérées,35,1.06402933894764
2020,Ontario,Cuivre et aluminium,Sources des matières non résidentielles récupérées,35,0.405844513251118
2020,Ontario,Métaux mélangés,Toutes les sources des matières récupérées,35,2.61742952812497
2020,Ontario,Métaux mélangés,Sources des matières résidentielles récupérées,35,1.48030617652536
2020,Ontario,Métaux mélangés,Sources des matières non résidentielles récupérées,35,1.13719109396537
2020,Ontario,Électroménagers,Toutes les sources des matières récupérées,35,0.840005335388727
2020,Ontario,Électroménagers,Sources des matières résidentielles récupérées,35,0.615168423440728
2020,Ontario,Électroménagers,Sources des matières non résidentielles récupérées,35,0.224836911947999
2020,Ontario,Matériel électronique,Toutes les sources des matières récupérées,35,3.1091036187904
2020,Ontario,Matériel électronique,Sources des matières résidentielles récupérées,35,
2020,Ontario,Matériel électronique,Sources des matières non résidentielles récupérées,35,
2020,Ontario,Matières plastiques,Toutes les sources des matières récupérées,35,8.12373224396383
2020,Ontario,Matières plastiques,Sources des matières résidentielles récupérées,35,6.11252914699965
2020,Ontario,Matières plastiques,Sources des matières non résidentielles récupérées,35,2.01120309696419
2020,Ontario,Récipients triangulaires et aseptiques,Toutes les sources des matières récupérées,35,0.497364449389035
2020,Ontario,Récipients triangulaires et aseptiques,Sources des matières résidentielles récupérées,35,0.394396053438159
2020,Ontario,Récipients triangulaires et aseptiques,Sources des matières non résidentielles récupérées,35,0.102968395950876
2020,Ontario,Textiles,Toutes les sources des matières récupérées,35,0.178975330330405
2020,Ontario,Textiles,Sources des matières résidentielles récupérées,35,0.177078544089204
2020,Ontario,Textiles,Sources des matières non résidentielles récupérées,35,0.0018967862412003
2020,Ontario,Pneus,Toutes les sources des matières récupérées,35,8.26294280559479
2020,Ontario,Pneus,Sources des matières résidentielles récupérées,35,
2020,Ontario,Pneus,Sources des matières non résidentielles récupérées,35,
2020,Ontario,"Déchets provenant de la construction, de la rénovation et de la démolition",Toutes les sources des matières récupérées,35,11.1696999778686
2020,Ontario,"Déchets provenant de la construction, de la rénovation et de la démolition",Sources des matières résidentielles récupérées,35,6.00515749727456
2020,Ontario,"Déchets provenant de la construction, de la rénovation et de la démolition",Sources des matières non résidentielles récupérées,35,5.16454248059401
2020,Ontario,Toutes les matières organiques,Toutes les sources des matières récupérées,35,88.7275280790412
2020,Ontario,Toutes les matières organiques,Sources des matières résidentielles récupérées,35,77.321474987046
2020,Ontario,Toutes les matières organiques,Sources des matières non résidentielles récupérées,35,11.4060530919953
2020,Ontario,Déchets de nourriture et matières organiques séparées à la source,Toutes les sources des matières récupérées,35,43.1382707717908
2020,Ontario,Déchets de nourriture et matières organiques séparées à la source,Sources des matières résidentielles récupérées,35,36.4901027387493
2020,Ontario,Déchets de nourriture et matières organiques séparées à la source,Sources des matières non résidentielles récupérées,35,6.64816803304147
2020,Ontario,Feuilles et résidus de jardin,Toutes les sources des matières récupérées,35,43.1881291529881
2020,Ontario,Feuilles et résidus de jardin,Sources des matières résidentielles récupérées,35,39.1808972489893
2020,Ontario,Feuilles et résidus de jardin,Sources des matières non résidentielles récupérées,35,4.00723190399877
2020,Ontario,Autres matières organiques,Toutes les sources des matières récupérées,35,2.40112815426237
2020,Ontario,Autres matières organiques,Sources des matières résidentielles récupérées,35,1.65047499930733
2020,Ontario,Autres matières organiques,Sources des matières non résidentielles récupérées,35,0.750653154955039
2020,Ontario,Autres matières,Toutes les sources des matières récupérées,35,2.20901080497508
2020,Ontario,Autres matières,Sources des matières résidentielles récupérées,35,1.50774183465701
2020,Ontario,Autres matières,Sources des matières non résidentielles récupérées,35,0.701268970318073
2020,Manitoba,Toutes les matières,Toutes les sources des matières récupérées,46,160.133233632725
2020,Manitoba,Toutes les matières,Sources des matières résidentielles récupérées,46,
2020,Manitoba,Toutes les matières,Sources des matières non résidentielles récupérées,46,
2020,Manitoba,Toutes les fibres cellulosiques,Toutes les sources des matières récupérées,46,59.6740021968913
2020,Manitoba,Toutes les fibres cellulosiques,Sources des matières résidentielles récupérées,46,28.5248077720102
2020,Manitoba,Toutes les fibres cellulosiques,Sources des matières non résidentielles récupérées,46,31.1491944248811
2020,Manitoba,Verre,Toutes les sources des matières récupérées,46,7.27828932305026
2020,Manitoba,Verre,Sources des matières résidentielles récupérées,46,5.39803439091333
2020,Manitoba,Verre,Sources des matières non résidentielles récupérées,46,1.88025493213693
2020,Manitoba,Métaux ferreux,Toutes les sources des matières récupérées,46,15.4883735758609
2020,Manitoba,Métaux ferreux,Sources des matières résidentielles récupérées,46,2.1353030000029
2020,Manitoba,Métaux ferreux,Sources des matières non résidentielles récupérées,46,13.353070575858
2020,Manitoba,Cuivre et aluminium,Toutes les sources des matières récupérées,46,2.95478983169726
2020,Manitoba,Cuivre et aluminium,Sources des matières résidentielles récupérées,46,1.41798030912985
2020,Manitoba,Cuivre et aluminium,Sources des matières non résidentielles récupérées,46,1.53680952256741
2020,Manitoba,Métaux mélangés,Toutes les sources des matières récupérées,46,3.37866233084951
2020,Manitoba,Métaux mélangés,Sources des matières résidentielles récupérées,46,
2020,Manitoba,Métaux mélangés,Sources des matières non résidentielles récupérées,46,
2020,Manitoba,Électroménagers,Toutes les sources des matières récupérées,46,2.26427617068512
2020,Manitoba,Électroménagers,Sources des matières résidentielles récupérées,46,
2020,Manitoba,Électroménagers,Sources des matières non résidentielles récupérées,46,
2020,Manitoba,Matériel électronique,Toutes les sources des matières récupérées,46,2.01719835493996
2020,Manitoba,Matériel électronique,Sources des matières résidentielles récupérées,46,
2020,Manitoba,Matériel électronique,Sources des matières non résidentielles récupérées,46,
2020,Manitoba,Matières plastiques,Toutes les sources des matières récupérées,46,5.78567847133463
2020,Manitoba,Matières plastiques,Sources des matières résidentielles récupérées,46,4.19090347879768
2020,Manitoba,Matières plastiques,Sources des matières non résidentielles récupérées,46,1.59477499253695
2020,Manitoba,Récipients triangulaires et aseptiques,Toutes les sources des matières récupérées,46,0.998455220225312
2020,Manitoba,Récipients triangulaires et aseptiques,Sources des matières résidentielles récupérées,46,
2020,Manitoba,Récipients triangulaires et aseptiques,Sources des matières non résidentielles récupérées,46,
2020,Manitoba,Textiles,Toutes les sources des matières récupérées,46,0.0
2020,Manitoba,Textiles,Sources des matières résidentielles récupérées,46,0.0
2020,Manitoba,Textiles,Sources des matières non résidentielles récupérées,46,0.0
2020,Manitoba,Pneus,Toutes les sources des matières récupérées,46,12.8958679314732
2020,Manitoba,Pneus,Sources des matières résidentielles récupérées,46,
2020,Manitoba,Pneus,Sources des matières non résidentielles récupérées,46,
2020,Manitoba,"Déchets provenant de la construction, de la rénovation et de la démolition",Toutes les sources des matières récupérées,46,1.51434790295421
2020,Manitoba,"Déchets provenant de la construction, de la rénovation et de la démolition",Sources des matières résidentielles récupérées,46,
2020,Manitoba,"Déchets provenant de la construction, de la rénovation et de la démolition",Sources des matières non résidentielles récupérées,46,
2020,Manitoba,Toutes les matières organiques,Toutes les sources des matières récupérées,46,41.1656276356175
2020,Manitoba,Toutes les matières organiques,Sources des matières résidentielles récupérées,46,26.0605507299302
2020,Manitoba,Toutes les matières organiques,Sources des matières non résidentielles récupérées,46,15.1050769056873
2020,Manitoba,Déchets de nourriture et matières organiques séparées à la source,Toutes les sources des matières récupérées,46,
2020,Manitoba,Déchets de nourriture et matières organiques séparées à la source,Sources des matières résidentielles récupérées,46,
2020,Manitoba,Déchets de nourriture et matières organiques séparées à la source,Sources des matières non résidentielles récupérées,46,
2020,Manitoba,Feuilles et résidus de jardin,Toutes les sources des matières récupérées,46,36.0929244449082
2020,Manitoba,Feuilles et résidus de jardin,Sources des matières résidentielles récupérées,46,
2020,Manitoba,Feuilles et résidus de jardin,Sources des matières non résidentielles récupérées,46,
2020,Manitoba,Autres matières organiques,Toutes les sources des matières récupérées,46,
2020,Manitoba,Autres matières organiques,Sources des matières résidentielles récupérées,46,
2020,Manitoba,Autres matières organiques,Sources des matières non résidentielles récupérées,46,
2020,Manitoba,Autres matières,Toutes les sources des matières récupérées,46,4.71838925552049
2020,Manitoba,Autres matières,Sources des matières résidentielles récupérées,46,3.05115742552162
2020,Manitoba,Autres matières,Sources des matières non résidentielles récupérées,46,1.66723182999887
2020,Saskatchewan,Toutes les matières,Toutes les sources des matières récupérées,47,173.429354129654
2020,Saskatchewan,Toutes les matières,Sources des matières résidentielles récupérées,47,
2020,Saskatchewan,Toutes les matières,Sources des matières non résidentielles récupérées,47,
2020,Saskatchewan,Toutes les fibres cellulosiques,Toutes les sources des matières récupérées,47,40.9607447750787
2020,Saskatchewan,Toutes les fibres cellulosiques,Sources des matières résidentielles récupérées,47,30.1648297992266
2020,Saskatchewan,Toutes les fibres cellulosiques,Sources des matières non résidentielles récupérées,47,10.795914975852
2020,Saskatchewan,Verre,Toutes les sources des matières récupérées,47,
2020,Saskatchewan,Verre,Sources des matières résidentielles récupérées,47,
2020,Saskatchewan,Verre,Sources des matières non résidentielles récupérées,47,
2020,Saskatchewan,Métaux ferreux,Toutes les sources des matières récupérées,47,31.4249100126265
2020,Saskatchewan,Métaux ferreux,Sources des matières résidentielles récupérées,47,3.76567819041859
2020,Saskatchewan,Métaux ferreux,Sources des matières non résidentielles récupérées,47,27.6592318222079
2020,Saskatchewan,Cuivre et aluminium,Toutes les sources des matières récupérées,47,6.07596801743382
2020,Saskatchewan,Cuivre et aluminium,Sources des matières résidentielles récupérées,47,
2020,Saskatchewan,Cuivre et aluminium,Sources des matières non résidentielles récupérées,47,
2020,Saskatchewan,Métaux mélangés,Toutes les sources des matières récupérées,47,1.2395214607679
2020,Saskatchewan,Métaux mélangés,Sources des matières résidentielles récupérées,47,0.914007877428717
2020,Saskatchewan,Métaux mélangés,Sources des matières non résidentielles récupérées,47,0.325513583339187
2020,Saskatchewan,Électroménagers,Toutes les sources des matières récupérées,47,1.24466114892589
2020,Saskatchewan,Électroménagers,Sources des matières résidentielles récupérées,47,
2020,Saskatchewan,Électroménagers,Sources des matières non résidentielles récupérées,47,
2020,Saskatchewan,Matériel électronique,Toutes les sources des matières récupérées,47,1.46309789564035
2020,Saskatchewan,Matériel électronique,Sources des matières résidentielles récupérées,47,
2020,Saskatchewan,Matériel électronique,Sources des matières non résidentielles récupérées,47,
2020,Saskatchewan,Matières plastiques,Toutes les sources des matières récupérées,47,5.71704646106772
2020,Saskatchewan,Matières plastiques,Sources des matières résidentielles récupérées,47,5.37097412509658
2020,Saskatchewan,Matières plastiques,Sources des matières non résidentielles récupérées,47,0.346928950664133
2020,Saskatchewan,Récipients triangulaires et aseptiques,Toutes les sources des matières récupérées,47,
2020,Saskatchewan,Récipients triangulaires et aseptiques,Sources des matières résidentielles récupérées,47,
2020,Saskatchewan,Récipients triangulaires et aseptiques,Sources des matières non résidentielles récupérées,47,
2020,Saskatchewan,Textiles,Toutes les sources des matières récupérées,47,0.0
2020,Saskatchewan,Textiles,Sources des matières résidentielles récupérées,47,0.0
2020,Saskatchewan,Textiles,Sources des matières non résidentielles récupérées,47,0.0
2020,Saskatchewan,Pneus,Toutes les sources des matières récupérées,47,37.0828500598774
2020,Saskatchewan,Pneus,Sources des matières résidentielles récupérées,47,
2020,Saskatchewan,Pneus,Sources des matières non résidentielles récupérées,47,
2020,Saskatchewan,"Déchets provenant de la construction, de la rénovation et de la démolition",Toutes les sources des matières récupérées,47,
2020,Saskatchewan,"Déchets provenant de la construction, de la rénovation et de la démolition",Sources des matières résidentielles récupérées,47,
2020,Saskatchewan,"Déchets provenant de la construction, de la rénovation et de la démolition",Sources des matières non résidentielles récupérées,47,
2020,Saskatchewan,Toutes les matières organiques,Toutes les sources des matières récupérées,47,34.7365824157562
2020,Saskatchewan,Toutes les matières organiques,Sources des matières résidentielles récupérées,47,29.7853494902286
2020,Saskatchewan,Toutes les matières organiques,Sources des matières non résidentielles récupérées,47,4.95123292552763
2020,Saskatchewan,Déchets de nourriture et matières organiques séparées à la source,Toutes les sources des matières récupérées,47,
2020,Saskatchewan,Déchets de nourriture et matières organiques séparées à la source,Sources des matières résidentielles récupérées,47,
2020,Saskatchewan,Déchets de nourriture et matières organiques séparées à la source,Sources des matières non résidentielles récupérées,47,
2020,Saskatchewan,Feuilles et résidus de jardin,Toutes les sources des matières récupérées,47,15.1860652774661
2020,Saskatchewan,Feuilles et résidus de jardin,Sources des matières résidentielles récupérées,47,13.6946990969568
2020,Saskatchewan,Feuilles et résidus de jardin,Sources des matières non résidentielles récupérées,47,1.49136618050927
2020,Saskatchewan,Autres matières organiques,Toutes les sources des matières récupérées,47,
2020,Saskatchewan,Autres matières organiques,Sources des matières résidentielles récupérées,47,
2020,Saskatchewan,Autres matières organiques,Sources des matières non résidentielles récupérées,47,
2020,Saskatchewan,Autres matières,Toutes les sources des matières récupérées,47,
2020,Saskatchewan,Autres matières,Sources des matières résidentielles récupérées,47,
2020,Saskatchewan,Autres matières,Sources des matières non résidentielles récupérées,47,
2020,Alberta,Toutes les matières,Toutes les sources des matières récupérées,48,215.372223904962
2020,Alberta,Toutes les matières,Sources des matières résidentielles récupérées,48,
2020,Alberta,Toutes les matières,Sources des matières non résidentielles récupérées,48,
2020,Alberta,Toutes les fibres cellulosiques,Toutes les sources des matières récupérées,48,61.1061385208605
2020,Alberta,Toutes les fibres cellulosiques,Sources des matières résidentielles récupérées,48,11.1936598907089
2020,Alberta,Toutes les fibres cellulosiques,Sources des matières non résidentielles récupérées,48,49.9124786301516
2020,Alberta,Verre,Toutes les sources des matières récupérées,48,14.4011507670457
2020,Alberta,Verre,Sources des matières résidentielles récupérées,48,11.2367682776725
2020,Alberta,Verre,Sources des matières non résidentielles récupérées,48,3.16438248937322
2020,Alberta,Métaux ferreux,Toutes les sources des matières récupérées,48,12.4242908953952
2020,Alberta,Métaux ferreux,Sources des matières résidentielles récupérées,48,0.618718796050818
2020,Alberta,Métaux ferreux,Sources des matières non résidentielles récupérées,48,11.8057989855916
2020,Alberta,Cuivre et aluminium,Toutes les sources des matières récupérées,48,4.50732218641201
2020,Alberta,Cuivre et aluminium,Sources des matières résidentielles récupérées,48,3.53738347973168
2020,Alberta,Cuivre et aluminium,Sources des matières non résidentielles récupérées,48,0.969938706680325
2020,Alberta,Métaux mélangés,Toutes les sources des matières récupérées,48,4.31900660125536
2020,Alberta,Métaux mélangés,Sources des matières résidentielles récupérées,48,1.42711449474134
2020,Alberta,Métaux mélangés,Sources des matières non résidentielles récupérées,48,2.89166522026684
2020,Alberta,Électroménagers,Toutes les sources des matières récupérées,48,3.30278310015099
2020,Alberta,Électroménagers,Sources des matières résidentielles récupérées,48,2.47306009422586
2020,Alberta,Électroménagers,Sources des matières non résidentielles récupérées,48,0.829496119677958
2020,Alberta,Matériel électronique,Toutes les sources des matières récupérées,48,1.95122172571948
2020,Alberta,Matériel électronique,Sources des matières résidentielles récupérées,48,
2020,Alberta,Matériel électronique,Sources des matières non résidentielles récupérées,48,
2020,Alberta,Matières plastiques,Toutes les sources des matières récupérées,48,8.95315819983914
2020,Alberta,Matières plastiques,Sources des matières résidentielles récupérées,48,5.89200895293131
2020,Alberta,Matières plastiques,Sources des matières non résidentielles récupérées,48,3.06114924690782
2020,Alberta,Récipients triangulaires et aseptiques,Toutes les sources des matières récupérées,48,
2020,Alberta,Récipients triangulaires et aseptiques,Sources des matières résidentielles récupérées,48,
2020,Alberta,Récipients triangulaires et aseptiques,Sources des matières non résidentielles récupérées,48,
2020,Alberta,Textiles,Toutes les sources des matières récupérées,48,
2020,Alberta,Textiles,Sources des matières résidentielles récupérées,48,
2020,Alberta,Textiles,Sources des matières non résidentielles récupérées,48,
2020,Alberta,Pneus,Toutes les sources des matières récupérées,48,15.0790868736096
2020,Alberta,Pneus,Sources des matières résidentielles récupérées,48,
2020,Alberta,Pneus,Sources des matières non résidentielles récupérées,48,
2020,Alberta,"Déchets provenant de la construction, de la rénovation et de la démolition",Toutes les sources des matières récupérées,48,16.3094909920488
2020,Alberta,"Déchets provenant de la construction, de la rénovation et de la démolition",Sources des matières résidentielles récupérées,48,2.45445542195737
2020,Alberta,"Déchets provenant de la construction, de la rénovation et de la démolition",Sources des matières non résidentielles récupérées,48,13.8550355700914
2020,Alberta,Toutes les matières organiques,Toutes les sources des matières récupérées,48,70.4760867567632
2020,Alberta,Toutes les matières organiques,Sources des matières résidentielles récupérées,48,51.6647211170971
2020,Alberta,Toutes les matières organiques,Sources des matières non résidentielles récupérées,48,18.8113656396661
2020,Alberta,Déchets de nourriture et matières organiques séparées à la source,Toutes les sources des matières récupérées,48,49.8019850277765
2020,Alberta,Déchets de nourriture et matières organiques séparées à la source,Sources des matières résidentielles récupérées,48,39.9716845963523
2020,Alberta,Déchets de nourriture et matières organiques séparées à la source,Sources des matières non résidentielles récupérées,48,9.8303004314242
2020,Alberta,Feuilles et résidus de jardin,Toutes les sources des matières récupérées,48,14.5971804846063
2020,Alberta,Feuilles et résidus de jardin,Sources des matières résidentielles récupérées,48,9.64720322995261
2020,Alberta,Feuilles et résidus de jardin,Sources des matières non résidentielles récupérées,48,4.94997725465372
2020,Alberta,Autres matières organiques,Toutes les sources des matières récupérées,48,6.07692124438031
2020,Alberta,Autres matières organiques,Sources des matières résidentielles récupérées,48,2.04583329079216
2020,Alberta,Autres matières organiques,Sources des matières non résidentielles récupérées,48,4.03108795358815
2020,Alberta,Autres matières,Toutes les sources des matières récupérées,48,1.15575854311803
2020,Alberta,Autres matières,Sources des matières résidentielles récupérées,48,0.38457218896448
2020,Alberta,Autres matières,Sources des matières non résidentielles récupérées,48,0.77118635415355
2020,Colombie-Britannique,Toutes les matières,Toutes les sources des matières récupérées,59,337.652994020016
2020,Colombie-Britannique,Toutes les matières,Sources des matières résidentielles récupérées,59,
2020,Colombie-Britannique,Toutes les matières,Sources des matières non résidentielles récupérées,59,
2020,Colombie-Britannique,Toutes les fibres cellulosiques,Toutes les sources des matières récupérées,59,108.2482741353
2020,Colombie-Britannique,Toutes les fibres cellulosiques,Sources des matières résidentielles récupérées,59,37.2906170107577
2020,Colombie-Britannique,Toutes les fibres cellulosiques,Sources des matières non résidentielles récupérées,59,70.9576571245422
2020,Colombie-Britannique,Verre,Toutes les sources des matières récupérées,59,22.2022329162433
2020,Colombie-Britannique,Verre,Sources des matières résidentielles récupérées,59,16.7863803275863
2020,Colombie-Britannique,Verre,Sources des matières non résidentielles récupérées,59,5.41585258865698
2020,Colombie-Britannique,Métaux ferreux,Toutes les sources des matières récupérées,59,15.3151957428961
2020,Colombie-Britannique,Métaux ferreux,Sources des matières résidentielles récupérées,59,2.22793179653952
2020,Colombie-Britannique,Métaux ferreux,Sources des matières non résidentielles récupérées,59,13.0872639463565
2020,Colombie-Britannique,Cuivre et aluminium,Toutes les sources des matières récupérées,59,3.3013266163083
2020,Colombie-Britannique,Cuivre et aluminium,Sources des matières résidentielles récupérées,59,1.1373425673108
2020,Colombie-Britannique,Cuivre et aluminium,Sources des matières non résidentielles récupérées,59,2.16379085338559
2020,Colombie-Britannique,Métaux mélangés,Toutes les sources des matières récupérées,59,11.6817658697154
2020,Colombie-Britannique,Métaux mélangés,Sources des matières résidentielles récupérées,59,4.92262419145221
2020,Colombie-Britannique,Métaux mélangés,Sources des matières non résidentielles récupérées,59,6.75894848265132
2020,Colombie-Britannique,Électroménagers,Toutes les sources des matières récupérées,59,4.45084050716939
2020,Colombie-Britannique,Électroménagers,Sources des matières résidentielles récupérées,59,2.87880781306238
2020,Colombie-Britannique,Électroménagers,Sources des matières non résidentielles récupérées,59,1.57203269410701
2020,Colombie-Britannique,Matériel électronique,Toutes les sources des matières récupérées,59,2.69082848267451
2020,Colombie-Britannique,Matériel électronique,Sources des matières résidentielles récupérées,59,
2020,Colombie-Britannique,Matériel électronique,Sources des matières non résidentielles récupérées,59,
2020,Colombie-Britannique,Matières plastiques,Toutes les sources des matières récupérées,59,11.45456783011
2020,Colombie-Britannique,Matières plastiques,Sources des matières résidentielles récupérées,59,7.39359606777379
2020,Colombie-Britannique,Matières plastiques,Sources des matières non résidentielles récupérées,59,4.06097176233617
2020,Colombie-Britannique,Récipients triangulaires et aseptiques,Toutes les sources des matières récupérées,59,0.391993896564229
2020,Colombie-Britannique,Récipients triangulaires et aseptiques,Sources des matières résidentielles récupérées,59,0.346592927765513
2020,Colombie-Britannique,Récipients triangulaires et aseptiques,Sources des matières non résidentielles récupérées,59,0.0452077731868061
2020,Colombie-Britannique,Textiles,Toutes les sources des matières récupérées,59,0.117076540817113
2020,Colombie-Britannique,Textiles,Sources des matières résidentielles récupérées,59,0.117076540817113
2020,Colombie-Britannique,Textiles,Sources des matières non résidentielles récupérées,59,0.0
2020,Colombie-Britannique,Pneus,Toutes les sources des matières récupérées,59,9.71117062823929
2020,Colombie-Britannique,Pneus,Sources des matières résidentielles récupérées,59,
2020,Colombie-Britannique,Pneus,Sources des matières non résidentielles récupérées,59,
2020,Colombie-Britannique,"Déchets provenant de la construction, de la rénovation et de la démolition",Toutes les sources des matières récupérées,59,33.1600948281341
2020,Colombie-Britannique,"Déchets provenant de la construction, de la rénovation et de la démolition",Sources des matières résidentielles récupérées,59,3.20878591820368
2020,Colombie-Britannique,"Déchets provenant de la construction, de la rénovation et de la démolition",Sources des matières non résidentielles récupérées,59,29.9513089099305
2020,Colombie-Britannique,Toutes les matières organiques,Toutes les sources des matières récupérées,59,105.333918329646
2020,Colombie-Britannique,Toutes les matières organiques,Sources des matières résidentielles récupérées,59,69.7324105538126
2020,Colombie-Britannique,Toutes les matières organiques,Sources des matières non résidentielles récupérées,59,35.6015077758336
2020,Colombie-Britannique,Déchets de nourriture et matières organiques séparées à la source,Toutes les sources des matières récupérées,59,58.2121562156534
2020,Colombie-Britannique,Déchets de nourriture et matières organiques séparées à la source,Sources des matières résidentielles récupérées,59,34.6088687218429
2020,Colombie-Britannique,Déchets de nourriture et matières organiques séparées à la source,Sources des matières non résidentielles récupérées,59,23.6032874938105
2020,Colombie-Britannique,Feuilles et résidus de jardin,Toutes les sources des matières récupérées,59,55.7746071801922
2020,Colombie-Britannique,Feuilles et résidus de jardin,Sources des matières résidentielles récupérées,59,47.3904972101588
2020,Colombie-Britannique,Feuilles et résidus de jardin,Sources des matières non résidentielles récupérées,59,8.38410997003343
2020,Colombie-Britannique,Autres matières organiques,Toutes les sources des matières récupérées,59,10.2353103233496
2020,Colombie-Britannique,Autres matières organiques,Sources des matières résidentielles récupérées,59,2.84345301608296
2020,Colombie-Britannique,Autres matières organiques,Sources des matières non résidentielles récupérées,59,7.39185730726661
2020,Colombie-Britannique,Autres matières,Toutes les sources des matières récupérées,59,9.59390089181026
2020,Colombie-Britannique,Autres matières,Sources des matières résidentielles récupérées,59,8.33735663195135
2020,Colombie-Britannique,Autres matières,Sources des matières non résidentielles récupérées,59,1.25635106424701
2020,Territoires,Toutes les matières,Toutes les sources des matières récupérées,,237.301593603354
2020,Territoires,Toutes les matières,Sources des matières résidentielles récupérées,,
2020,Territoires,Toutes les matières,Sources des matières non résidentielles récupérées,,
2020,Territoires,Toutes les fibres cellulosiques,Toutes les sources des matières récupérées,,42.702535314155
2020,Territoires,Toutes les fibres cellulosiques,Sources des matières résidentielles récupérées,,17.0556054025298
2020,Territoires,Toutes les fibres cellulosiques,Sources des matières non résidentielles récupérées,,25.6469299116253
2020,Territoires,Verre,Toutes les sources des matières récupérées,,5.97104993608118
2020,Territoires,Verre,Sources des matières résidentielles récupérées,,5.23260892004986
2020,Territoires,Verre,Sources des matières non résidentielles récupérées,,0.738441016031316
2020,Territoires,Métaux ferreux,Toutes les sources des matières récupérées,,65.0463312185865
2020,Territoires,Métaux ferreux,Sources des matières résidentielles récupérées,,21.1527620076067
2020,Territoires,Métaux ferreux,Sources des matières non résidentielles récupérées,,43.8935692109797
2020,Territoires,Cuivre et aluminium,Toutes les sources des matières récupérées,,
2020,Territoires,Cuivre et aluminium,Sources des matières résidentielles récupérées,,
2020,Territoires,Cuivre et aluminium,Sources des matières non résidentielles récupérées,,
2020,Territoires,Métaux mélangés,Toutes les sources des matières récupérées,,
2020,Territoires,Métaux mélangés,Sources des matières résidentielles récupérées,,
2020,Territoires,Métaux mélangés,Sources des matières non résidentielles récupérées,,
2020,Territoires,Électroménagers,Toutes les sources des matières récupérées,,1.50070270999913
2020,Territoires,Électroménagers,Sources des matières résidentielles récupérées,,
2020,Territoires,Électroménagers,Sources des matières non résidentielles récupérées,,
2020,Territoires,Matériel électronique,Toutes les sources des matières récupérées,,1.69920835946991
2020,Territoires,Matériel électronique,Sources des matières résidentielles récupérées,,
2020,Territoires,Matériel électronique,Sources des matières non résidentielles récupérées,,
2020,Territoires,Matières plastiques,Toutes les sources des matières récupérées,,6.65390937026068
2020,Territoires,Matières plastiques,Sources des matières résidentielles récupérées,,
2020,Territoires,Matières plastiques,Sources des matières non résidentielles récupérées,,
2020,Territoires,Récipients triangulaires et aseptiques,Toutes les sources des matières récupérées,,
2020,Territoires,Récipients triangulaires et aseptiques,Sources des matières résidentielles récupérées,,
2020,Territoires,Récipients triangulaires et aseptiques,Sources des matières non résidentielles récupérées,,
2020,Territoires,Textiles,Toutes les sources des matières récupérées,,
2020,Territoires,Textiles,Sources des matières résidentielles récupérées,,
2020,Territoires,Textiles,Sources des matières non résidentielles récupérées,,
2020,Territoires,Pneus,Toutes les sources des matières récupérées,,7.15414360692705
2020,Territoires,Pneus,Sources des matières résidentielles récupérées,,
2020,Territoires,Pneus,Sources des matières non résidentielles récupérées,,
2020,Territoires,"Déchets provenant de la construction, de la rénovation et de la démolition",Toutes les sources des matières récupérées,,59.3690696437221
2020,Territoires,"Déchets provenant de la construction, de la rénovation et de la démolition",Sources des matières résidentielles récupérées,,8.52780270126488
2020,Territoires,"Déchets provenant de la construction, de la rénovation et de la démolition",Sources des matières non résidentielles récupérées,,50.8412669424572
2020,Territoires,Toutes les matières organiques,Toutes les sources des matières récupérées,,36.3265338531535
2020,Territoires,Toutes les matières organiques,Sources des matières résidentielles récupérées,,
2020,Territoires,Toutes les matières organiques,Sources des matières non résidentielles récupérées,,
2020,Territoires,Déchets de nourriture et matières organiques séparées à la source,Toutes les sources des matières récupérées,,30.744554990035
2020,Territoires,Déchets de nourriture et matières organiques séparées à la source,Sources des matières résidentielles récupérées,,
2020,Territoires,Déchets de nourriture et matières organiques séparées à la source,Sources des matières non résidentielles récupérées,,
2020,Territoires,Feuilles et résidus de jardin,Toutes les sources des matières récupérées,,
2020,Territoires,Feuilles et résidus de jardin,Sources des matières résidentielles récupérées,,
2020,Territoires,Feuilles et résidus de jardin,Sources des matières non résidentielles récupérées,,
2020,Territoires,Autres matières organiques,Toutes les sources des matières récupérées,,
2020,Territoires,Autres matières organiques,Sources des matières résidentielles récupérées,,
2020,Territoires,Autres matières organiques,Sources des matières non résidentielles récupérées,,
2020,Territoires,Autres matières,Toutes les sources des matières récupérées,,0.794022597883136
2020,Territoires,Autres matières,Sources des matières résidentielles récupérées,,0.555815818518195
2020,Territoires,Autres matières,Sources des matières non résidentielles récupérées,,0.238206779364941
2022,Canada,Toutes les matières,Sources des matières résidentielles récupérées,,
2022,Canada,Toutes les matières,Sources des matières non résidentielles récupérées,,
2022,Canada,Toutes les fibres cellulosiques,Toutes les sources des matières récupérées,,81.0874072951141
2022,Canada,Toutes les fibres cellulosiques,Sources des matières résidentielles récupérées,,29.416292889153
2022,Canada,Toutes les fibres cellulosiques,Sources des matières non résidentielles récupérées,,51.671088729138
2022,Canada,Verre,Toutes les sources des matières récupérées,,9.74227453720864
2022,Canada,Verre,Sources des matières résidentielles récupérées,,6.43463754134354
2022,Canada,Verre,Sources des matières non résidentielles récupérées,,3.30763699586511
2022,Canada,Métaux ferreux,Toutes les sources des matières récupérées,,10.017838202532
2022,Canada,Métaux ferreux,Sources des matières résidentielles récupérées,,3.67109242660049
2022,Canada,Métaux ferreux,Sources des matières non résidentielles récupérées,,6.34672009910843
2022,Canada,Cuivre et aluminium,Toutes les sources des matières récupérées,,2.23401199230887
2022,Canada,Cuivre et aluminium,Sources des matières résidentielles récupérées,,1.4217000172651
2022,Canada,Cuivre et aluminium,Sources des matières non résidentielles récupérées,,0.812311975043771
2022,Canada,Métaux mélangés,Toutes les sources des matières récupérées,,3.39455304199999
2022,Canada,Métaux mélangés,Sources des matières résidentielles récupérées,,1.59866468195095
2022,Canada,Métaux mélangés,Sources des matières non résidentielles récupérées,,1.79588836004904
2022,Canada,Électroménagers,Toutes les sources des matières récupérées,,1.86318731334875
2022,Canada,Électroménagers,Sources des matières résidentielles récupérées,,1.20557819737815
2022,Canada,Électroménagers,Sources des matières non résidentielles récupérées,,0.657609115970604
2022,Canada,Matériel électronique,Toutes les sources des matières récupérées,,2.4169336799499
2022,Canada,Matériel électronique,Sources des matières résidentielles récupérées,,
2022,Canada,Matériel électronique,Sources des matières non résidentielles récupérées,,
2022,Canada,Matières plastiques,Toutes les sources des matières récupérées,,7.38760715323425
2022,Canada,Matières plastiques,Sources des matières résidentielles récupérées,,5.10342264862182
2022,Canada,Matières plastiques,Sources des matières non résidentielles récupérées,,2.28418450461243
2022,Canada,Récipients triangulaires et aseptiques,Toutes les sources des matières récupérées,,0.529892597957337
2022,Canada,Récipients triangulaires et aseptiques,Sources des matières résidentielles récupérées,,0.459178627187627
2022,Canada,Récipients triangulaires et aseptiques,Sources des matières non résidentielles récupérées,,0.0706882939466273
2022,Canada,Textiles,Toutes les sources des matières récupérées,,0.321858977341436
2022,Canada,Textiles,Sources des matières résidentielles récupérées,,0.265780795728856
2022,Canada,Textiles,Sources des matières non résidentielles récupérées,,0.0561038584356632
2022,Canada,Pneus,Toutes les sources des matières récupérées,,10.7736354899708
2022,Canada,Pneus,Sources des matières résidentielles récupérées,,
2022,Canada,Pneus,Sources des matières non résidentielles récupérées,,
2022,Canada,"Déchets provenant de la construction, de la rénovation et de la démolition",Toutes les sources des matières récupérées,,15.3798007827734
2022,Canada,"Déchets provenant de la construction, de la rénovation et de la démolition",Sources des matières résidentielles récupérées,,3.53485120332377
2022,Canada,"Déchets provenant de la construction, de la rénovation et de la démolition",Sources des matières non résidentielles récupérées,,11.8449239026265
2022,Canada,Toutes les matières organiques,Toutes les sources des matières récupérées,,75.3335393641618
2022,Canada,Toutes les matières organiques,Sources des matières résidentielles récupérées,,57.5184716497575
2022,Canada,Toutes les matières organiques,Sources des matières non résidentielles récupérées,,17.8150677144043
2022,Canada,Déchets de nourriture et matières organiques séparées à la source,Toutes les sources des matières récupérées,,39.9204501208711
2022,Canada,Déchets de nourriture et matières organiques séparées à la source,Sources des matières résidentielles récupérées,,32.1136945076351
2022,Canada,Déchets de nourriture et matières organiques séparées à la source,Sources des matières non résidentielles récupérées,,7.80675561323597
2022,Canada,Feuilles et résidus de jardin,Toutes les sources des matières récupérées,,26.858958340587
2022,Canada,Feuilles et résidus de jardin,Sources des matières résidentielles récupérées,,22.5206023125369
2022,Canada,Feuilles et résidus de jardin,Sources des matières non résidentielles récupérées,,4.33835602805018
2022,Canada,Autres matières organiques,Toutes les sources des matières récupérées,,8.55413090270364
2022,Canada,Autres matières organiques,Sources des matières résidentielles récupérées,,2.88417482958549
2022,Canada,Autres matières organiques,Sources des matières non résidentielles récupérées,,5.66998174994123
2022,Canada,Autres matières,Toutes les sources des matières récupérées,,1.18822066497426
2022,Canada,Autres matières,Sources des matières résidentielles récupérées,,0.880150141628221
2022,Canada,Autres matières,Sources des matières non résidentielles récupérées,,0.308044846522952
2022,Terre-Neuve-et-Labrador,Toutes les matières,Toutes les sources des matières récupérées,10,88.0972242360105
2022,Terre-Neuve-et-Labrador,Toutes les matières,Sources des matières résidentielles récupérées,10,
2022,Terre-Neuve-et-Labrador,Toutes les matières,Sources des matières non résidentielles récupérées,10,
2022,Terre-Neuve-et-Labrador,Toutes les fibres cellulosiques,Toutes les sources des matières récupérées,10,49.8680942490599
2022,Terre-Neuve-et-Labrador,Toutes les fibres cellulosiques,Sources des matières résidentielles récupérées,10,26.6504224561773
2022,Terre-Neuve-et-Labrador,Toutes les fibres cellulosiques,Sources des matières non résidentielles récupérées,10,23.2176717928826
2022,Terre-Neuve-et-Labrador,Verre,Toutes les sources des matières récupérées,10,
2022,Terre-Neuve-et-Labrador,Verre,Sources des matières résidentielles récupérées,10,
2022,Terre-Neuve-et-Labrador,Verre,Sources des matières non résidentielles récupérées,10,
2022,Terre-Neuve-et-Labrador,Métaux ferreux,Toutes les sources des matières récupérées,10,1.12416464398628
2022,Terre-Neuve-et-Labrador,Métaux ferreux,Sources des matières résidentielles récupérées,10,
2022,Terre-Neuve-et-Labrador,Métaux ferreux,Sources des matières non résidentielles récupérées,10,
2022,Terre-Neuve-et-Labrador,Cuivre et aluminium,Toutes les sources des matières récupérées,10,0.579971039108502
2022,Terre-Neuve-et-Labrador,Cuivre et aluminium,Sources des matières résidentielles récupérées,10,
2022,Terre-Neuve-et-Labrador,Cuivre et aluminium,Sources des matières non résidentielles récupérées,10,
2022,Terre-Neuve-et-Labrador,Métaux mélangés,Toutes les sources des matières récupérées,10,
2022,Terre-Neuve-et-Labrador,Métaux mélangés,Sources des matières résidentielles récupérées,10,
2022,Terre-Neuve-et-Labrador,Métaux mélangés,Sources des matières non résidentielles récupérées,10,
2022,Terre-Neuve-et-Labrador,Électroménagers,Toutes les sources des matières récupérées,10,
2022,Terre-Neuve-et-Labrador,Électroménagers,Sources des matières résidentielles récupérées,10,
2022,Terre-Neuve-et-Labrador,Électroménagers,Sources des matières non résidentielles récupérées,10,
2022,Terre-Neuve-et-Labrador,Matériel électronique,Toutes les sources des matières récupérées,10,1.2220818324072
2022,Terre-Neuve-et-Labrador,Matériel électronique,Sources des matières résidentielles récupérées,10,
2022,Terre-Neuve-et-Labrador,Matériel électronique,Sources des matières non résidentielles récupérées,10,
2022,Terre-Neuve-et-Labrador,Matières plastiques,Toutes les sources des matières récupérées,10,3.0203686582144
2022,Terre-Neuve-et-Labrador,Matières plastiques,Sources des matières résidentielles récupérées,10,2.67012640732421
2022,Terre-Neuve-et-Labrador,Matières plastiques,Sources des matières non résidentielles récupérées,10,0.350242250890199
2022,Terre-Neuve-et-Labrador,Récipients triangulaires et aseptiques,Toutes les sources des matières récupérées,10,1.36330854647583
2022,Terre-Neuve-et-Labrador,Récipients triangulaires et aseptiques,Sources des matières résidentielles récupérées,10,
2022,Terre-Neuve-et-Labrador,Récipients triangulaires et aseptiques,Sources des matières non résidentielles récupérées,10,
2022,Terre-Neuve-et-Labrador,Textiles,Toutes les sources des matières récupérées,10,
2022,Terre-Neuve-et-Labrador,Textiles,Sources des matières résidentielles récupérées,10,
2022,Terre-Neuve-et-Labrador,Textiles,Sources des matières non résidentielles récupérées,10,
2022,Terre-Neuve-et-Labrador,Pneus,Toutes les sources des matières récupérées,10,12.3017883068047
2022,Terre-Neuve-et-Labrador,Pneus,Sources des matières résidentielles récupérées,10,
2022,Terre-Neuve-et-Labrador,Pneus,Sources des matières non résidentielles récupérées,10,
2022,Terre-Neuve-et-Labrador,"Déchets provenant de la construction, de la rénovation et de la démolition",Toutes les sources des matières récupérées,10,
2022,Terre-Neuve-et-Labrador,"Déchets provenant de la construction, de la rénovation et de la démolition",Sources des matières résidentielles récupérées,10,0.0
2022,Terre-Neuve-et-Labrador,"Déchets provenant de la construction, de la rénovation et de la démolition",Sources des matières non résidentielles récupérées,10,
2022,Terre-Neuve-et-Labrador,Toutes les matières organiques,Toutes les sources des matières récupérées,10,
2022,Terre-Neuve-et-Labrador,Toutes les matières organiques,Sources des matières résidentielles récupérées,10,
2022,Terre-Neuve-et-Labrador,Toutes les matières organiques,Sources des matières non résidentielles récupérées,10,
2022,Terre-Neuve-et-Labrador,Déchets de nourriture et matières organiques séparées à la source,Toutes les sources des matières récupérées,10,
2022,Terre-Neuve-et-Labrador,Déchets de nourriture et matières organiques séparées à la source,Sources des matières résidentielles récupérées,10,
2022,Terre-Neuve-et-Labrador,Déchets de nourriture et matières organiques séparées à la source,Sources des matières non résidentielles récupérées,10,
2022,Terre-Neuve-et-Labrador,Feuilles et résidus de jardin,Toutes les sources des matières récupérées,10,
2022,Terre-Neuve-et-Labrador,Feuilles et résidus de jardin,Sources des matières résidentielles récupérées,10,
2022,Terre-Neuve-et-Labrador,Feuilles et résidus de jardin,Sources des matières non résidentielles récupérées,10,
2022,Terre-Neuve-et-Labrador,Autres matières organiques,Toutes les sources des matières récupérées,10,
2022,Terre-Neuve-et-Labrador,Autres matières organiques,Sources des matières résidentielles récupérées,10,0.0
2022,Terre-Neuve-et-Labrador,Autres matières organiques,Sources des matières non résidentielles récupérées,10,
2022,Terre-Neuve-et-Labrador,Autres matières,Toutes les sources des matières récupérées,10,0.0
2022,Terre-Neuve-et-Labrador,Autres matières,Sources des matières résidentielles récupérées,10,0.0
2022,Terre-Neuve-et-Labrador,Autres matières,Sources des matières non résidentielles récupérées,10,0.0
2022,Île-du-Prince-Édouard,Toutes les matières,Toutes les sources des matières récupérées,11,
2022,Île-du-Prince-Édouard,Toutes les matières,Sources des matières résidentielles récupérées,11,
2022,Île-du-Prince-Édouard,Toutes les matières,Sources des matières non résidentielles récupérées,11,
2022,Île-du-Prince-Édouard,Toutes les fibres cellulosiques,Toutes les sources des matières récupérées,11,
2022,Île-du-Prince-Édouard,Toutes les fibres cellulosiques,Sources des matières résidentielles récupérées,11,
2022,Île-du-Prince-Édouard,Toutes les fibres cellulosiques,Sources des matières non résidentielles récupérées,11,
2022,Île-du-Prince-Édouard,Verre,Toutes les sources des matières récupérées,11,
2022,Île-du-Prince-Édouard,Verre,Sources des matières résidentielles récupérées,11,
2022,Île-du-Prince-Édouard,Verre,Sources des matières non résidentielles récupérées,11,
2022,Île-du-Prince-Édouard,Métaux ferreux,Toutes les sources des matières récupérées,11,67.4496102233364
2022,Île-du-Prince-Édouard,Métaux ferreux,Sources des matières résidentielles récupérées,11,
2022,Île-du-Prince-Édouard,Métaux ferreux,Sources des matières non résidentielles récupérées,11,
2022,Île-du-Prince-Édouard,Cuivre et aluminium,Toutes les sources des matières récupérées,11,
2022,Île-du-Prince-Édouard,Cuivre et aluminium,Sources des matières résidentielles récupérées,11,
2022,Île-du-Prince-Édouard,Cuivre et aluminium,Sources des matières non résidentielles récupérées,11,
2022,Île-du-Prince-Édouard,Métaux mélangés,Toutes les sources des matières récupérées,11,
2022,Île-du-Prince-Édouard,Métaux mélangés,Sources des matières résidentielles récupérées,11,
2022,Île-du-Prince-Édouard,Métaux mélangés,Sources des matières non résidentielles récupérées,11,
2022,Île-du-Prince-Édouard,Électroménagers,Toutes les sources des matières récupérées,11,48.9090441348035
2022,Île-du-Prince-Édouard,Électroménagers,Sources des matières résidentielles récupérées,11,18.5884281500715
2022,Île-du-Prince-Édouard,Électroménagers,Sources des matières non résidentielles récupérées,11,30.3265987424243
2022,Île-du-Prince-Édouard,Matériel électronique,Toutes les sources des matières récupérées,11,2.69224096154882
2022,Île-du-Prince-Édouard,Matériel électronique,Sources des matières résidentielles récupérées,11,
2022,Île-du-Prince-Édouard,Matériel électronique,Sources des matières non résidentielles récupérées,11,
2022,Île-du-Prince-Édouard,Matières plastiques,Toutes les sources des matières récupérées,11,
2022,Île-du-Prince-Édouard,Matières plastiques,Sources des matières résidentielles récupérées,11,
2022,Île-du-Prince-Édouard,Matières plastiques,Sources des matières non résidentielles récupérées,11,
2022,Île-du-Prince-Édouard,Récipients triangulaires et aseptiques,Toutes les sources des matières récupérées,11,
2022,Île-du-Prince-Édouard,Récipients triangulaires et aseptiques,Sources des matières résidentielles récupérées,11,
2022,Île-du-Prince-Édouard,Récipients triangulaires et aseptiques,Sources des matières non résidentielles récupérées,11,
2022,Île-du-Prince-Édouard,Textiles,Toutes les sources des matières récupérées,11,
2022,Île-du-Prince-Édouard,Textiles,Sources des matières résidentielles récupérées,11,
2022,Île-du-Prince-Édouard,Textiles,Sources des matières non résidentielles récupérées,11,
2022,Île-du-Prince-Édouard,Pneus,Toutes les sources des matières récupérées,11,13.7005151154373
2022,Île-du-Prince-Édouard,Pneus,Sources des matières résidentielles récupérées,11,
2022,Île-du-Prince-Édouard,Pneus,Sources des matières non résidentielles récupérées,11,
2022,Île-du-Prince-Édouard,"Déchets provenant de la construction, de la rénovation et de la démolition",Toutes les sources des matières récupérées,11,0.0
2022,Île-du-Prince-Édouard,"Déchets provenant de la construction, de la rénovation et de la démolition",Sources des matières résidentielles récupérées,11,0.0
2022,Île-du-Prince-Édouard,"Déchets provenant de la construction, de la rénovation et de la démolition",Sources des matières non résidentielles récupérées,11,0.0
2022,Île-du-Prince-Édouard,Toutes les matières organiques,Toutes les sources des matières récupérées,11,
2022,Île-du-Prince-Édouard,Toutes les matières organiques,Sources des matières résidentielles récupérées,11,
2022,Île-du-Prince-Édouard,Toutes les matières organiques,Sources des matières non résidentielles récupérées,11,
2022,Île-du-Prince-Édouard,Déchets de nourriture et matières organiques séparées à la source,Toutes les sources des matières récupérées,11,
2022,Île-du-Prince-Édouard,Déchets de nourriture et matières organiques séparées à la source,Sources des matières résidentielles récupérées,11,
2022,Île-du-Prince-Édouard,Déchets de nourriture et matières organiques séparées à la source,Sources des matières non résidentielles récupérées,11,
2022,Île-du-Prince-Édouard,Feuilles et résidus de jardin,Toutes les sources des matières récupérées,11,
2022,Île-du-Prince-Édouard,Feuilles et résidus de jardin,Sources des matières résidentielles récupérées,11,
2022,Île-du-Prince-Édouard,Feuilles et résidus de jardin,Sources des matières non résidentielles récupérées,11,
2022,Île-du-Prince-Édouard,Autres matières organiques,Toutes les sources des matières récupérées,11,0.0
2022,Île-du-Prince-Édouard,Autres matières organiques,Sources des matières résidentielles récupérées,11,0.0
2022,Île-du-Prince-Édouard,Autres matières organiques,Sources des matières non résidentielles récupérées,11,0.0
2022,Île-du-Prince-Édouard,Autres matières,Toutes les sources des matières récupérées,11,0.0
2022,Île-du-Prince-Édouard,Autres matières,Sources des matières résidentielles récupérées,11,0.0
2022,Île-du-Prince-Édouard,Autres matières,Sources des matières non résidentielles récupérées,11,0.0
2022,Nouvelle-Écosse,Toutes les matières,Toutes les sources des matières récupérées,12,303.073495615568
2022,Nouvelle-Écosse,Toutes les matières,Sources des matières résidentielles récupérées,12,
2022,Nouvelle-Écosse,Toutes les matières,Sources des matières non résidentielles récupérées,12,
2022,Nouvelle-Écosse,Toutes les fibres cellulosiques,Toutes les sources des matières récupérées,12,73.1373241980424
2022,Nouvelle-Écosse,Toutes les fibres cellulosiques,Sources des matières résidentielles récupérées,12,42.839737344114
2022,Nouvelle-Écosse,Toutes les fibres cellulosiques,Sources des matières non résidentielles récupérées,12,30.2985631246913
2022,Nouvelle-Écosse,Verre,Toutes les sources des matières récupérées,12,3.71763906488881
2022,Nouvelle-Écosse,Verre,Sources des matières résidentielles récupérées,12,3.10161221353775
2022,Nouvelle-Écosse,Verre,Sources des matières non résidentielles récupérées,12,0.616026851351061
2022,Nouvelle-Écosse,Métaux ferreux,Toutes les sources des matières récupérées,12,4.4791302599028
2022,Nouvelle-Écosse,Métaux ferreux,Sources des matières résidentielles récupérées,12,4.31218795945743
2022,Nouvelle-Écosse,Métaux ferreux,Sources des matières non résidentielles récupérées,12,0.166942300445375
2022,Nouvelle-Écosse,Cuivre et aluminium,Toutes les sources des matières récupérées,12,1.26231809635011
2022,Nouvelle-Écosse,Cuivre et aluminium,Sources des matières résidentielles récupérées,12,1.208623204394
2022,Nouvelle-Écosse,Cuivre et aluminium,Sources des matières non résidentielles récupérées,12,0.0536948919561147
2022,Nouvelle-Écosse,Métaux mélangés,Toutes les sources des matières récupérées,12,
2022,Nouvelle-Écosse,Métaux mélangés,Sources des matières résidentielles récupérées,12,
2022,Nouvelle-Écosse,Métaux mélangés,Sources des matières non résidentielles récupérées,12,
2022,Nouvelle-Écosse,Électroménagers,Toutes les sources des matières récupérées,12,
2022,Nouvelle-Écosse,Électroménagers,Sources des matières résidentielles récupérées,12,
2022,Nouvelle-Écosse,Électroménagers,Sources des matières non résidentielles récupérées,12,
2022,Nouvelle-Écosse,Matériel électronique,Toutes les sources des matières récupérées,12,2.66229037026045
2022,Nouvelle-Écosse,Matériel électronique,Sources des matières résidentielles récupérées,12,
2022,Nouvelle-Écosse,Matériel électronique,Sources des matières non résidentielles récupérées,12,
2022,Nouvelle-Écosse,Matières plastiques,Toutes les sources des matières récupérées,12,14.4966445573881
2022,Nouvelle-Écosse,Matières plastiques,Sources des matières résidentielles récupérées,12,11.2183273357766
2022,Nouvelle-Écosse,Matières plastiques,Sources des matières non résidentielles récupérées,12,3.27734095084867
2022,Nouvelle-Écosse,Récipients triangulaires et aseptiques,Toutes les sources des matières récupérées,12,1.82367378498222
2022,Nouvelle-Écosse,Récipients triangulaires et aseptiques,Sources des matières résidentielles récupérées,12,1.78950430828288
2022,Nouvelle-Écosse,Récipients triangulaires et aseptiques,Sources des matières non résidentielles récupérées,12,0.0341694766993457
2022,Nouvelle-Écosse,Textiles,Toutes les sources des matières récupérées,12,
2022,Nouvelle-Écosse,Textiles,Sources des matières résidentielles récupérées,12,
2022,Nouvelle-Écosse,Textiles,Sources des matières non résidentielles récupérées,12,
2022,Nouvelle-Écosse,Pneus,Toutes les sources des matières récupérées,12,11.318883224349
2022,Nouvelle-Écosse,Pneus,Sources des matières résidentielles récupérées,12,
2022,Nouvelle-Écosse,Pneus,Sources des matières non résidentielles récupérées,12,
2022,Nouvelle-Écosse,"Déchets provenant de la construction, de la rénovation et de la démolition",Toutes les sources des matières récupérées,12,
2022,Nouvelle-Écosse,"Déchets provenant de la construction, de la rénovation et de la démolition",Sources des matières résidentielles récupérées,12,
2022,Nouvelle-Écosse,"Déchets provenant de la construction, de la rénovation et de la démolition",Sources des matières non résidentielles récupérées,12,
2022,Nouvelle-Écosse,Toutes les matières organiques,Toutes les sources des matières récupérées,12,145.902689235443
2022,Nouvelle-Écosse,Toutes les matières organiques,Sources des matières résidentielles récupérées,12,105.084808641168
2022,Nouvelle-Écosse,Toutes les matières organiques,Sources des matières non résidentielles récupérées,12,40.8178805942755
2022,Nouvelle-Écosse,Déchets de nourriture et matières organiques séparées à la source,Toutes les sources des matières récupérées,12,97.6173135762165
2022,Nouvelle-Écosse,Déchets de nourriture et matières organiques séparées à la source,Sources des matières résidentielles récupérées,12,75.7878993191488
2022,Nouvelle-Écosse,Déchets de nourriture et matières organiques séparées à la source,Sources des matières non résidentielles récupérées,12,21.8294142570677
2022,Nouvelle-Écosse,Feuilles et résidus de jardin,Toutes les sources des matières récupérées,12,18.6819173176766
2022,Nouvelle-Écosse,Feuilles et résidus de jardin,Sources des matières résidentielles récupérées,12,
2022,Nouvelle-Écosse,Feuilles et résidus de jardin,Sources des matières non résidentielles récupérées,12,
2022,Nouvelle-Écosse,Autres matières organiques,Toutes les sources des matières récupérées,12,29.6034583415503
2022,Nouvelle-Écosse,Autres matières organiques,Sources des matières résidentielles récupérées,12,
2022,Nouvelle-Écosse,Autres matières organiques,Sources des matières non résidentielles récupérées,12,
2022,Nouvelle-Écosse,Autres matières,Toutes les sources des matières récupérées,12,0.0
2022,Nouvelle-Écosse,Autres matières,Sources des matières résidentielles récupérées,12,0.0
2022,Nouvelle-Écosse,Autres matières,Sources des matières non résidentielles récupérées,12,0.0
2022,Nouveau-Brunswick,Toutes les matières,Toutes les sources des matières récupérées,13,215.514224196036
2022,Nouveau-Brunswick,Toutes les matières,Sources des matières résidentielles récupérées,13,
2022,Nouveau-Brunswick,Toutes les matières,Sources des matières non résidentielles récupérées,13,
2022,Nouveau-Brunswick,Toutes les fibres cellulosiques,Toutes les sources des matières récupérées,13,36.8445201320328
2022,Nouveau-Brunswick,Toutes les fibres cellulosiques,Sources des matières résidentielles récupérées,13,22.3723606736195
2022,Nouveau-Brunswick,Toutes les fibres cellulosiques,Sources des matières non résidentielles récupérées,13,14.4721594584133
2022,Nouveau-Brunswick,Verre,Toutes les sources des matières récupérées,13,
2022,Nouveau-Brunswick,Verre,Sources des matières résidentielles récupérées,13,
2022,Nouveau-Brunswick,Verre,Sources des matières non résidentielles récupérées,13,
2022,Nouveau-Brunswick,Métaux ferreux,Toutes les sources des matières récupérées,13,2.21868518786476
2022,Nouveau-Brunswick,Métaux ferreux,Sources des matières résidentielles récupérées,13,1.65226500055034
2022,Nouveau-Brunswick,Métaux ferreux,Sources des matières non résidentielles récupérées,13,0.566420187314414
2022,Nouveau-Brunswick,Cuivre et aluminium,Toutes les sources des matières récupérées,13,
2022,Nouveau-Brunswick,Cuivre et aluminium,Sources des matières résidentielles récupérées,13,
2022,Nouveau-Brunswick,Cuivre et aluminium,Sources des matières non résidentielles récupérées,13,
2022,Nouveau-Brunswick,Métaux mélangés,Toutes les sources des matières récupérées,13,
2022,Nouveau-Brunswick,Métaux mélangés,Sources des matières résidentielles récupérées,13,
2022,Nouveau-Brunswick,Métaux mélangés,Sources des matières non résidentielles récupérées,13,
2022,Nouveau-Brunswick,Électroménagers,Toutes les sources des matières récupérées,13,
2022,Nouveau-Brunswick,Électroménagers,Sources des matières résidentielles récupérées,13,
2022,Nouveau-Brunswick,Électroménagers,Sources des matières non résidentielles récupérées,13,
2022,Nouveau-Brunswick,Matériel électronique,Toutes les sources des matières récupérées,13,1.21570096971631
2022,Nouveau-Brunswick,Matériel électronique,Sources des matières résidentielles récupérées,13,
2022,Nouveau-Brunswick,Matériel électronique,Sources des matières non résidentielles récupérées,13,
2022,Nouveau-Brunswick,Matières plastiques,Toutes les sources des matières récupérées,13,7.18290054131466
2022,Nouveau-Brunswick,Matières plastiques,Sources des matières résidentielles récupérées,13,
2022,Nouveau-Brunswick,Matières plastiques,Sources des matières non résidentielles récupérées,13,
2022,Nouveau-Brunswick,Récipients triangulaires et aseptiques,Toutes les sources des matières récupérées,13,0.599811770409368
2022,Nouveau-Brunswick,Récipients triangulaires et aseptiques,Sources des matières résidentielles récupérées,13,
2022,Nouveau-Brunswick,Récipients triangulaires et aseptiques,Sources des matières non résidentielles récupérées,13,
2022,Nouveau-Brunswick,Textiles,Toutes les sources des matières récupérées,13,
2022,Nouveau-Brunswick,Textiles,Sources des matières résidentielles récupérées,13,
2022,Nouveau-Brunswick,Textiles,Sources des matières non résidentielles récupérées,13,
2022,Nouveau-Brunswick,Pneus,Toutes les sources des matières récupérées,13,18.6485807958822
2022,Nouveau-Brunswick,Pneus,Sources des matières résidentielles récupérées,13,
2022,Nouveau-Brunswick,Pneus,Sources des matières non résidentielles récupérées,13,
2022,Nouveau-Brunswick,"Déchets provenant de la construction, de la rénovation et de la démolition",Toutes les sources des matières récupérées,13,17.4798753875588
2022,Nouveau-Brunswick,"Déchets provenant de la construction, de la rénovation et de la démolition",Sources des matières résidentielles récupérées,13,
2022,Nouveau-Brunswick,"Déchets provenant de la construction, de la rénovation et de la démolition",Sources des matières non résidentielles récupérées,13,
2022,Nouveau-Brunswick,Toutes les matières organiques,Toutes les sources des matières récupérées,13,113.918477541687
2022,Nouveau-Brunswick,Toutes les matières organiques,Sources des matières résidentielles récupérées,13,44.9030221856151
2022,Nouveau-Brunswick,Toutes les matières organiques,Sources des matières non résidentielles récupérées,13,69.0154553560718
2022,Nouveau-Brunswick,Déchets de nourriture et matières organiques séparées à la source,Toutes les sources des matières récupérées,13,31.6935592583111
2022,Nouveau-Brunswick,Déchets de nourriture et matières organiques séparées à la source,Sources des matières résidentielles récupérées,13,
2022,Nouveau-Brunswick,Déchets de nourriture et matières organiques séparées à la source,Sources des matières non résidentielles récupérées,13,
2022,Nouveau-Brunswick,Feuilles et résidus de jardin,Toutes les sources des matières récupérées,13,13.3628168644809
2022,Nouveau-Brunswick,Feuilles et résidus de jardin,Sources des matières résidentielles récupérées,13,
2022,Nouveau-Brunswick,Feuilles et résidus de jardin,Sources des matières non résidentielles récupérées,13,
2022,Nouveau-Brunswick,Autres matières organiques,Toutes les sources des matières récupérées,13,68.8621014188949
2022,Nouveau-Brunswick,Autres matières organiques,Sources des matières résidentielles récupérées,13,
2022,Nouveau-Brunswick,Autres matières organiques,Sources des matières non résidentielles récupérées,13,
2022,Nouveau-Brunswick,Autres matières,Toutes les sources des matières récupérées,13,
2022,Nouveau-Brunswick,Autres matières,Sources des matières résidentielles récupérées,13,
2022,Nouveau-Brunswick,Autres matières,Sources des matières non résidentielles récupérées,13,
2022,Québec,Toutes les matières,Toutes les sources des matières récupérées,24,181.326122149861
2022,Québec,Toutes les matières,Sources des matières résidentielles récupérées,24,
2022,Québec,Toutes les matières,Sources des matières non résidentielles récupérées,24,
2022,Québec,Toutes les fibres cellulosiques,Toutes les sources des matières récupérées,24,78.0534696378995
2022,Québec,Toutes les fibres cellulosiques,Sources des matières résidentielles récupérées,24,26.5382258255065
2022,Québec,Toutes les fibres cellulosiques,Sources des matières non résidentielles récupérées,24,51.5152438123929
2022,Québec,Verre,Toutes les sources des matières récupérées,24,5.75011814046902
2022,Québec,Verre,Sources des matières résidentielles récupérées,24,3.04753954013822
2022,Québec,Verre,Sources des matières non résidentielles récupérées,24,2.70257860033079
2022,Québec,Métaux ferreux,Toutes les sources des matières récupérées,24,3.58805526020438
2022,Québec,Métaux ferreux,Sources des matières résidentielles récupérées,24,3.58805526020438
2022,Québec,Métaux ferreux,Sources des matières non résidentielles récupérées,24,
2022,Québec,Cuivre et aluminium,Toutes les sources des matières récupérées,24,0.833328718471262
2022,Québec,Cuivre et aluminium,Sources des matières résidentielles récupérées,24,0.833328718471262
2022,Québec,Cuivre et aluminium,Sources des matières non résidentielles récupérées,24,
2022,Québec,Métaux mélangés,Toutes les sources des matières récupérées,24,0.695228970996515
2022,Québec,Métaux mélangés,Sources des matières résidentielles récupérées,24,0.695228970996515
2022,Québec,Métaux mélangés,Sources des matières non résidentielles récupérées,24,
2022,Québec,Électroménagers,Toutes les sources des matières récupérées,24,0.843366043475693
2022,Québec,Électroménagers,Sources des matières résidentielles récupérées,24,0.826521796916534
2022,Québec,Électroménagers,Sources des matières non résidentielles récupérées,24,0.0168442465591588
2022,Québec,Matériel électronique,Toutes les sources des matières récupérées,24,1.98289086035797
2022,Québec,Matériel électronique,Sources des matières résidentielles récupérées,24,
2022,Québec,Matériel électronique,Sources des matières non résidentielles récupérées,24,
2022,Québec,Matières plastiques,Toutes les sources des matières récupérées,24,2.96043401854805
2022,Québec,Matières plastiques,Sources des matières résidentielles récupérées,24,1.21382409622541
2022,Québec,Matières plastiques,Sources des matières non résidentielles récupérées,24,1.74660992232264
2022,Québec,Récipients triangulaires et aseptiques,Toutes les sources des matières récupérées,24,0.0
2022,Québec,Récipients triangulaires et aseptiques,Sources des matières résidentielles récupérées,24,0.0
2022,Québec,Récipients triangulaires et aseptiques,Sources des matières non résidentielles récupérées,24,0.0
2022,Québec,Textiles,Toutes les sources des matières récupérées,24,0.823176021915057
2022,Québec,Textiles,Sources des matières résidentielles récupérées,24,0.617353173548349
2022,Québec,Textiles,Sources des matières non résidentielles récupérées,24,0.205822848366708
2022,Québec,Pneus,Toutes les sources des matières récupérées,24,11.2541487610018
2022,Québec,Pneus,Sources des matières résidentielles récupérées,24,
2022,Québec,Pneus,Sources des matières non résidentielles récupérées,24,
2022,Québec,"Déchets provenant de la construction, de la rénovation et de la démolition",Toutes les sources des matières récupérées,24,9.8988791423002
2022,Québec,"Déchets provenant de la construction, de la rénovation et de la démolition",Sources des matières résidentielles récupérées,24,0.0
2022,Québec,"Déchets provenant de la construction, de la rénovation et de la démolition",Sources des matières non résidentielles récupérées,24,9.8988791423002
2022,Québec,Toutes les matières organiques,Toutes les sources des matières récupérées,24,64.6430265742218
2022,Québec,Toutes les matières organiques,Sources des matières résidentielles récupérées,24,49.9143481599622
2022,Québec,Toutes les matières organiques,Sources des matières non résidentielles récupérées,24,14.7286784142596
2022,Québec,Déchets de nourriture et matières organiques séparées à la source,Toutes les sources des matières récupérées,24,31.8791210718294
2022,Québec,Déchets de nourriture et matières organiques séparées à la source,Sources des matières résidentielles récupérées,24,27.3682087689763
2022,Québec,Déchets de nourriture et matières organiques séparées à la source,Sources des matières non résidentielles récupérées,24,4.51091230285309
2022,Québec,Feuilles et résidus de jardin,Toutes les sources des matières récupérées,24,25.5917176147439
2022,Québec,Feuilles et résidus de jardin,Sources des matières résidentielles récupérées,24,21.7496141975309
2022,Québec,Feuilles et résidus de jardin,Sources des matières non résidentielles récupérées,24,3.84210341721307
2022,Québec,Autres matières organiques,Toutes les sources des matières récupérées,24,7.17218788764841
2022,Québec,Autres matières organiques,Sources des matières résidentielles récupérées,24,0.796409821903243
2022,Québec,Autres matières organiques,Sources des matières non résidentielles récupérées,24,6.3756626941934
2022,Québec,Autres matières,Toutes les sources des matières récupérées,24,0.0
2022,Québec,Autres matières,Sources des matières résidentielles récupérées,24,0.0
2022,Québec,Autres matières,Sources des matières non résidentielles récupérées,24,0.0
2022,Ontario,Toutes les matières,Toutes les sources des matières récupérées,35,223.310268850438
2022,Ontario,Toutes les matières,Sources des matières résidentielles récupérées,35,
2022,Ontario,Toutes les matières,Sources des matières non résidentielles récupérées,35,
2022,Ontario,Toutes les fibres cellulosiques,Toutes les sources des matières récupérées,35,91.9985045389065
2022,Ontario,Toutes les fibres cellulosiques,Sources des matières résidentielles récupérées,35,37.7716758718728
2022,Ontario,Toutes les fibres cellulosiques,Sources des matières non résidentielles récupérées,35,54.2268286670337
2022,Ontario,Verre,Toutes les sources des matières récupérées,35,8.37561147361247
2022,Ontario,Verre,Sources des matières résidentielles récupérées,35,5.16278513660533
2022,Ontario,Verre,Sources des matières non résidentielles récupérées,35,3.21282633700715
2022,Ontario,Métaux ferreux,Toutes les sources des matières récupérées,35,8.9142387638507
2022,Ontario,Métaux ferreux,Sources des matières résidentielles récupérées,35,4.31383515299575
2022,Ontario,Métaux ferreux,Sources des matières non résidentielles récupérées,35,4.60040361085495
2022,Ontario,Cuivre et aluminium,Toutes les sources des matières récupérées,35,1.61429825501386
2022,Ontario,Cuivre et aluminium,Sources des matières résidentielles récupérées,35,1.15122263050181
2022,Ontario,Cuivre et aluminium,Sources des matières non résidentielles récupérées,35,0.463075624512048
2022,Ontario,Métaux mélangés,Toutes les sources des matières récupérées,35,2.23936456892133
2022,Ontario,Métaux mélangés,Sources des matières résidentielles récupérées,35,1.09949118427533
2022,Ontario,Métaux mélangés,Sources des matières non résidentielles récupérées,35,1.139873384646
2022,Ontario,Électroménagers,Toutes les sources des matières récupérées,35,0.683528126862398
2022,Ontario,Électroménagers,Sources des matières résidentielles récupérées,35,0.469937959215561
2022,Ontario,Électroménagers,Sources des matières non résidentielles récupérées,35,0.213590167646837
2022,Ontario,Matériel électronique,Toutes les sources des matières récupérées,35,3.00656039197656
2022,Ontario,Matériel électronique,Sources des matières résidentielles récupérées,35,
2022,Ontario,Matériel électronique,Sources des matières non résidentielles récupérées,35,
2022,Ontario,Matières plastiques,Toutes les sources des matières récupérées,35,7.88990334137634
2022,Ontario,Matières plastiques,Sources des matières résidentielles récupérées,35,5.90913001959988
2022,Ontario,Matières plastiques,Sources des matières non résidentielles récupérées,35,1.98077332177646
2022,Ontario,Récipients triangulaires et aseptiques,Toutes les sources des matières récupérées,35,0.509990239648564
2022,Ontario,Récipients triangulaires et aseptiques,Sources des matières résidentielles récupérées,35,0.424474991804789
2022,Ontario,Récipients triangulaires et aseptiques,Sources des matières non résidentielles récupérées,35,0.0855152478437753
2022,Ontario,Textiles,Toutes les sources des matières récupérées,35,0.261560526583893
2022,Ontario,Textiles,Sources des matières résidentielles récupérées,35,0.259251087020211
2022,Ontario,Textiles,Sources des matières non résidentielles récupérées,35,0.0023094395636822
2022,Ontario,Pneus,Toutes les sources des matières récupérées,35,8.3303464581643
2022,Ontario,Pneus,Sources des matières résidentielles récupérées,35,
2022,Ontario,Pneus,Sources des matières non résidentielles récupérées,35,
2022,Ontario,"Déchets provenant de la construction, de la rénovation et de la démolition",Toutes les sources des matières récupérées,35,12.7653941962596
2022,Ontario,"Déchets provenant de la construction, de la rénovation et de la démolition",Sources des matières résidentielles récupérées,35,7.06853466455588
2022,Ontario,"Déchets provenant de la construction, de la rénovation et de la démolition",Sources des matières non résidentielles récupérées,35,5.69685953170372
2022,Ontario,Toutes les matières organiques,Toutes les sources des matières récupérées,35,75.7653878617968
2022,Ontario,Toutes les matières organiques,Sources des matières résidentielles récupérées,35,64.3232365515396
2022,Ontario,Toutes les matières organiques,Sources des matières non résidentielles récupérées,35,11.4421513102572
2022,Ontario,Déchets de nourriture et matières organiques séparées à la source,Toutes les sources des matières récupérées,35,39.4611298886877
2022,Ontario,Déchets de nourriture et matières organiques séparées à la source,Sources des matières résidentielles récupérées,35,32.5595347125922
2022,Ontario,Déchets de nourriture et matières organiques séparées à la source,Sources des matières non résidentielles récupérées,35,6.90159517609543
2022,Ontario,Feuilles et résidus de jardin,Toutes les sources des matières récupérées,35,34.8281961719786
2022,Ontario,Feuilles et résidus de jardin,Sources des matières résidentielles récupérées,35,30.9823194585723
2022,Ontario,Feuilles et résidus de jardin,Sources des matières non résidentielles récupérées,35,3.8458767134062
2022,Ontario,Autres matières organiques,Toutes les sources des matières récupérées,35,1.47599581714306
2022,Ontario,Autres matières organiques,Sources des matières résidentielles récupérées,35,0.78138238037499
2022,Ontario,Autres matières organiques,Sources des matières non résidentielles récupérées,35,0.694613436768073
2022,Ontario,Autres matières,Toutes les sources des matières récupérées,35,0.955514123476628
2022,Ontario,Autres matières,Sources des matières résidentielles récupérées,35,0.668219841754562
2022,Ontario,Autres matières,Sources des matières non résidentielles récupérées,35,0.287294281722066
2022,Manitoba,Toutes les matières,Toutes les sources des matières récupérées,46,156.226430046146
2022,Manitoba,Toutes les matières,Sources des matières résidentielles récupérées,46,
2022,Manitoba,Toutes les matières,Sources des matières non résidentielles récupérées,46,
2022,Manitoba,Toutes les fibres cellulosiques,Toutes les sources des matières récupérées,46,58.5992389690847
2022,Manitoba,Toutes les fibres cellulosiques,Sources des matières résidentielles récupérées,46,24.1398779916595
2022,Manitoba,Toutes les fibres cellulosiques,Sources des matières non résidentielles récupérées,46,34.4593609774252
2022,Manitoba,Verre,Toutes les sources des matières récupérées,46,
2022,Manitoba,Verre,Sources des matières résidentielles récupérées,46,
2022,Manitoba,Verre,Sources des matières non résidentielles récupérées,46,
2022,Manitoba,Métaux ferreux,Toutes les sources des matières récupérées,46,15.5743887201011
2022,Manitoba,Métaux ferreux,Sources des matières résidentielles récupérées,46,
2022,Manitoba,Métaux ferreux,Sources des matières non résidentielles récupérées,46,
2022,Manitoba,Cuivre et aluminium,Toutes les sources des matières récupérées,46,2.92709640809823
2022,Manitoba,Cuivre et aluminium,Sources des matières résidentielles récupérées,46,1.32734659453524
2022,Manitoba,Cuivre et aluminium,Sources des matières non résidentielles récupérées,46,1.59974981356299
2022,Manitoba,Métaux mélangés,Toutes les sources des matières récupérées,46,3.40256384494667
2022,Manitoba,Métaux mélangés,Sources des matières résidentielles récupérées,46,1.92875629888223
2022,Manitoba,Métaux mélangés,Sources des matières non résidentielles récupérées,46,1.47380754606445
2022,Manitoba,Électroménagers,Toutes les sources des matières récupérées,46,
2022,Manitoba,Électroménagers,Sources des matières résidentielles récupérées,46,
2022,Manitoba,Électroménagers,Sources des matières non résidentielles récupérées,46,
2022,Manitoba,Matériel électronique,Toutes les sources des matières récupérées,46,1.64715504908211
2022,Manitoba,Matériel électronique,Sources des matières résidentielles récupérées,46,
2022,Manitoba,Matériel électronique,Sources des matières non résidentielles récupérées,46,
2022,Manitoba,Matières plastiques,Toutes les sources des matières récupérées,46,5.27330179588013
2022,Manitoba,Matières plastiques,Sources des matières résidentielles récupérées,46,3.79949424981569
2022,Manitoba,Matières plastiques,Sources des matières non résidentielles récupérées,46,1.47380754606445
2022,Manitoba,Récipients triangulaires et aseptiques,Toutes les sources des matières récupérées,46,0.93961422043859
2022,Manitoba,Récipients triangulaires et aseptiques,Sources des matières résidentielles récupérées,46,0.696927716213864
2022,Manitoba,Récipients triangulaires et aseptiques,Sources des matières non résidentielles récupérées,46,0.242686504224726
2022,Manitoba,Textiles,Toutes les sources des matières récupérées,46,
2022,Manitoba,Textiles,Sources des matières résidentielles récupérées,46,
2022,Manitoba,Textiles,Sources des matières non résidentielles récupérées,46,
2022,Manitoba,Pneus,Toutes les sources des matières récupérées,46,10.9725431706037
2022,Manitoba,Pneus,Sources des matières résidentielles récupérées,46,
2022,Manitoba,Pneus,Sources des matières non résidentielles récupérées,46,
2022,Manitoba,"Déchets provenant de la construction, de la rénovation et de la démolition",Toutes les sources des matières récupérées,46,1.42852493303126
2022,Manitoba,"Déchets provenant de la construction, de la rénovation et de la démolition",Sources des matières résidentielles récupérées,46,
2022,Manitoba,"Déchets provenant de la construction, de la rénovation et de la démolition",Sources des matières non résidentielles récupérées,46,
2022,Manitoba,Toutes les matières organiques,Toutes les sources des matières récupérées,46,41.6444380923001
2022,Manitoba,Toutes les matières organiques,Sources des matières résidentielles récupérées,46,23.6389390849799
2022,Manitoba,Toutes les matières organiques,Sources des matières non résidentielles récupérées,46,18.0054990073202
2022,Manitoba,Déchets de nourriture et matières organiques séparées à la source,Toutes les sources des matières récupérées,46,2.06248151549585
2022,Manitoba,Déchets de nourriture et matières organiques séparées à la source,Sources des matières résidentielles récupérées,46,
2022,Manitoba,Déchets de nourriture et matières organiques séparées à la source,Sources des matières non résidentielles récupérées,46,
2022,Manitoba,Feuilles et résidus de jardin,Toutes les sources des matières récupérées,46,29.2985581732994
2022,Manitoba,Feuilles et résidus de jardin,Sources des matières résidentielles récupérées,46,
2022,Manitoba,Feuilles et résidus de jardin,Sources des matières non résidentielles récupérées,46,
2022,Manitoba,Autres matières organiques,Toutes les sources des matières récupérées,46,10.2841059443335
2022,Manitoba,Autres matières organiques,Sources des matières résidentielles récupérées,46,1.17027253057638
2022,Manitoba,Autres matières organiques,Sources des matières non résidentielles récupérées,46,9.11383341375714
2022,Manitoba,Autres matières,Toutes les sources des matières récupérées,46,5.1183503544072
2022,Manitoba,Autres matières,Sources des matières résidentielles récupérées,46,2.91577575483993
2022,Manitoba,Autres matières,Sources des matières non résidentielles récupérées,46,2.20257459956727
2022,Saskatchewan,Toutes les matières,Toutes les sources des matières récupérées,47,159.231599959619
2022,Saskatchewan,Toutes les matières,Sources des matières résidentielles récupérées,47,
2022,Saskatchewan,Toutes les matières,Sources des matières non résidentielles récupérées,47,
2022,Saskatchewan,Toutes les fibres cellulosiques,Toutes les sources des matières récupérées,47,39.1054675205576
2022,Saskatchewan,Toutes les fibres cellulosiques,Sources des matières résidentielles récupérées,47,32.3763680678272
2022,Saskatchewan,Toutes les fibres cellulosiques,Sources des matières non résidentielles récupérées,47,6.72909945273045
2022,Saskatchewan,Verre,Toutes les sources des matières récupérées,47,
2022,Saskatchewan,Verre,Sources des matières résidentielles récupérées,47,
2022,Saskatchewan,Verre,Sources des matières non résidentielles récupérées,47,
2022,Saskatchewan,Métaux ferreux,Toutes les sources des matières récupérées,47,32.7123140314279
2022,Saskatchewan,Métaux ferreux,Sources des matières résidentielles récupérées,47,6.97003039632292
2022,Saskatchewan,Métaux ferreux,Sources des matières non résidentielles récupérées,47,25.7414352867121
2022,Saskatchewan,Cuivre et aluminium,Toutes les sources des matières récupérées,47,6.21160693304241
2022,Saskatchewan,Cuivre et aluminium,Sources des matières résidentielles récupérées,47,
2022,Saskatchewan,Cuivre et aluminium,Sources des matières non résidentielles récupérées,47,
2022,Saskatchewan,Métaux mélangés,Toutes les sources des matières récupérées,47,1.18344600813905
2022,Saskatchewan,Métaux mélangés,Sources des matières résidentielles récupérées,47,0.844954999359497
2022,Saskatchewan,Métaux mélangés,Sources des matières non résidentielles récupérées,47,0.338491008779558
2022,Saskatchewan,Électroménagers,Toutes les sources des matières récupérées,47,1.28439946689787
2022,Saskatchewan,Électroménagers,Sources des matières résidentielles récupérées,47,
2022,Saskatchewan,Électroménagers,Sources des matières non résidentielles récupérées,47,
2022,Saskatchewan,Matériel électronique,Toutes les sources des matières récupérées,47,1.50157665548826
2022,Saskatchewan,Matériel électronique,Sources des matières résidentielles récupérées,47,
2022,Saskatchewan,Matériel électronique,Sources des matières non résidentielles récupérées,47,
2022,Saskatchewan,Matières plastiques,Toutes les sources des matières récupérées,47,5.7738591622899
2022,Saskatchewan,Matières plastiques,Sources des matières résidentielles récupérées,47,5.4370648502962
2022,Saskatchewan,Matières plastiques,Sources des matières non résidentielles récupérées,47,0.336794311993695
2022,Saskatchewan,Récipients triangulaires et aseptiques,Toutes les sources des matières récupérées,47,
2022,Saskatchewan,Récipients triangulaires et aseptiques,Sources des matières résidentielles récupérées,47,
2022,Saskatchewan,Récipients triangulaires et aseptiques,Sources des matières non résidentielles récupérées,47,
2022,Saskatchewan,Textiles,Toutes les sources des matières récupérées,47,
2022,Saskatchewan,Textiles,Sources des matières résidentielles récupérées,47,
2022,Saskatchewan,Textiles,Sources des matières non résidentielles récupérées,47,
2022,Saskatchewan,Pneus,Toutes les sources des matières récupérées,47,22.9834546612927
2022,Saskatchewan,Pneus,Sources des matières résidentielles récupérées,47,
2022,Saskatchewan,Pneus,Sources des matières non résidentielles récupérées,47,
2022,Saskatchewan,"Déchets provenant de la construction, de la rénovation et de la démolition",Toutes les sources des matières récupérées,47,
2022,Saskatchewan,"Déchets provenant de la construction, de la rénovation et de la démolition",Sources des matières résidentielles récupérées,47,
2022,Saskatchewan,"Déchets provenant de la construction, de la rénovation et de la démolition",Sources des matières non résidentielles récupérées,47,
2022,Saskatchewan,Toutes les matières organiques,Toutes les sources des matières récupérées,47,35.4015784370199
2022,Saskatchewan,Toutes les matières organiques,Sources des matières résidentielles récupérées,47,27.4720660082918
2022,Saskatchewan,Toutes les matières organiques,Sources des matières non résidentielles récupérées,47,7.92951242872813
2022,Saskatchewan,Déchets de nourriture et matières organiques séparées à la source,Toutes les sources des matières récupérées,47,6.60863398093422
2022,Saskatchewan,Déchets de nourriture et matières organiques séparées à la source,Sources des matières résidentielles récupérées,47,
2022,Saskatchewan,Déchets de nourriture et matières organiques séparées à la source,Sources des matières non résidentielles récupérées,47,
2022,Saskatchewan,Feuilles et résidus de jardin,Toutes les sources des matières récupérées,47,15.6053686879698
2022,Saskatchewan,Feuilles et résidus de jardin,Sources des matières résidentielles récupérées,47,
2022,Saskatchewan,Feuilles et résidus de jardin,Sources des matières non résidentielles récupérées,47,
2022,Saskatchewan,Autres matières organiques,Toutes les sources des matières récupérées,47,13.1875757681158
2022,Saskatchewan,Autres matières organiques,Sources des matières résidentielles récupérées,47,
2022,Saskatchewan,Autres matières organiques,Sources des matières non résidentielles récupérées,47,
2022,Saskatchewan,Autres matières,Toutes les sources des matières récupérées,47,0.538701229511326
2022,Saskatchewan,Autres matières,Sources des matières résidentielles récupérées,47,0.493738764685971
2022,Saskatchewan,Autres matières,Sources des matières non résidentielles récupérées,47,0.0449624648253548
2022,Alberta,Toutes les matières,Toutes les sources des matières récupérées,48,215.177988071134
2022,Alberta,Toutes les matières,Sources des matières résidentielles récupérées,48,
2022,Alberta,Toutes les matières,Sources des matières non résidentielles récupérées,48,
2022,Alberta,Toutes les fibres cellulosiques,Toutes les sources des matières récupérées,48,60.713104361075
2022,Alberta,Toutes les fibres cellulosiques,Sources des matières résidentielles récupérées,48,11.7782102003528
2022,Alberta,Toutes les fibres cellulosiques,Sources des matières non résidentielles récupérées,48,48.9346726075414
2022,Alberta,Verre,Toutes les sources des matières récupérées,48,13.3346212958247
2022,Alberta,Verre,Sources des matières résidentielles récupérées,48,10.4158796913055
2022,Alberta,Verre,Sources des matières non résidentielles récupérées,48,2.91874160451915
2022,Alberta,Métaux ferreux,Toutes les sources des matières récupérées,48,12.6591056474127
2022,Alberta,Métaux ferreux,Sources des matières résidentielles récupérées,48,1.37783923170674
2022,Alberta,Métaux ferreux,Sources des matières non résidentielles récupérées,48,11.2810448625251
2022,Alberta,Cuivre et aluminium,Toutes les sources des matières récupérées,48,4.68053249863911
2022,Alberta,Cuivre et aluminium,Sources des matières résidentielles récupérées,48,3.24287390810284
2022,Alberta,Cuivre et aluminium,Sources des matières non résidentielles récupérées,48,1.43765859053627
2022,Alberta,Métaux mélangés,Toutes les sources des matières récupérées,48,4.40048927804459
2022,Alberta,Métaux mélangés,Sources des matières résidentielles récupérées,48,1.66076264365231
2022,Alberta,Métaux mélangés,Sources des matières non résidentielles récupérées,48,2.73994818757313
2022,Alberta,Électroménagers,Toutes les sources des matières récupérées,48,3.24730497171984
2022,Alberta,Électroménagers,Sources des matières résidentielles récupérées,48,2.37859494960662
2022,Alberta,Électroménagers,Sources des matières non résidentielles récupérées,48,0.868710022113223
2022,Alberta,Matériel électronique,Toutes les sources des matières récupérées,48,1.88165116495986
2022,Alberta,Matériel électronique,Sources des matières résidentielles récupérées,48,
2022,Alberta,Matériel électronique,Sources des matières non résidentielles récupérées,48,
2022,Alberta,Matières plastiques,Toutes les sources des matières récupérées,48,8.92881474143968
2022,Alberta,Matières plastiques,Sources des matières résidentielles récupérées,48,6.07742530389896
2022,Alberta,Matières plastiques,Sources des matières non résidentielles récupérées,48,2.85138943754072
2022,Alberta,Récipients triangulaires et aseptiques,Toutes les sources des matières récupérées,48,1.1733456457821
2022,Alberta,Récipients triangulaires et aseptiques,Sources des matières résidentielles récupérées,48,1.01825841918704
2022,Alberta,Récipients triangulaires et aseptiques,Sources des matières non résidentielles récupérées,48,0.155087226595067
2022,Alberta,Textiles,Toutes les sources des matières récupérées,48,
2022,Alberta,Textiles,Sources des matières résidentielles récupérées,48,
2022,Alberta,Textiles,Sources des matières non résidentielles récupérées,48,
2022,Alberta,Pneus,Toutes les sources des matières récupérées,48,14.5750975554044
2022,Alberta,Pneus,Sources des matières résidentielles récupérées,48,
2022,Alberta,Pneus,Sources des matières non résidentielles récupérées,48,
2022,Alberta,"Déchets provenant de la construction, de la rénovation et de la démolition",Toutes les sources des matières récupérées,48,16.3218228332265
2022,Alberta,"Déchets provenant de la construction, de la rénovation et de la démolition",Sources des matières résidentielles récupérées,48,1.70108532256703
2022,Alberta,"Déchets provenant de la construction, de la rénovation et de la démolition",Sources des matières non résidentielles récupérées,48,14.6207375106595
2022,Alberta,Toutes les matières organiques,Toutes les sources des matières récupérées,48,72.5134698795127
2022,Alberta,Toutes les matières organiques,Sources des matières résidentielles récupérées,48,56.0443141810209
2022,Alberta,Toutes les matières organiques,Sources des matières non résidentielles récupérées,48,16.4691556984918
2022,Alberta,Déchets de nourriture et matières organiques séparées à la source,Toutes les sources des matières récupérées,48,48.3300539770014
2022,Alberta,Déchets de nourriture et matières organiques séparées à la source,Sources des matières résidentielles récupérées,48,39.681725562518
2022,Alberta,Déchets de nourriture et matières organiques séparées à la source,Sources des matières non résidentielles récupérées,48,8.64832841448346
2022,Alberta,Feuilles et résidus de jardin,Toutes les sources des matières récupérées,48,13.1011042432087
2022,Alberta,Feuilles et résidus de jardin,Sources des matières résidentielles récupérées,48,9.09232098890705
2022,Alberta,Feuilles et résidus de jardin,Sources des matières non résidentielles récupérées,48,4.00878325430162
2022,Alberta,Autres matières organiques,Toutes les sources des matières récupérées,48,11.0823116593026
2022,Alberta,Autres matières organiques,Sources des matières résidentielles récupérées,48,7.27026762959587
2022,Alberta,Autres matières organiques,Sources des matières non résidentielles récupérées,48,3.81204402970674
2022,Alberta,Autres matières,Toutes les sources des matières récupérées,48,
2022,Alberta,Autres matières,Sources des matières résidentielles récupérées,48,
2022,Alberta,Autres matières,Sources des matières non résidentielles récupérées,48,
2022,Colombie-Britannique,Toutes les matières,Toutes les sources des matières récupérées,59,312.379430525661
2022,Colombie-Britannique,Toutes les matières,Sources des matières résidentielles récupérées,59,
2022,Colombie-Britannique,Toutes les matières,Sources des matières non résidentielles récupérées,59,
2022,Colombie-Britannique,Toutes les fibres cellulosiques,Toutes les sources des matières récupérées,59,99.8054834259558
2022,Colombie-Britannique,Toutes les fibres cellulosiques,Sources des matières résidentielles récupérées,59,25.0978649845899
2022,Colombie-Britannique,Toutes les fibres cellulosiques,Sources des matières non résidentielles récupérées,59,74.707618441366
2022,Colombie-Britannique,Verre,Toutes les sources des matières récupérées,59,20.7414030954643
2022,Colombie-Britannique,Verre,Sources des matières résidentielles récupérées,59,13.7470201815612
2022,Colombie-Britannique,Verre,Sources des matières non résidentielles récupérées,59,6.99438291390308
2022,Colombie-Britannique,Métaux ferreux,Toutes les sources des matières récupérées,59,15.1668791663789
2022,Colombie-Britannique,Métaux ferreux,Sources des matières résidentielles récupérées,59,3.30790181579915
2022,Colombie-Britannique,Métaux ferreux,Sources des matières non résidentielles récupérées,59,11.8589773505797
2022,Colombie-Britannique,Cuivre et aluminium,Toutes les sources des matières récupérées,59,3.27822030402082
2022,Colombie-Britannique,Cuivre et aluminium,Sources des matières résidentielles récupérées,59,1.14451162712554
2022,Colombie-Britannique,Cuivre et aluminium,Sources des matières non résidentielles récupérées,59,2.13370867689528
2022,Colombie-Britannique,Métaux mélangés,Toutes les sources des matières récupérées,59,11.1270200695555
2022,Colombie-Britannique,Métaux mélangés,Sources des matières résidentielles récupérées,59,4.57580639440569
2022,Colombie-Britannique,Métaux mélangés,Sources des matières non résidentielles récupérées,59,6.55121367514985
2022,Colombie-Britannique,Électroménagers,Toutes les sources des matières récupérées,59,4.68407857573546
2022,Colombie-Britannique,Électroménagers,Sources des matières résidentielles récupérées,59,2.64501471941638
2022,Colombie-Britannique,Électroménagers,Sources des matières non résidentielles récupérées,59,2.03906385631908
2022,Colombie-Britannique,Matériel électronique,Toutes les sources des matières récupérées,59,2.56082376462374
2022,Colombie-Britannique,Matériel électronique,Sources des matières résidentielles récupérées,59,
2022,Colombie-Britannique,Matériel électronique,Sources des matières non résidentielles récupérées,59,
2022,Colombie-Britannique,Matières plastiques,Toutes les sources des matières récupérées,59,11.8787650250986
2022,Colombie-Britannique,Matières plastiques,Sources des matières résidentielles récupérées,59,7.80698430240047
2022,Colombie-Britannique,Matières plastiques,Sources des matières non résidentielles récupérées,59,4.07159404652344
2022,Colombie-Britannique,Récipients triangulaires et aseptiques,Toutes les sources des matières récupérées,59,0.356551493689412
2022,Colombie-Britannique,Récipients triangulaires et aseptiques,Sources des matières résidentielles récupérées,59,0.31398932585633
2022,Colombie-Britannique,Récipients triangulaires et aseptiques,Sources des matières non résidentielles récupérées,59,0.0425621678330816
2022,Colombie-Britannique,Textiles,Toutes les sources des matières récupérées,59,0.105658714883878
2022,Colombie-Britannique,Textiles,Sources des matières résidentielles récupérées,59,0.105658714883878
2022,Colombie-Britannique,Textiles,Sources des matières non résidentielles récupérées,59,0.0
2022,Colombie-Britannique,Pneus,Toutes les sources des matières récupérées,59,9.61363632120996
2022,Colombie-Britannique,Pneus,Sources des matières résidentielles récupérées,59,
2022,Colombie-Britannique,Pneus,Sources des matières non résidentielles récupérées,59,
2022,Colombie-Britannique,"Déchets provenant de la construction, de la rénovation et de la démolition",Toutes les sources des matières récupérées,59,32.0806739756612
2022,Colombie-Britannique,"Déchets provenant de la construction, de la rénovation et de la démolition",Sources des matières résidentielles récupérées,59,3.09322421488668
2022,Colombie-Britannique,"Déchets provenant de la construction, de la rénovation et de la démolition",Sources des matières non résidentielles récupérées,59,28.9874497607745
2022,Colombie-Britannique,Toutes les matières organiques,Toutes les sources des matières récupérées,59,98.3464224444498
2022,Colombie-Britannique,Toutes les matières organiques,Sources des matières résidentielles récupérées,59,64.9776828633138
2022,Colombie-Britannique,Toutes les matières organiques,Sources des matières non résidentielles récupérées,59,33.368739581136
2022,Colombie-Britannique,Déchets de nourriture et matières organiques séparées à la source,Toutes les sources des matières récupérées,59,55.9763443951412
2022,Colombie-Britannique,Déchets de nourriture et matières organiques séparées à la source,Sources des matières résidentielles récupérées,59,39.3862460728
2022,Colombie-Britannique,Déchets de nourriture et matières organiques séparées à la source,Sources des matières non résidentielles récupérées,59,16.5900983223412
2022,Colombie-Britannique,Feuilles et résidus de jardin,Toutes les sources des matières récupérées,59,27.0292166881033
2022,Colombie-Britannique,Feuilles et résidus de jardin,Sources des matières résidentielles récupérées,59,19.3125836542608
2022,Colombie-Britannique,Feuilles et résidus de jardin,Sources des matières non résidentielles récupérées,59,7.71663303384252
2022,Colombie-Britannique,Autres matières organiques,Toutes les sources des matières récupérées,59,15.3408613612053
2022,Colombie-Britannique,Autres matières organiques,Sources des matières résidentielles récupérées,59,6.27885313625307
2022,Colombie-Britannique,Autres matières organiques,Sources des matières non résidentielles récupérées,59,9.06200822495226
2022,Colombie-Britannique,Autres matières,Toutes les sources des matières récupérées,59,2.63381414893399
2022,Colombie-Britannique,Autres matières,Sources des matières résidentielles récupérées,59,2.13594879099175
2022,Colombie-Britannique,Autres matières,Sources des matières non résidentielles récupérées,59,0.497678681767525
2022,Territoires,Toutes les matières,Toutes les sources des matières récupérées,,230.61314580897
2022,Territoires,Toutes les matières,Sources des matières résidentielles récupérées,,
2022,Territoires,Toutes les matières,Sources des matières non résidentielles récupérées,,
2022,Territoires,Toutes les fibres cellulosiques,Toutes les sources des matières récupérées,,
2022,Territoires,Toutes les fibres cellulosiques,Sources des matières résidentielles récupérées,,
2022,Territoires,Toutes les fibres cellulosiques,Sources des matières non résidentielles récupérées,,
2022,Territoires,Verre,Toutes les sources des matières récupérées,,7.52782273991063
2022,Territoires,Verre,Sources des matières résidentielles récupérées,,
2022,Territoires,Verre,Sources des matières non résidentielles récupérées,,
2022,Territoires,Métaux ferreux,Toutes les sources des matières récupérées,,52.2300787633305
2022,Territoires,Métaux ferreux,Sources des matières résidentielles récupérées,,17.4874729904508
2022,Territoires,Métaux ferreux,Sources des matières non résidentielles récupérées,,34.7503504464804
2022,Territoires,Cuivre et aluminium,Toutes les sources des matières récupérées,,4.79395295885255
2022,Territoires,Cuivre et aluminium,Sources des matières résidentielles récupérées,,4.19761309159625
2022,Territoires,Cuivre et aluminium,Sources des matières non résidentielles récupérées,,0.596339867256295
2022,Territoires,Métaux mélangés,Toutes les sources des matières récupérées,,
2022,Territoires,Métaux mélangés,Sources des matières résidentielles récupérées,,
2022,Territoires,Métaux mélangés,Sources des matières non résidentielles récupérées,,
2022,Territoires,Électroménagers,Toutes les sources des matières récupérées,,
2022,Territoires,Électroménagers,Sources des matières résidentielles récupérées,,
2022,Territoires,Électroménagers,Sources des matières non résidentielles récupérées,,
2022,Territoires,Matériel électronique,Toutes les sources des matières récupérées,,2.00587046258935
2022,Territoires,Matériel électronique,Sources des matières résidentielles récupérées,,
2022,Territoires,Matériel électronique,Sources des matières non résidentielles récupérées,,
2022,Territoires,Matières plastiques,Toutes les sources des matières récupérées,,8.28680075278227
2022,Territoires,Matières plastiques,Sources des matières résidentielles récupérées,,7.67497153832452
2022,Territoires,Matières plastiques,Sources des matières non résidentielles récupérées,,
2022,Territoires,Récipients triangulaires et aseptiques,Toutes les sources des matières récupérées,,1.54893472014622
2022,Territoires,Récipients triangulaires et aseptiques,Sources des matières résidentielles récupérées,,1.54893472014622
2022,Territoires,Récipients triangulaires et aseptiques,Sources des matières non résidentielles récupérées,,0.0
2022,Territoires,Textiles,Toutes les sources des matières récupérées,,
2022,Territoires,Textiles,Sources des matières résidentielles récupérées,,
2022,Territoires,Textiles,Sources des matières non résidentielles récupérées,,
2022,Territoires,Pneus,Toutes les sources des matières récupérées,,3.17531617629975
2022,Territoires,Pneus,Sources des matières résidentielles récupérées,,
2022,Territoires,Pneus,Sources des matières non résidentielles récupérées,,
2022,Territoires,"Déchets provenant de la construction, de la rénovation et de la démolition",Toutes les sources des matières récupérées,,
2022,Territoires,"Déchets provenant de la construction, de la rénovation et de la démolition",Sources des matières résidentielles récupérées,,
2022,Territoires,"Déchets provenant de la construction, de la rénovation et de la démolition",Sources des matières non résidentielles récupérées,,
2022,Territoires,Toutes les matières organiques,Toutes les sources des matières récupérées,,
2022,Territoires,Toutes les matières organiques,Sources des matières résidentielles récupérées,,
2022,Territoires,Toutes les matières organiques,Sources des matières non résidentielles récupérées,,
2022,Territoires,Déchets de nourriture et matières organiques séparées à la source,Toutes les sources des matières récupérées,,
2022,Territoires,Déchets de nourriture et matières organiques séparées à la source,Sources des matières résidentielles récupérées,,
2022,Territoires,Déchets de nourriture et matières organiques séparées à la source,Sources des matières non résidentielles récupérées,,
2022,Territoires,Feuilles et résidus de jardin,Toutes les sources des matières récupérées,,
2022,Territoires,Feuilles et résidus de jardin,Sources des matières résidentielles récupérées,,
2022,Territoires,Feuilles et résidus de jardin,Sources des matières non résidentielles récupérées,,
2022,Territoires,Autres matières organiques,Toutes les sources des matières récupérées,,
2022,Territoires,Autres matières organiques,Sources des matières résidentielles récupérées,,
2022,Territoires,Autres matières organiques,Sources des matières non résidentielles récupérées,,
2022,Territoires,Autres matières,Toutes les sources des matières récupérées,,
2022,Territoires,Autres matières,Sources des matières résidentielles récupérées,,
2022,Territoires,Autres matières,Sources des matières non résidentielles récupérées,,
2023,Canada,Toutes les matières,Sources des matières résidentielles récupérées,,
2023,Canada,Toutes les matières,Sources des matières non résidentielles récupérées,,
2023,Canada,Toutes les fibres cellulosiques,Toutes les sources des matières récupérées,,73.9851310396219
2023,Canada,Toutes les fibres cellulosiques,Sources des matières résidentielles récupérées,,28.6042392338109
2023,Canada,Toutes les fibres cellulosiques,Sources des matières non résidentielles récupérées,,45.3819162243511
2023,Canada,Verre,Toutes les sources des matières récupérées,,9.40815992842463
2023,Canada,Verre,Sources des matières résidentielles récupérées,,6.39154715783321
2023,Canada,Verre,Sources des matières non résidentielles récupérées,,3.01671271386361
2023,Canada,Métaux ferreux,Toutes les sources des matières récupérées,,10.2688464027818
2023,Canada,Métaux ferreux,Sources des matières résidentielles récupérées,,3.17964523336554
2023,Canada,Métaux ferreux,Sources des matières non résidentielles récupérées,,7.08942604177869
2023,Canada,Cuivre et aluminium,Toutes les sources des matières récupérées,,2.37884976487346
2023,Canada,Cuivre et aluminium,Sources des matières résidentielles récupérées,,1.24939084575595
2023,Canada,Cuivre et aluminium,Sources des matières non résidentielles récupérées,,1.12960883402581
2023,Canada,Métaux mélangés,Toutes les sources des matières récupérées,,2.99594949906433
2023,Canada,Métaux mélangés,Sources des matières résidentielles récupérées,,1.30373500001399
2023,Canada,Métaux mélangés,Sources des matières non résidentielles récupérées,,1.69248934304889
2023,Canada,Électroménagers,Toutes les sources des matières récupérées,,2.01453155189115
2023,Canada,Électroménagers,Sources des matières résidentielles récupérées,,1.40735118746599
2023,Canada,Électroménagers,Sources des matières non résidentielles récupérées,,0.606355832429513
2023,Canada,Matériel électronique,Toutes les sources des matières récupérées,,2.26983664072273
2023,Canada,Matériel électronique,Sources des matières résidentielles récupérées,,
2023,Canada,Matériel électronique,Sources des matières non résidentielles récupérées,,
2023,Canada,Matières plastiques,Toutes les sources des matières récupérées,,7.36147162870355
2023,Canada,Matières plastiques,Sources des matières résidentielles récupérées,,5.34224274301906
2023,Canada,Matières plastiques,Sources des matières non résidentielles récupérées,,2.01972860204548
2023,Canada,Récipients triangulaires et aseptiques,Toutes les sources des matières récupérées,,0.540043471325676
2023,Canada,Récipients triangulaires et aseptiques,Sources des matières résidentielles récupérées,,0.416963331612976
2023,Canada,Récipients triangulaires et aseptiques,Sources des matières non résidentielles récupérées,,0.123130111348798
2023,Canada,Textiles,Toutes les sources des matières récupérées,,0.265699189140244
2023,Canada,Textiles,Sources des matières résidentielles récupérées,,0.222098936643561
2023,Canada,Textiles,Sources des matières non résidentielles récupérées,,0.0436002524966829
2023,Canada,Pneus,Toutes les sources des matières récupérées,,9.90440326070922
2023,Canada,Pneus,Sources des matières résidentielles récupérées,,
2023,Canada,Pneus,Sources des matières non résidentielles récupérées,,
2023,Canada,"Déchets provenant de la construction, de la rénovation et de la démolition",Toutes les sources des matières récupérées,,15.099129733963
2023,Canada,"Déchets provenant de la construction, de la rénovation et de la démolition",Sources des matières résidentielles récupérées,,1.42913882080531
2023,Canada,"Déchets provenant de la construction, de la rénovation et de la démolition",Sources des matières non résidentielles récupérées,,13.6699159557035
2023,Canada,Toutes les matières organiques,Toutes les sources des matières récupérées,,76.3259523894238
2023,Canada,Toutes les matières organiques,Sources des matières résidentielles récupérées,,63.7338746527471
2023,Canada,Toutes les matières organiques,Sources des matières non résidentielles récupérées,,12.5921526941308
2023,Canada,Déchets de nourriture et matières organiques séparées à la source,Toutes les sources des matières récupérées,,42.8606722824125
2023,Canada,Déchets de nourriture et matières organiques séparées à la source,Sources des matières résidentielles récupérées,,38.4973988763978
2023,Canada,Déchets de nourriture et matières organiques séparées à la source,Sources des matières non résidentielles récupérées,,4.3632983918328
2023,Canada,Feuilles et résidus de jardin,Toutes les sources des matières récupérées,,25.2668085594616
2023,Canada,Feuilles et résidus de jardin,Sources des matières résidentielles récupérées,,21.9405215599626
2023,Canada,Feuilles et résidus de jardin,Sources des matières non résidentielles récupérées,,3.32628699949908
2023,Canada,Autres matières organiques,Toutes les sources des matières récupérées,,8.19847154754961
2023,Canada,Autres matières organiques,Sources des matières résidentielles récupérées,,3.29595421638678
2023,Canada,Autres matières organiques,Sources des matières non résidentielles récupérées,,4.90256730279893
2023,Canada,Autres matières,Toutes les sources des matières récupérées,,0.874853433191321
2023,Canada,Autres matières,Sources des matières résidentielles récupérées,,0.40594458585307
2023,Canada,Autres matières,Sources des matières non résidentielles récupérées,,0.4689338331563
2023,Terre-Neuve-et-Labrador,Toutes les matières,Toutes les sources des matières récupérées,10,100.146643099689
2023,Terre-Neuve-et-Labrador,Toutes les matières,Sources des matières résidentielles récupérées,10,
2023,Terre-Neuve-et-Labrador,Toutes les matières,Sources des matières non résidentielles récupérées,10,
2023,Terre-Neuve-et-Labrador,Toutes les fibres cellulosiques,Toutes les sources des matières récupérées,10,56.8599790722268
2023,Terre-Neuve-et-Labrador,Toutes les fibres cellulosiques,Sources des matières résidentielles récupérées,10,23.4517443837923
2023,Terre-Neuve-et-Labrador,Toutes les fibres cellulosiques,Sources des matières non résidentielles récupérées,10,33.4119518772733
2023,Terre-Neuve-et-Labrador,Verre,Toutes les sources des matières récupérées,10,
2023,Terre-Neuve-et-Labrador,Verre,Sources des matières résidentielles récupérées,10,
2023,Terre-Neuve-et-Labrador,Verre,Sources des matières non résidentielles récupérées,10,0.0
2023,Terre-Neuve-et-Labrador,Métaux ferreux,Toutes les sources des matières récupérées,10,1.15976291769586
2023,Terre-Neuve-et-Labrador,Métaux ferreux,Sources des matières résidentielles récupérées,10,
2023,Terre-Neuve-et-Labrador,Métaux ferreux,Sources des matières non résidentielles récupérées,10,
2023,Terre-Neuve-et-Labrador,Cuivre et aluminium,Toutes les sources des matières récupérées,10,0.643073669107001
2023,Terre-Neuve-et-Labrador,Cuivre et aluminium,Sources des matières résidentielles récupérées,10,0.38472904481257
2023,Terre-Neuve-et-Labrador,Cuivre et aluminium,Sources des matières non résidentielles récupérées,10,0.260203218713815
2023,Terre-Neuve-et-Labrador,Métaux mélangés,Toutes les sources des matières récupérées,10,2.5016680884914
2023,Terre-Neuve-et-Labrador,Métaux mélangés,Sources des matières résidentielles récupérées,10,
2023,Terre-Neuve-et-Labrador,Métaux mélangés,Sources des matières non résidentielles récupérées,10,
2023,Terre-Neuve-et-Labrador,Électroménagers,Toutes les sources des matières récupérées,10,
2023,Terre-Neuve-et-Labrador,Électroménagers,Sources des matières résidentielles récupérées,10,
2023,Terre-Neuve-et-Labrador,Électroménagers,Sources des matières non résidentielles récupérées,10,
2023,Terre-Neuve-et-Labrador,Matériel électronique,Toutes les sources des matières récupérées,10,
2023,Terre-Neuve-et-Labrador,Matériel électronique,Sources des matières résidentielles récupérées,10,
2023,Terre-Neuve-et-Labrador,Matériel électronique,Sources des matières non résidentielles récupérées,10,
2023,Terre-Neuve-et-Labrador,Matières plastiques,Toutes les sources des matières récupérées,10,
2023,Terre-Neuve-et-Labrador,Matières plastiques,Sources des matières résidentielles récupérées,10,
2023,Terre-Neuve-et-Labrador,Matières plastiques,Sources des matières non résidentielles récupérées,10,
2023,Terre-Neuve-et-Labrador,Récipients triangulaires et aseptiques,Toutes les sources des matières récupérées,10,1.39208722011891
2023,Terre-Neuve-et-Labrador,Récipients triangulaires et aseptiques,Sources des matières résidentielles récupérées,10,0.940448776208505
2023,Terre-Neuve-et-Labrador,Récipients triangulaires et aseptiques,Sources des matières non résidentielles récupérées,10,0.453497038329793
2023,Terre-Neuve-et-Labrador,Textiles,Toutes les sources des matières récupérées,10,0.0
2023,Terre-Neuve-et-Labrador,Textiles,Sources des matières résidentielles récupérées,10,0.0
2023,Terre-Neuve-et-Labrador,Textiles,Sources des matières non résidentielles récupérées,10,0.0
2023,Terre-Neuve-et-Labrador,Pneus,Toutes les sources des matières récupérées,10,12.2871677065502
2023,Terre-Neuve-et-Labrador,Pneus,Sources des matières résidentielles récupérées,10,
2023,Terre-Neuve-et-Labrador,Pneus,Sources des matières non résidentielles récupérées,10,
2023,Terre-Neuve-et-Labrador,"Déchets provenant de la construction, de la rénovation et de la démolition",Toutes les sources des matières récupérées,10,
2023,Terre-Neuve-et-Labrador,"Déchets provenant de la construction, de la rénovation et de la démolition",Sources des matières résidentielles récupérées,10,0.0
2023,Terre-Neuve-et-Labrador,"Déchets provenant de la construction, de la rénovation et de la démolition",Sources des matières non résidentielles récupérées,10,
2023,Terre-Neuve-et-Labrador,Toutes les matières organiques,Toutes les sources des matières récupérées,10,
2023,Terre-Neuve-et-Labrador,Toutes les matières organiques,Sources des matières résidentielles récupérées,10,
2023,Terre-Neuve-et-Labrador,Toutes les matières organiques,Sources des matières non résidentielles récupérées,10,
2023,Terre-Neuve-et-Labrador,Déchets de nourriture et matières organiques séparées à la source,Toutes les sources des matières récupérées,10,
2023,Terre-Neuve-et-Labrador,Déchets de nourriture et matières organiques séparées à la source,Sources des matières résidentielles récupérées,10,0.0
2023,Terre-Neuve-et-Labrador,Déchets de nourriture et matières organiques séparées à la source,Sources des matières non résidentielles récupérées,10,
2023,Terre-Neuve-et-Labrador,Feuilles et résidus de jardin,Toutes les sources des matières récupérées,10,
2023,Terre-Neuve-et-Labrador,Feuilles et résidus de jardin,Sources des matières résidentielles récupérées,10,
2023,Terre-Neuve-et-Labrador,Feuilles et résidus de jardin,Sources des matières non résidentielles récupérées,10,
2023,Terre-Neuve-et-Labrador,Autres matières organiques,Toutes les sources des matières récupérées,10,0.0
2023,Terre-Neuve-et-Labrador,Autres matières organiques,Sources des matières résidentielles récupérées,10,0.0
2023,Terre-Neuve-et-Labrador,Autres matières organiques,Sources des matières non résidentielles récupérées,10,0.0
2023,Terre-Neuve-et-Labrador,Autres matières,Toutes les sources des matières récupérées,10,
2023,Terre-Neuve-et-Labrador,Autres matières,Sources des matières résidentielles récupérées,10,
2023,Terre-Neuve-et-Labrador,Autres matières,Sources des matières non résidentielles récupérées,10,
2023,Île-du-Prince-Édouard,Toutes les matières,Toutes les sources des matières récupérées,11,
2023,Île-du-Prince-Édouard,Toutes les matières,Sources des matières résidentielles récupérées,11,
2023,Île-du-Prince-Édouard,Toutes les matières,Sources des matières non résidentielles récupérées,11,
2023,Île-du-Prince-Édouard,Toutes les fibres cellulosiques,Toutes les sources des matières récupérées,11,
2023,Île-du-Prince-Édouard,Toutes les fibres cellulosiques,Sources des matières résidentielles récupérées,11,
2023,Île-du-Prince-Édouard,Toutes les fibres cellulosiques,Sources des matières non résidentielles récupérées,11,
2023,Île-du-Prince-Édouard,Verre,Toutes les sources des matières récupérées,11,
2023,Île-du-Prince-Édouard,Verre,Sources des matières résidentielles récupérées,11,
2023,Île-du-Prince-Édouard,Verre,Sources des matières non résidentielles récupérées,11,
2023,Île-du-Prince-Édouard,Métaux ferreux,Toutes les sources des matières récupérées,11,56.3917585271542
2023,Île-du-Prince-Édouard,Métaux ferreux,Sources des matières résidentielles récupérées,11,21.4289836671091
2023,Île-du-Prince-Édouard,Métaux ferreux,Sources des matières non résidentielles récupérées,11,34.962774860045
2023,Île-du-Prince-Édouard,Cuivre et aluminium,Toutes les sources des matières récupérées,11,9.78819183932591
2023,Île-du-Prince-Édouard,Cuivre et aluminium,Sources des matières résidentielles récupérées,11,4.57090090610031
2023,Île-du-Prince-Édouard,Cuivre et aluminium,Sources des matières non résidentielles récupérées,11,5.22306227275351
2023,Île-du-Prince-Édouard,Métaux mélangés,Toutes les sources des matières récupérées,11,
2023,Île-du-Prince-Édouard,Métaux mélangés,Sources des matières résidentielles récupérées,11,
2023,Île-du-Prince-Édouard,Métaux mélangés,Sources des matières non résidentielles récupérées,11,
2023,Île-du-Prince-Édouard,Électroménagers,Toutes les sources des matières récupérées,11,40.8957118947308
2023,Île-du-Prince-Édouard,Électroménagers,Sources des matières résidentielles récupérées,11,15.5422173486466
2023,Île-du-Prince-Édouard,Électroménagers,Sources des matières non résidentielles récupérées,11,25.3534945460841
2023,Île-du-Prince-Édouard,Matériel électronique,Toutes les sources des matières récupérées,11,
2023,Île-du-Prince-Édouard,Matériel électronique,Sources des matières résidentielles récupérées,11,
2023,Île-du-Prince-Édouard,Matériel électronique,Sources des matières non résidentielles récupérées,11,
2023,Île-du-Prince-Édouard,Matières plastiques,Toutes les sources des matières récupérées,11,5.75402550932071
2023,Île-du-Prince-Édouard,Matières plastiques,Sources des matières résidentielles récupérées,11,2.18733768107578
2023,Île-du-Prince-Édouard,Matières plastiques,Sources des matières non résidentielles récupérées,11,3.56668782824494
2023,Île-du-Prince-Édouard,Récipients triangulaires et aseptiques,Toutes les sources des matières récupérées,11,
2023,Île-du-Prince-Édouard,Récipients triangulaires et aseptiques,Sources des matières résidentielles récupérées,11,
2023,Île-du-Prince-Édouard,Récipients triangulaires et aseptiques,Sources des matières non résidentielles récupérées,11,
2023,Île-du-Prince-Édouard,Textiles,Toutes les sources des matières récupérées,11,0.0
2023,Île-du-Prince-Édouard,Textiles,Sources des matières résidentielles récupérées,11,0.0
2023,Île-du-Prince-Édouard,Textiles,Sources des matières non résidentielles récupérées,11,0.0
2023,Île-du-Prince-Édouard,Pneus,Toutes les sources des matières récupérées,11,17.5448721648295
2023,Île-du-Prince-Édouard,Pneus,Sources des matières résidentielles récupérées,11,
2023,Île-du-Prince-Édouard,Pneus,Sources des matières non résidentielles récupérées,11,
2023,Île-du-Prince-Édouard,"Déchets provenant de la construction, de la rénovation et de la démolition",Toutes les sources des matières récupérées,11,0.0
2023,Île-du-Prince-Édouard,"Déchets provenant de la construction, de la rénovation et de la démolition",Sources des matières résidentielles récupérées,11,0.0
2023,Île-du-Prince-Édouard,"Déchets provenant de la construction, de la rénovation et de la démolition",Sources des matières non résidentielles récupérées,11,0.0
2023,Île-du-Prince-Édouard,Toutes les matières organiques,Toutes les sources des matières récupérées,11,
2023,Île-du-Prince-Édouard,Toutes les matières organiques,Sources des matières résidentielles récupérées,11,
2023,Île-du-Prince-Édouard,Toutes les matières organiques,Sources des matières non résidentielles récupérées,11,
2023,Île-du-Prince-Édouard,Déchets de nourriture et matières organiques séparées à la source,Toutes les sources des matières récupérées,11,
2023,Île-du-Prince-Édouard,Déchets de nourriture et matières organiques séparées à la source,Sources des matières résidentielles récupérées,11,
2023,Île-du-Prince-Édouard,Déchets de nourriture et matières organiques séparées à la source,Sources des matières non résidentielles récupérées,11,
2023,Île-du-Prince-Édouard,Feuilles et résidus de jardin,Toutes les sources des matières récupérées,11,
2023,Île-du-Prince-Édouard,Feuilles et résidus de jardin,Sources des matières résidentielles récupérées,11,
2023,Île-du-Prince-Édouard,Feuilles et résidus de jardin,Sources des matières non résidentielles récupérées,11,
2023,Île-du-Prince-Édouard,Autres matières organiques,Toutes les sources des matières récupérées,11,0.0
2023,Île-du-Prince-Édouard,Autres matières organiques,Sources des matières résidentielles récupérées,11,0.0
2023,Île-du-Prince-Édouard,Autres matières organiques,Sources des matières non résidentielles récupérées,11,0.0
2023,Île-du-Prince-Édouard,Autres matières,Toutes les sources des matières récupérées,11,0.0
2023,Île-du-Prince-Édouard,Autres matières,Sources des matières résidentielles récupérées,11,0.0
2023,Île-du-Prince-Édouard,Autres matières,Sources des matières non résidentielles récupérées,11,0.0
2023,Nouvelle-Écosse,Toutes les matières,Toutes les sources des matières récupérées,12,297.181933135158
2023,Nouvelle-Écosse,Toutes les matières,Sources des matières résidentielles récupérées,12,
2023,Nouvelle-Écosse,Toutes les matières,Sources des matières non résidentielles récupérées,12,
2023,Nouvelle-Écosse,Toutes les fibres cellulosiques,Toutes les sources des matières récupérées,12,60.7276641386432
2023,Nouvelle-Écosse,Toutes les fibres cellulosiques,Sources des matières résidentielles récupérées,12,18.406784717096
2023,Nouvelle-Écosse,Toutes les fibres cellulosiques,Sources des matières non résidentielles récupérées,12,42.3199293939489
2023,Nouvelle-Écosse,Verre,Toutes les sources des matières récupérées,12,3.68230697101751
2023,Nouvelle-Écosse,Verre,Sources des matières résidentielles récupérées,12,
2023,Nouvelle-Écosse,Verre,Sources des matières non résidentielles récupérées,12,
2023,Nouvelle-Écosse,Métaux ferreux,Toutes les sources des matières récupérées,12,4.46892982241134
2023,Nouvelle-Écosse,Métaux ferreux,Sources des matières résidentielles récupérées,12,4.11076941785159
2023,Nouvelle-Écosse,Métaux ferreux,Sources des matières non résidentielles récupérées,12,0.358160404559752
2023,Nouvelle-Écosse,Cuivre et aluminium,Toutes les sources des matières récupérées,12,1.57134564759106
2023,Nouvelle-Écosse,Cuivre et aluminium,Sources des matières résidentielles récupérées,12,1.47064272217108
2023,Nouvelle-Écosse,Cuivre et aluminium,Sources des matières non résidentielles récupérées,12,0.101652953018285
2023,Nouvelle-Écosse,Métaux mélangés,Toutes les sources des matières récupérées,12,
2023,Nouvelle-Écosse,Métaux mélangés,Sources des matières résidentielles récupérées,12,
2023,Nouvelle-Écosse,Métaux mélangés,Sources des matières non résidentielles récupérées,12,
2023,Nouvelle-Écosse,Électroménagers,Toutes les sources des matières récupérées,12,
2023,Nouvelle-Écosse,Électroménagers,Sources des matières résidentielles récupérées,12,
2023,Nouvelle-Écosse,Électroménagers,Sources des matières non résidentielles récupérées,12,
2023,Nouvelle-Écosse,Matériel électronique,Toutes les sources des matières récupérées,12,
2023,Nouvelle-Écosse,Matériel électronique,Sources des matières résidentielles récupérées,12,
2023,Nouvelle-Écosse,Matériel électronique,Sources des matières non résidentielles récupérées,12,
2023,Nouvelle-Écosse,Matières plastiques,Toutes les sources des matières récupérées,12,12.8529233774241
2023,Nouvelle-Écosse,Matières plastiques,Sources des matières résidentielles récupérées,12,10.5576566999271
2023,Nouvelle-Écosse,Matières plastiques,Sources des matières non résidentielles récupérées,12,2.29811676029189
2023,Nouvelle-Écosse,Récipients triangulaires et aseptiques,Toutes les sources des matières récupérées,12,1.62359716549766
2023,Nouvelle-Écosse,Récipients triangulaires et aseptiques,Sources des matières résidentielles récupérées,12,1.43644172863222
2023,Nouvelle-Écosse,Récipients triangulaires et aseptiques,Sources des matières non résidentielles récupérées,12,0.186205409267139
2023,Nouvelle-Écosse,Textiles,Toutes les sources des matières récupérées,12,
2023,Nouvelle-Écosse,Textiles,Sources des matières résidentielles récupérées,12,
2023,Nouvelle-Écosse,Textiles,Sources des matières non résidentielles récupérées,12,0.0
2023,Nouvelle-Écosse,Pneus,Toutes les sources des matières récupérées,12,11.2084256047638
2023,Nouvelle-Écosse,Pneus,Sources des matières résidentielles récupérées,12,
2023,Nouvelle-Écosse,Pneus,Sources des matières non résidentielles récupérées,12,
2023,Nouvelle-Écosse,"Déchets provenant de la construction, de la rénovation et de la démolition",Toutes les sources des matières récupérées,12,
2023,Nouvelle-Écosse,"Déchets provenant de la construction, de la rénovation et de la démolition",Sources des matières résidentielles récupérées,12,0.0
2023,Nouvelle-Écosse,"Déchets provenant de la construction, de la rénovation et de la démolition",Sources des matières non résidentielles récupérées,12,
2023,Nouvelle-Écosse,Toutes les matières organiques,Toutes les sources des matières récupérées,12,156.60634941445
2023,Nouvelle-Écosse,Toutes les matières organiques,Sources des matières résidentielles récupérées,12,113.6717521644
2023,Nouvelle-Écosse,Toutes les matières organiques,Sources des matières non résidentielles récupérées,12,42.9345972500501
2023,Nouvelle-Écosse,Déchets de nourriture et matières organiques séparées à la source,Toutes les sources des matières récupérées,12,116.166524637541
2023,Nouvelle-Écosse,Déchets de nourriture et matières organiques séparées à la source,Sources des matières résidentielles récupérées,12,85.4502323292492
2023,Nouvelle-Écosse,Déchets de nourriture et matières organiques séparées à la source,Sources des matières non résidentielles récupérées,12,30.7162923082916
2023,Nouvelle-Écosse,Feuilles et résidus de jardin,Toutes les sources des matières récupérées,12,17.6809636319935
2023,Nouvelle-Écosse,Feuilles et résidus de jardin,Sources des matières résidentielles récupérées,12,
2023,Nouvelle-Écosse,Feuilles et résidus de jardin,Sources des matières non résidentielles récupérées,12,
2023,Nouvelle-Écosse,Autres matières organiques,Toutes les sources des matières récupérées,12,22.7588611449163
2023,Nouvelle-Écosse,Autres matières organiques,Sources des matières résidentielles récupérées,12,
2023,Nouvelle-Écosse,Autres matières organiques,Sources des matières non résidentielles récupérées,12,
2023,Nouvelle-Écosse,Autres matières,Toutes les sources des matières récupérées,12,0.0
2023,Nouvelle-Écosse,Autres matières,Sources des matières résidentielles récupérées,12,0.0
2023,Nouvelle-Écosse,Autres matières,Sources des matières non résidentielles récupérées,12,0.0
2023,Nouveau-Brunswick,Toutes les matières,Toutes les sources des matières récupérées,13,188.396227665473
2023,Nouveau-Brunswick,Toutes les matières,Sources des matières résidentielles récupérées,13,
2023,Nouveau-Brunswick,Toutes les matières,Sources des matières non résidentielles récupérées,13,
2023,Nouveau-Brunswick,Toutes les fibres cellulosiques,Toutes les sources des matières récupérées,13,33.5230264465857
2023,Nouveau-Brunswick,Toutes les fibres cellulosiques,Sources des matières résidentielles récupérées,13,19.476177107419
2023,Nouveau-Brunswick,Toutes les fibres cellulosiques,Sources des matières non résidentielles récupérées,13,14.0456444284325
2023,Nouveau-Brunswick,Verre,Toutes les sources des matières récupérées,13,4.08946703183495
2023,Nouveau-Brunswick,Verre,Sources des matières résidentielles récupérées,13,2.29535494862863
2023,Nouveau-Brunswick,Verre,Sources des matières non résidentielles récupérées,13,1.7953169939405
2023,Nouveau-Brunswick,Métaux ferreux,Toutes les sources des matières récupérées,13,2.27728128761581
2023,Nouveau-Brunswick,Métaux ferreux,Sources des matières résidentielles récupérées,13,1.40372100532932
2023,Nouveau-Brunswick,Métaux ferreux,Sources des matières non résidentielles récupérées,13,0.877175014489052
2023,Nouveau-Brunswick,Cuivre et aluminium,Toutes les sources des matières récupérées,13,
2023,Nouveau-Brunswick,Cuivre et aluminium,Sources des matières résidentielles récupérées,13,
2023,Nouveau-Brunswick,Cuivre et aluminium,Sources des matières non résidentielles récupérées,13,
2023,Nouveau-Brunswick,Métaux mélangés,Toutes les sources des matières récupérées,13,1.4061308267977
2023,Nouveau-Brunswick,Métaux mélangés,Sources des matières résidentielles récupérées,13,
2023,Nouveau-Brunswick,Métaux mélangés,Sources des matières non résidentielles récupérées,13,
2023,Nouveau-Brunswick,Électroménagers,Toutes les sources des matières récupérées,13,
2023,Nouveau-Brunswick,Électroménagers,Sources des matières résidentielles récupérées,13,
2023,Nouveau-Brunswick,Électroménagers,Sources des matières non résidentielles récupérées,13,
2023,Nouveau-Brunswick,Matériel électronique,Toutes les sources des matières récupérées,13,1.07839510709849
2023,Nouveau-Brunswick,Matériel électronique,Sources des matières résidentielles récupérées,13,
2023,Nouveau-Brunswick,Matériel électronique,Sources des matières non résidentielles récupérées,13,
2023,Nouveau-Brunswick,Matières plastiques,Toutes les sources des matières récupérées,13,7.95723048857925
2023,Nouveau-Brunswick,Matières plastiques,Sources des matières résidentielles récupérées,13,
2023,Nouveau-Brunswick,Matières plastiques,Sources des matières non résidentielles récupérées,13,
2023,Nouveau-Brunswick,Récipients triangulaires et aseptiques,Toutes les sources des matières récupérées,13,0.585586616815493
2023,Nouveau-Brunswick,Récipients triangulaires et aseptiques,Sources des matières résidentielles récupérées,13,
2023,Nouveau-Brunswick,Récipients triangulaires et aseptiques,Sources des matières non résidentielles récupérées,13,
2023,Nouveau-Brunswick,Textiles,Toutes les sources des matières récupérées,13,0.0
2023,Nouveau-Brunswick,Textiles,Sources des matières résidentielles récupérées,13,0.0
2023,Nouveau-Brunswick,Textiles,Sources des matières non résidentielles récupérées,13,0.0
2023,Nouveau-Brunswick,Pneus,Toutes les sources des matières récupérées,13,14.9842698903652
2023,Nouveau-Brunswick,Pneus,Sources des matières résidentielles récupérées,13,
2023,Nouveau-Brunswick,Pneus,Sources des matières non résidentielles récupérées,13,
2023,Nouveau-Brunswick,"Déchets provenant de la construction, de la rénovation et de la démolition",Toutes les sources des matières récupérées,13,13.2781162907546
2023,Nouveau-Brunswick,"Déchets provenant de la construction, de la rénovation et de la démolition",Sources des matières résidentielles récupérées,13,
2023,Nouveau-Brunswick,"Déchets provenant de la construction, de la rénovation et de la démolition",Sources des matières non résidentielles récupérées,13,
2023,Nouveau-Brunswick,Toutes les matières organiques,Toutes les sources des matières récupérées,13,104.992306644962
2023,Nouveau-Brunswick,Toutes les matières organiques,Sources des matières résidentielles récupérées,13,40.4958448653332
2023,Nouveau-Brunswick,Toutes les matières organiques,Sources des matières non résidentielles récupérées,13,64.4964617796291
2023,Nouveau-Brunswick,Déchets de nourriture et matières organiques séparées à la source,Toutes les sources des matières récupérées,13,
2023,Nouveau-Brunswick,Déchets de nourriture et matières organiques séparées à la source,Sources des matières résidentielles récupérées,13,
2023,Nouveau-Brunswick,Déchets de nourriture et matières organiques séparées à la source,Sources des matières non résidentielles récupérées,13,
2023,Nouveau-Brunswick,Feuilles et résidus de jardin,Toutes les sources des matières récupérées,13,
2023,Nouveau-Brunswick,Feuilles et résidus de jardin,Sources des matières résidentielles récupérées,13,
2023,Nouveau-Brunswick,Feuilles et résidus de jardin,Sources des matières non résidentielles récupérées,13,0.0
2023,Nouveau-Brunswick,Autres matières organiques,Toutes les sources des matières récupérées,13,
2023,Nouveau-Brunswick,Autres matières organiques,Sources des matières résidentielles récupérées,13,
2023,Nouveau-Brunswick,Autres matières organiques,Sources des matières non résidentielles récupérées,13,
2023,Nouveau-Brunswick,Autres matières,Toutes les sources des matières récupérées,13,
2023,Nouveau-Brunswick,Autres matières,Sources des matières résidentielles récupérées,13,
2023,Nouveau-Brunswick,Autres matières,Sources des matières non résidentielles récupérées,13,
2023,Québec,Toutes les matières,Toutes les sources des matières récupérées,24,178.752672076026
2023,Québec,Toutes les matières,Sources des matières résidentielles récupérées,24,
2023,Québec,Toutes les matières,Sources des matières non résidentielles récupérées,24,
2023,Québec,Toutes les fibres cellulosiques,Toutes les sources des matières récupérées,24,70.9998242241765
2023,Québec,Toutes les fibres cellulosiques,Sources des matières résidentielles récupérées,24,25.559959401455
2023,Québec,Toutes les fibres cellulosiques,Sources des matières non résidentielles récupérées,24,45.4398648227216
2023,Québec,Verre,Toutes les sources des matières récupérées,24,8.02671792516486
2023,Québec,Verre,Sources des matières résidentielles récupérées,24,4.5752745788468
2023,Québec,Verre,Sources des matières non résidentielles récupérées,24,3.45144334631806
2023,Québec,Métaux ferreux,Toutes les sources des matières récupérées,24,4.94043467660084
2023,Québec,Métaux ferreux,Sources des matières résidentielles récupérées,24,4.94043467660084
2023,Québec,Métaux ferreux,Sources des matières non résidentielles récupérées,24,
2023,Québec,Cuivre et aluminium,Toutes les sources des matières récupérées,24,0.721247894942759
2023,Québec,Cuivre et aluminium,Sources des matières résidentielles récupérées,24,0.721247894942759
2023,Québec,Cuivre et aluminium,Sources des matières non résidentielles récupérées,24,
2023,Québec,Métaux mélangés,Toutes les sources des matières récupérées,24,0.711381768077976
2023,Québec,Métaux mélangés,Sources des matières résidentielles récupérées,24,0.711381768077976
2023,Québec,Métaux mélangés,Sources des matières non résidentielles récupérées,24,
2023,Québec,Électroménagers,Toutes les sources des matières récupérées,24,1.01405639568839
2023,Québec,Électroménagers,Sources des matières résidentielles récupérées,24,0.993757123173491
2023,Québec,Électroménagers,Sources des matières non résidentielles récupérées,24,0.0202992725148984
2023,Québec,Matériel électronique,Toutes les sources des matières récupérées,24,2.26807514132943
2023,Québec,Matériel électronique,Sources des matières résidentielles récupérées,24,
2023,Québec,Matériel électronique,Sources des matières non résidentielles récupérées,24,
2023,Québec,Matières plastiques,Toutes les sources des matières récupérées,24,2.94849768372826
2023,Québec,Matières plastiques,Sources des matières résidentielles récupérées,24,1.20888405032859
2023,Québec,Matières plastiques,Sources des matières non résidentielles récupérées,24,1.73961363339967
2023,Québec,Récipients triangulaires et aseptiques,Toutes les sources des matières récupérées,24,0.0
2023,Québec,Récipients triangulaires et aseptiques,Sources des matières résidentielles récupérées,24,0.0
2023,Québec,Récipients triangulaires et aseptiques,Sources des matières non résidentielles récupérées,24,0.0
2023,Québec,Textiles,Toutes les sources des matières récupérées,24,0.671350241833512
2023,Québec,Textiles,Sources des matières résidentielles récupérées,24,0.503512681375134
2023,Québec,Textiles,Sources des matières non résidentielles récupérées,24,0.167837560458378
2023,Québec,Pneus,Toutes les sources des matières récupérées,24,11.5505128684913
2023,Québec,Pneus,Sources des matières résidentielles récupérées,24,
2023,Québec,Pneus,Sources des matières non résidentielles récupérées,24,
2023,Québec,"Déchets provenant de la construction, de la rénovation et de la démolition",Toutes les sources des matières récupérées,24,9.29910807945067
2023,Québec,"Déchets provenant de la construction, de la rénovation et de la démolition",Sources des matières résidentielles récupérées,24,0.0
2023,Québec,"Déchets provenant de la construction, de la rénovation et de la démolition",Sources des matières non résidentielles récupérées,24,9.29910807945067
2023,Québec,Toutes les matières organiques,Toutes les sources des matières récupérées,24,65.6014651765413
2023,Québec,Toutes les matières organiques,Sources des matières résidentielles récupérées,24,53.2596208912401
2023,Québec,Toutes les matières organiques,Sources des matières non résidentielles récupérées,24,12.3418442853012
2023,Québec,Déchets de nourriture et matières organiques séparées à la source,Toutes les sources des matières récupérées,24,30.993813825052
2023,Québec,Déchets de nourriture et matières organiques séparées à la source,Sources des matières résidentielles récupérées,24,28.4418890797852
2023,Québec,Déchets de nourriture et matières organiques séparées à la source,Sources des matières non résidentielles récupérées,24,2.55192474526681
2023,Québec,Feuilles et résidus de jardin,Toutes les sources des matières récupérées,24,27.4679776140984
2023,Québec,Feuilles et résidus de jardin,Sources des matières résidentielles récupérées,24,22.9261571435862
2023,Québec,Feuilles et résidus de jardin,Sources des matières non résidentielles récupérées,24,4.54182047051219
2023,Québec,Autres matières organiques,Toutes les sources des matières récupérées,24,7.13967373739092
2023,Québec,Autres matières organiques,Sources des matières résidentielles récupérées,24,1.89157466786875
2023,Québec,Autres matières organiques,Sources des matières non résidentielles récupérées,24,5.24809906952217
2023,Québec,Autres matières,Toutes les sources des matières récupérées,24,0.0
2023,Québec,Autres matières,Sources des matières résidentielles récupérées,24,0.0
2023,Québec,Autres matières,Sources des matières non résidentielles récupérées,24,0.0
2023,Ontario,Toutes les matières,Toutes les sources des matières récupérées,35,208.797018414781
2023,Ontario,Toutes les matières,Sources des matières résidentielles récupérées,35,
2023,Ontario,Toutes les matières,Sources des matières non résidentielles récupérées,35,
2023,Ontario,Toutes les fibres cellulosiques,Toutes les sources des matières récupérées,35,79.9014282568702
2023,Ontario,Toutes les fibres cellulosiques,Sources des matières résidentielles récupérées,35,37.6379098093393
2023,Ontario,Toutes les fibres cellulosiques,Sources des matières non résidentielles récupérées,35,42.2638385854412
2023,Ontario,Verre,Toutes les sources des matières récupérées,35,7.5254178295943
2023,Ontario,Verre,Sources des matières résidentielles récupérées,35,5.52910184861075
2023,Ontario,Verre,Sources des matières non résidentielles récupérées,35,1.99638000856561
2023,Ontario,Métaux ferreux,Toutes les sources des matières récupérées,35,8.83734298596086
2023,Ontario,Métaux ferreux,Sources des matières résidentielles récupérées,35,2.58901930809362
2023,Ontario,Métaux ferreux,Sources des matières non résidentielles récupérées,35,6.24819562270313
2023,Ontario,Cuivre et aluminium,Toutes les sources des matières récupérées,35,1.79097952532384
2023,Ontario,Cuivre et aluminium,Sources des matières résidentielles récupérées,35,0.917707333636013
2023,Ontario,Cuivre et aluminium,Sources des matières non résidentielles récupérées,35,0.873464274433998
2023,Ontario,Métaux mélangés,Toutes les sources des matières récupérées,35,2.02295145511964
2023,Ontario,Métaux mélangés,Sources des matières résidentielles récupérées,35,0.991723218494956
2023,Ontario,Métaux mélangés,Sources des matières non résidentielles récupérées,35,1.0313562917888
2023,Ontario,Électroménagers,Toutes les sources des matières récupérées,35,0.74323217252821
2023,Ontario,Électroménagers,Sources des matières résidentielles récupérées,35,0.536551137645279
2023,Ontario,Électroménagers,Sources des matières non résidentielles récupérées,35,0.206745062464989
2023,Ontario,Matériel électronique,Toutes les sources des matières récupérées,35,2.64389094591725
2023,Ontario,Matériel électronique,Sources des matières résidentielles récupérées,35,
2023,Ontario,Matériel électronique,Sources des matières non résidentielles récupérées,35,
2023,Ontario,Matières plastiques,Toutes les sources des matières récupérées,35,7.81744763136043
2023,Ontario,Matières plastiques,Sources des matières résidentielles récupérées,35,6.44668112708265
2023,Ontario,Matières plastiques,Sources des matières non résidentielles récupérées,35,1.37089455944189
2023,Ontario,Récipients triangulaires et aseptiques,Toutes les sources des matières récupérées,35,0.471499114274444
2023,Ontario,Récipients triangulaires et aseptiques,Sources des matières résidentielles récupérées,35,0.351703508244095
2023,Ontario,Récipients triangulaires et aseptiques,Sources des matières non résidentielles récupérées,35,0.119859633612406
2023,Ontario,Textiles,Toutes les sources des matières récupérées,35,0.213275875834896
2023,Ontario,Textiles,Sources des matières résidentielles récupérées,35,0.212955737924606
2023,Ontario,Textiles,Sources des matières non résidentielles récupérées,35,0.0003201379102895
2023,Ontario,Pneus,Toutes les sources des matières récupérées,35,6.23852745781239
2023,Ontario,Pneus,Sources des matières résidentielles récupérées,35,
2023,Ontario,Pneus,Sources des matières non résidentielles récupérées,35,
2023,Ontario,"Déchets provenant de la construction, de la rénovation et de la démolition",Toutes les sources des matières récupérées,35,13.6344815164856
2023,Ontario,"Déchets provenant de la construction, de la rénovation et de la démolition",Sources des matières résidentielles récupérées,35,2.17328821779161
2023,Ontario,"Déchets provenant de la construction, de la rénovation et de la démolition",Sources des matières non résidentielles récupérées,35,11.4608731607837
2023,Ontario,Toutes les matières organiques,Toutes les sources des matières récupérées,35,75.8678826699681
2023,Ontario,Toutes les matières organiques,Sources des matières résidentielles récupérées,35,70.7297332374029
2023,Ontario,Toutes les matières organiques,Sources des matières non résidentielles récupérées,35,5.13827748772927
2023,Ontario,Déchets de nourriture et matières organiques séparées à la source,Toutes les sources des matières récupérées,35,45.1379086888566
2023,Ontario,Déchets de nourriture et matières organiques séparées à la source,Sources des matières résidentielles récupérées,35,41.550443266152
2023,Ontario,Déchets de nourriture et matières organiques séparées à la source,Sources des matières non résidentielles récupérées,35,3.58746542270465
2023,Ontario,Feuilles et résidus de jardin,Toutes les sources des matières récupérées,35,29.6483560374072
2023,Ontario,Feuilles et résidus de jardin,Sources des matières résidentielles récupérées,35,28.6809633000943
2023,Ontario,Feuilles et résidus de jardin,Sources des matières non résidentielles récupérées,35,0.967392737312951
2023,Ontario,Autres matières organiques,Toutes les sources des matières récupérées,35,1.08161794370426
2023,Ontario,Autres matières organiques,Sources des matières résidentielles récupérées,35,0.498326671156708
2023,Ontario,Autres matières organiques,Sources des matières non résidentielles récupérées,35,0.583419327711669
2023,Ontario,Autres matières,Toutes les sources des matières récupérées,35,1.08866097773063
2023,Ontario,Autres matières,Sources des matières résidentielles récupérées,35,0.165639354783811
2023,Ontario,Autres matières,Sources des matières non résidentielles récupérées,35,0.922957595364762
2023,Manitoba,Toutes les matières,Toutes les sources des matières récupérées,46,143.876880611878
2023,Manitoba,Toutes les matières,Sources des matières résidentielles récupérées,46,
2023,Manitoba,Toutes les matières,Sources des matières non résidentielles récupérées,46,
2023,Manitoba,Toutes les fibres cellulosiques,Toutes les sources des matières récupérées,46,59.541174088567
2023,Manitoba,Toutes les fibres cellulosiques,Sources des matières résidentielles récupérées,46,31.6207248490759
2023,Manitoba,Toutes les fibres cellulosiques,Sources des matières non résidentielles récupérées,46,27.9218265987353
2023,Manitoba,Verre,Toutes les sources des matières récupérées,46,
2023,Manitoba,Verre,Sources des matières résidentielles récupérées,46,
2023,Manitoba,Verre,Sources des matières non résidentielles récupérées,46,
2023,Manitoba,Métaux ferreux,Toutes les sources des matières récupérées,46,12.7605447180339
2023,Manitoba,Métaux ferreux,Sources des matières résidentielles récupérées,46,1.54539707200972
2023,Manitoba,Métaux ferreux,Sources des matières non résidentielles récupérées,46,11.2151476460242
2023,Manitoba,Cuivre et aluminium,Toutes les sources des matières récupérées,46,2.81256757668792
2023,Manitoba,Cuivre et aluminium,Sources des matières résidentielles récupérées,46,
2023,Manitoba,Cuivre et aluminium,Sources des matières non résidentielles récupérées,46,
2023,Manitoba,Métaux mélangés,Toutes les sources des matières récupérées,46,3.42824715885222
2023,Manitoba,Métaux mélangés,Sources des matières résidentielles récupérées,46,1.60668955837731
2023,Manitoba,Métaux mélangés,Sources des matières non résidentielles récupérées,46,1.82362363934124
2023,Manitoba,Électroménagers,Toutes les sources des matières récupérées,46,2.43654850301711
2023,Manitoba,Électroménagers,Sources des matières résidentielles récupérées,46,
2023,Manitoba,Électroménagers,Sources des matières non résidentielles récupérées,46,
2023,Manitoba,Matériel électronique,Toutes les sources des matières récupérées,46,1.71687829791454
2023,Manitoba,Matériel électronique,Sources des matières résidentielles récupérées,46,
2023,Manitoba,Matériel électronique,Sources des matières non résidentielles récupérées,46,
2023,Manitoba,Matières plastiques,Toutes les sources des matières récupérées,46,4.76084222763065
2023,Manitoba,Matières plastiques,Sources des matières résidentielles récupérées,46,
2023,Manitoba,Matières plastiques,Sources des matières non résidentielles récupérées,46,
2023,Manitoba,Récipients triangulaires et aseptiques,Toutes les sources des matières récupérées,46,
2023,Manitoba,Récipients triangulaires et aseptiques,Sources des matières résidentielles récupérées,46,
2023,Manitoba,Récipients triangulaires et aseptiques,Sources des matières non résidentielles récupérées,46,
2023,Manitoba,Textiles,Toutes les sources des matières récupérées,46,
2023,Manitoba,Textiles,Sources des matières résidentielles récupérées,46,
2023,Manitoba,Textiles,Sources des matières non résidentielles récupérées,46,
2023,Manitoba,Pneus,Toutes les sources des matières récupérées,46,9.99067527791666
2023,Manitoba,Pneus,Sources des matières résidentielles récupérées,46,
2023,Manitoba,Pneus,Sources des matières non résidentielles récupérées,46,
2023,Manitoba,"Déchets provenant de la construction, de la rénovation et de la démolition",Toutes les sources des matières récupérées,46,1.22791576621806
2023,Manitoba,"Déchets provenant de la construction, de la rénovation et de la démolition",Sources des matières résidentielles récupérées,46,
2023,Manitoba,"Déchets provenant de la construction, de la rénovation et de la démolition",Sources des matières non résidentielles récupérées,46,
2023,Manitoba,Toutes les matières organiques,Toutes les sources des matières récupérées,46,33.5628013834196
2023,Manitoba,Toutes les matières organiques,Sources des matières résidentielles récupérées,46,24.1437301918524
2023,Manitoba,Toutes les matières organiques,Sources des matières non résidentielles récupérées,46,9.41975987118936
2023,Manitoba,Déchets de nourriture et matières organiques séparées à la source,Toutes les sources des matières récupérées,46,
2023,Manitoba,Déchets de nourriture et matières organiques séparées à la source,Sources des matières résidentielles récupérées,46,
2023,Manitoba,Déchets de nourriture et matières organiques séparées à la source,Sources des matières non résidentielles récupérées,46,
2023,Manitoba,Feuilles et résidus de jardin,Toutes les sources des matières récupérées,46,23.7484280887625
2023,Manitoba,Feuilles et résidus de jardin,Sources des matières résidentielles récupérées,46,23.4743335991637
2023,Manitoba,Feuilles et résidus de jardin,Sources des matières non résidentielles récupérées,46,0.274783169220979
2023,Manitoba,Autres matières organiques,Toutes les sources des matières récupérées,46,
2023,Manitoba,Autres matières organiques,Sources des matières résidentielles récupérées,46,
2023,Manitoba,Autres matières organiques,Sources des matières non résidentielles récupérées,46,
2023,Manitoba,Autres matières,Toutes les sources des matières récupérées,46,
2023,Manitoba,Autres matières,Sources des matières résidentielles récupérées,46,
2023,Manitoba,Autres matières,Sources des matières non résidentielles récupérées,46,
2023,Saskatchewan,Toutes les matières,Toutes les sources des matières récupérées,47,161.850136404269
2023,Saskatchewan,Toutes les matières,Sources des matières résidentielles récupérées,47,
2023,Saskatchewan,Toutes les matières,Sources des matières non résidentielles récupérées,47,
2023,Saskatchewan,Toutes les fibres cellulosiques,Toutes les sources des matières récupérées,47,37.3794833755488
2023,Saskatchewan,Toutes les fibres cellulosiques,Sources des matières résidentielles récupérées,47,28.1830488235494
2023,Saskatchewan,Toutes les fibres cellulosiques,Sources des matières non résidentielles récupérées,47,9.21049258521442
2023,Saskatchewan,Verre,Toutes les sources des matières récupérées,47,
2023,Saskatchewan,Verre,Sources des matières résidentielles récupérées,47,
2023,Saskatchewan,Verre,Sources des matières non résidentielles récupérées,47,
2023,Saskatchewan,Métaux ferreux,Toutes les sources des matières récupérées,47,42.285736967583
2023,Saskatchewan,Métaux ferreux,Sources des matières résidentielles récupérées,47,3.77168761727087
2023,Saskatchewan,Métaux ferreux,Sources des matières non résidentielles récupérées,47,38.5157032365727
2023,Saskatchewan,Cuivre et aluminium,Toutes les sources des matières récupérées,47,
2023,Saskatchewan,Cuivre et aluminium,Sources des matières résidentielles récupérées,47,
2023,Saskatchewan,Cuivre et aluminium,Sources des matières non résidentielles récupérées,47,
2023,Saskatchewan,Métaux mélangés,Toutes les sources des matières récupérées,47,1.00887061895866
2023,Saskatchewan,Métaux mélangés,Sources des matières résidentielles récupérées,47,0.511877797651978
2023,Saskatchewan,Métaux mélangés,Sources des matières non résidentielles récupérées,47,0.496992821306686
2023,Saskatchewan,Électroménagers,Toutes les sources des matières récupérées,47,1.04112140104013
2023,Saskatchewan,Électroménagers,Sources des matières résidentielles récupérées,47,
2023,Saskatchewan,Électroménagers,Sources des matières non résidentielles récupérées,47,
2023,Saskatchewan,Matériel électronique,Toutes les sources des matières récupérées,47,
2023,Saskatchewan,Matériel électronique,Sources des matières résidentielles récupérées,47,
2023,Saskatchewan,Matériel électronique,Sources des matières non résidentielles récupérées,47,
2023,Saskatchewan,Matières plastiques,Toutes les sources des matières récupérées,47,5.583520015745
2023,Saskatchewan,Matières plastiques,Sources des matières résidentielles récupérées,47,5.07743082000508
2023,Saskatchewan,Matières plastiques,Sources des matières non résidentielles récupérées,47,0.508570025130802
2023,Saskatchewan,Récipients triangulaires et aseptiques,Toutes les sources des matières récupérées,47,
2023,Saskatchewan,Récipients triangulaires et aseptiques,Sources des matières résidentielles récupérées,47,
2023,Saskatchewan,Récipients triangulaires et aseptiques,Sources des matières non résidentielles récupérées,47,
2023,Saskatchewan,Textiles,Toutes les sources des matières récupérées,47,0.0
2023,Saskatchewan,Textiles,Sources des matières résidentielles récupérées,47,0.0
2023,Saskatchewan,Textiles,Sources des matières non résidentielles récupérées,47,0.0
2023,Saskatchewan,Pneus,Toutes les sources des matières récupérées,47,19.0701355277096
2023,Saskatchewan,Pneus,Sources des matières résidentielles récupérées,47,
2023,Saskatchewan,Pneus,Sources des matières non résidentielles récupérées,47,
2023,Saskatchewan,"Déchets provenant de la construction, de la rénovation et de la démolition",Toutes les sources des matières récupérées,47,
2023,Saskatchewan,"Déchets provenant de la construction, de la rénovation et de la démolition",Sources des matières résidentielles récupérées,47,
2023,Saskatchewan,"Déchets provenant de la construction, de la rénovation et de la démolition",Sources des matières non résidentielles récupérées,47,
2023,Saskatchewan,Toutes les matières organiques,Toutes les sources des matières récupérées,47,33.1587656385283
2023,Saskatchewan,Toutes les matières organiques,Sources des matières résidentielles récupérées,47,29.6351609603456
2023,Saskatchewan,Toutes les matières organiques,Sources des matières non résidentielles récupérées,47,3.52277773505238
2023,Saskatchewan,Déchets de nourriture et matières organiques séparées à la source,Toutes les sources des matières récupérées,47,6.98188084907213
2023,Saskatchewan,Déchets de nourriture et matières organiques séparées à la source,Sources des matières résidentielles récupérées,47,
2023,Saskatchewan,Déchets de nourriture et matières organiques séparées à la source,Sources des matières non résidentielles récupérées,47,
2023,Saskatchewan,Feuilles et résidus de jardin,Toutes les sources des matières récupérées,47,16.5322470608374
2023,Saskatchewan,Feuilles et résidus de jardin,Sources des matières résidentielles récupérées,47,
2023,Saskatchewan,Feuilles et résidus de jardin,Sources des matières non résidentielles récupérées,47,
2023,Saskatchewan,Autres matières organiques,Toutes les sources des matières récupérées,47,9.64463772861876
2023,Saskatchewan,Autres matières organiques,Sources des matières résidentielles récupérées,47,
2023,Saskatchewan,Autres matières organiques,Sources des matières non résidentielles récupérées,47,
2023,Saskatchewan,Autres matières,Toutes les sources des matières récupérées,47,1.11637322589688
2023,Saskatchewan,Autres matières,Sources des matières résidentielles récupérées,47,0.831077845945457
2023,Saskatchewan,Autres matières,Sources des matières non résidentielles récupérées,47,0.286949266212013
2023,Alberta,Toutes les matières,Toutes les sources des matières récupérées,48,213.61756916335
2023,Alberta,Toutes les matières,Sources des matières résidentielles récupérées,48,
2023,Alberta,Toutes les matières,Sources des matières non résidentielles récupérées,48,
2023,Alberta,Toutes les fibres cellulosiques,Toutes les sources des matières récupérées,48,56.069369833653
2023,Alberta,Toutes les fibres cellulosiques,Sources des matières résidentielles récupérées,48,15.9668278714821
2023,Alberta,Toutes les fibres cellulosiques,Sources des matières non résidentielles récupérées,48,40.1029685804192
2023,Alberta,Verre,Toutes les sources des matières récupérées,48,12.9098948130047
2023,Alberta,Verre,Sources des matières résidentielles récupérées,48,
2023,Alberta,Verre,Sources des matières non résidentielles récupérées,48,
2023,Alberta,Métaux ferreux,Toutes les sources des matières récupérées,48,11.1564938123289
2023,Alberta,Métaux ferreux,Sources des matières résidentielles récupérées,48,1.22567422747968
2023,Alberta,Métaux ferreux,Sources des matières non résidentielles récupérées,48,9.93103289397342
2023,Alberta,Cuivre et aluminium,Toutes les sources des matières récupérées,48,5.34339356045351
2023,Alberta,Cuivre et aluminium,Sources des matières résidentielles récupérées,48,3.39844096627327
2023,Alberta,Cuivre et aluminium,Sources des matières non résidentielles récupérées,48,1.94495259418024
2023,Alberta,Métaux mélangés,Toutes les sources des matières récupérées,48,4.28218066770875
2023,Alberta,Métaux mélangés,Sources des matières résidentielles récupérées,48,1.69772731926745
2023,Alberta,Métaux mélangés,Sources des matières non résidentielles récupérées,48,2.58466665756548
2023,Alberta,Électroménagers,Toutes les sources des matières récupérées,48,3.80415492044423
2023,Alberta,Électroménagers,Sources des matières résidentielles récupérées,48,2.81120094743381
2023,Alberta,Électroménagers,Sources des matières non résidentielles récupérées,48,0.992314045637914
2023,Alberta,Matériel électronique,Toutes les sources des matières récupérées,48,1.77046573060935
2023,Alberta,Matériel électronique,Sources des matières résidentielles récupérées,48,
2023,Alberta,Matériel électronique,Sources des matières non résidentielles récupérées,48,
2023,Alberta,Matières plastiques,Toutes les sources des matières récupérées,48,9.81157978443833
2023,Alberta,Matières plastiques,Sources des matières résidentielles récupérées,48,6.19364372939434
2023,Alberta,Matières plastiques,Sources des matières non résidentielles récupérées,48,3.61900260066484
2023,Alberta,Récipients triangulaires et aseptiques,Toutes les sources des matières récupérées,48,1.31547736875516
2023,Alberta,Récipients triangulaires et aseptiques,Sources des matières résidentielles récupérées,48,0.858995843031788
2023,Alberta,Récipients triangulaires et aseptiques,Sources des matières non résidentielles récupérées,48,0.456268216599204
2023,Alberta,Textiles,Toutes les sources des matières récupérées,48,0.134171439102805
2023,Alberta,Textiles,Sources des matières résidentielles récupérées,48,
2023,Alberta,Textiles,Sources des matières non résidentielles récupérées,48,
2023,Alberta,Pneus,Toutes les sources des matières récupérées,48,15.5331704220449
2023,Alberta,Pneus,Sources des matières résidentielles récupérées,48,
2023,Alberta,Pneus,Sources des matières non résidentielles récupérées,48,
2023,Alberta,"Déchets provenant de la construction, de la rénovation et de la démolition",Toutes les sources des matières récupérées,48,14.8719121371185
2023,Alberta,"Déchets provenant de la construction, de la rénovation et de la démolition",Sources des matières résidentielles récupérées,48,1.2113825161603
2023,Alberta,"Déchets provenant de la construction, de la rénovation et de la démolition",Sources des matières non résidentielles récupérées,48,13.6609562392066
2023,Alberta,Toutes les matières organiques,Toutes les sources des matières récupérées,48,75.817315240169
2023,Alberta,Toutes les matières organiques,Sources des matières résidentielles récupérées,48,64.0863799564508
2023,Alberta,Toutes les matières organiques,Sources des matières non résidentielles récupérées,48,11.730721974594
2023,Alberta,Déchets de nourriture et matières organiques séparées à la source,Toutes les sources des matières récupérées,48,49.0325151364154
2023,Alberta,Déchets de nourriture et matières organiques séparées à la source,Sources des matières résidentielles récupérées,48,46.9254476078662
2023,Alberta,Déchets de nourriture et matières organiques séparées à la source,Sources des matières non résidentielles récupérées,48,2.10706752854929
2023,Alberta,Feuilles et résidus de jardin,Toutes les sources des matières récupérées,48,13.3156087671757
2023,Alberta,Feuilles et résidus de jardin,Sources des matières résidentielles récupérées,48,8.89520378700487
2023,Alberta,Feuilles et résidus de jardin,Sources des matières non résidentielles récupérées,48,4.42019167104661
2023,Alberta,Autres matières organiques,Toutes les sources des matières récupérées,48,13.4691913365779
2023,Alberta,Autres matières organiques,Sources des matières résidentielles récupérées,48,8.26572856157978
2023,Alberta,Autres matières organiques,Sources des matières non résidentielles récupérées,48,5.20346277499812
2023,Alberta,Autres matières,Toutes les sources des matières récupérées,48,0.798202742643395
2023,Alberta,Autres matières,Sources des matières résidentielles récupérées,48,0.401661080811735
2023,Alberta,Autres matières,Sources des matières non résidentielles récupérées,48,0.39654166183166
2023,Colombie-Britannique,Toutes les matières,Toutes les sources des matières récupérées,59,307.393195877448
2023,Colombie-Britannique,Toutes les matières,Sources des matières résidentielles récupérées,59,
2023,Colombie-Britannique,Toutes les matières,Sources des matières non résidentielles récupérées,59,
2023,Colombie-Britannique,Toutes les fibres cellulosiques,Toutes les sources des matières récupérées,59,100.081509853476
2023,Colombie-Britannique,Toutes les fibres cellulosiques,Sources des matières résidentielles récupérées,59,22.1551510036706
2023,Colombie-Britannique,Toutes les fibres cellulosiques,Sources des matières non résidentielles récupérées,59,77.9292614931524
2023,Colombie-Britannique,Verre,Toutes les sources des matières récupérées,59,17.3231569076471
2023,Colombie-Britannique,Verre,Sources des matières résidentielles récupérées,59,10.2789857511052
2023,Colombie-Britannique,Verre,Sources des matières non résidentielles récupérées,59,7.04435257175108
2023,Colombie-Britannique,Métaux ferreux,Toutes les sources des matières récupérées,59,15.3226913962204
2023,Colombie-Britannique,Métaux ferreux,Sources des matières résidentielles récupérées,59,3.4189510318625
2023,Colombie-Britannique,Métaux ferreux,Sources des matières non résidentielles récupérées,59,11.9044660251946
2023,Colombie-Britannique,Cuivre et aluminium,Toutes les sources des matières récupérées,59,2.82953301729594
2023,Colombie-Britannique,Cuivre et aluminium,Sources des matières résidentielles récupérées,59,0.449184057884514
2023,Colombie-Britannique,Cuivre et aluminium,Sources des matières non résidentielles récupérées,59,2.38016754420227
2023,Colombie-Britannique,Métaux mélangés,Toutes les sources des matières récupérées,59,8.80607566792091
2023,Colombie-Britannique,Métaux mélangés,Sources des matières résidentielles récupérées,59,2.77474562412909
2023,Colombie-Britannique,Métaux mélangés,Sources des matières non résidentielles récupérées,59,6.03205570462846
2023,Colombie-Britannique,Électroménagers,Toutes les sources des matières récupérées,59,5.16797506339101
2023,Colombie-Britannique,Électroménagers,Sources des matières résidentielles récupérées,59,3.53523818093518
2023,Colombie-Britannique,Électroménagers,Sources des matières non résidentielles récupérées,59,1.63328112808331
2023,Colombie-Britannique,Matériel électronique,Toutes les sources des matières récupérées,59,2.34007478297752
2023,Colombie-Britannique,Matériel électronique,Sources des matières résidentielles récupérées,59,
2023,Colombie-Britannique,Matériel électronique,Sources des matières non résidentielles récupérées,59,
2023,Colombie-Britannique,Matières plastiques,Toutes les sources des matières récupérées,59,11.2620747695528
2023,Colombie-Britannique,Matières plastiques,Sources des matières résidentielles récupérées,59,7.65753597871782
2023,Colombie-Britannique,Matières plastiques,Sources des matières non résidentielles récupérées,59,3.60526445167162
2023,Colombie-Britannique,Récipients triangulaires et aseptiques,Toutes les sources des matières récupérées,59,0.354666733911238
2023,Colombie-Britannique,Récipients triangulaires et aseptiques,Sources des matières résidentielles récupérées,59,0.295343960515343
2023,Colombie-Britannique,Récipients triangulaires et aseptiques,Sources des matières non résidentielles récupérées,59,0.0598670190233802
2023,Colombie-Britannique,Textiles,Toutes les sources des matières récupérées,59,0.105039406104658
2023,Colombie-Britannique,Textiles,Sources des matières résidentielles récupérées,59,0.105039406104658
2023,Colombie-Britannique,Textiles,Sources des matières non résidentielles récupérées,59,0.0
2023,Colombie-Britannique,Pneus,Toutes les sources des matières récupérées,59,9.43939616310461
2023,Colombie-Britannique,Pneus,Sources des matières résidentielles récupérées,59,
2023,Colombie-Britannique,Pneus,Sources des matières non résidentielles récupérées,59,
2023,Colombie-Britannique,"Déchets provenant de la construction, de la rénovation et de la démolition",Toutes les sources des matières récupérées,59,30.9492532677868
2023,Colombie-Britannique,"Déchets provenant de la construction, de la rénovation et de la démolition",Sources des matières résidentielles récupérées,59,2.39595066739934
2023,Colombie-Britannique,"Déchets provenant de la construction, de la rénovation et de la démolition",Sources des matières non résidentielles récupérées,59,28.5533026003875
2023,Colombie-Britannique,Toutes les matières organiques,Toutes les sources des matières récupérées,59,102.268107369503
2023,Colombie-Britannique,Toutes les matières organiques,Sources des matières résidentielles récupérées,59,77.3565336778287
2023,Colombie-Britannique,Toutes les matières organiques,Sources des matières non résidentielles récupérées,59,24.9117551068835
2023,Colombie-Britannique,Déchets de nourriture et matières organiques séparées à la source,Toutes les sources des matières récupérées,59,58.1052959272104
2023,Colombie-Britannique,Déchets de nourriture et matières organiques séparées à la source,Sources des matières résidentielles récupérées,59,49.9601158662658
2023,Colombie-Britannique,Déchets de nourriture et matières organiques séparées à la source,Sources des matières non résidentielles récupérées,59,8.14518006094463
2023,Colombie-Britannique,Feuilles et résidus de jardin,Toutes les sources des matières récupérées,59,28.7512265935829
2023,Colombie-Britannique,Feuilles et résidus de jardin,Sources des matières résidentielles récupérées,59,19.2902420205881
2023,Colombie-Britannique,Feuilles et résidus de jardin,Sources des matières non résidentielles récupérées,59,9.46116598820402
2023,Colombie-Britannique,Autres matières organiques,Toutes les sources des matières récupérées,59,15.4115848487097
2023,Colombie-Britannique,Autres matières organiques,Sources des matières résidentielles récupérées,59,8.10617579097485
2023,Colombie-Britannique,Autres matières organiques,Sources des matières non résidentielles récupérées,59,7.30540905773485
2023,Colombie-Britannique,Autres matières,Toutes les sources des matières récupérées,59,1.14346006334656
2023,Colombie-Britannique,Autres matières,Sources des matières résidentielles récupérées,59,0.854828465570205
2023,Colombie-Britannique,Autres matières,Sources des matières non résidentielles récupérées,59,0.288631597776357
2023,Territoires,Toutes les matières,Toutes les sources des matières récupérées,,
2023,Territoires,Toutes les matières,Sources des matières résidentielles récupérées,,
2023,Territoires,Toutes les matières,Sources des matières non résidentielles récupérées,,
2023,Territoires,Toutes les fibres cellulosiques,Toutes les sources des matières récupérées,,
2023,Territoires,Toutes les fibres cellulosiques,Sources des matières résidentielles récupérées,,
2023,Territoires,Toutes les fibres cellulosiques,Sources des matières non résidentielles récupérées,,
2023,Territoires,Verre,Toutes les sources des matières récupérées,,6.64324984728161
2023,Territoires,Verre,Sources des matières résidentielles récupérées,,5.08552229688454
2023,Territoires,Verre,Sources des matières non résidentielles récupérées,,1.55772755039707
2023,Territoires,Métaux ferreux,Toutes les sources des matières récupérées,,45.6704337202199
2023,Territoires,Métaux ferreux,Sources des matières résidentielles récupérées,,
2023,Territoires,Métaux ferreux,Sources des matières non résidentielles récupérées,,
2023,Territoires,Cuivre et aluminium,Toutes les sources des matières récupérées,,4.42883323152108
2023,Territoires,Cuivre et aluminium,Sources des matières résidentielles récupérées,,
2023,Territoires,Cuivre et aluminium,Sources des matières non résidentielles récupérées,,
2023,Territoires,Métaux mélangés,Toutes les sources des matières récupérées,,6.26908979841173
2023,Territoires,Métaux mélangés,Sources des matières résidentielles récupérées,,
2023,Territoires,Métaux mélangés,Sources des matières non résidentielles récupérées,,
2023,Territoires,Électroménagers,Toutes les sources des matières récupérées,,0.923946243127673
2023,Territoires,Électroménagers,Sources des matières résidentielles récupérées,,
2023,Territoires,Électroménagers,Sources des matières non résidentielles récupérées,,
2023,Territoires,Matériel électronique,Toutes les sources des matières récupérées,,
2023,Territoires,Matériel électronique,Sources des matières résidentielles récupérées,,
2023,Territoires,Matériel électronique,Sources des matières non résidentielles récupérées,,
2023,Territoires,Matières plastiques,Toutes les sources des matières récupérées,,
2023,Territoires,Matières plastiques,Sources des matières résidentielles récupérées,,
2023,Territoires,Matières plastiques,Sources des matières non résidentielles récupérées,,
2023,Territoires,Récipients triangulaires et aseptiques,Toutes les sources des matières récupérées,,1.4431887599267
2023,Territoires,Récipients triangulaires et aseptiques,Sources des matières résidentielles récupérées,,1.34392180818571
2023,Territoires,Récipients triangulaires et aseptiques,Sources des matières non résidentielles récupérées,,0.106902871105681
2023,Territoires,Textiles,Toutes les sources des matières récupérées,,
2023,Territoires,Textiles,Sources des matières résidentielles récupérées,,
2023,Territoires,Textiles,Sources des matières non résidentielles récupérées,,
2023,Territoires,Pneus,Toutes les sources des matières récupérées,,6.16982284667074
2023,Territoires,Pneus,Sources des matières résidentielles récupérées,,
2023,Territoires,Pneus,Sources des matières non résidentielles récupérées,,
2023,Territoires,"Déchets provenant de la construction, de la rénovation et de la démolition",Toutes les sources des matières récupérées,,
2023,Territoires,"Déchets provenant de la construction, de la rénovation et de la démolition",Sources des matières résidentielles récupérées,,
2023,Territoires,"Déchets provenant de la construction, de la rénovation et de la démolition",Sources des matières non résidentielles récupérées,,
2023,Territoires,Toutes les matières organiques,Toutes les sources des matières récupérées,,
2023,Territoires,Toutes les matières organiques,Sources des matières résidentielles récupérées,,
2023,Territoires,Toutes les matières organiques,Sources des matières non résidentielles récupérées,,
2023,Territoires,Déchets de nourriture et matières organiques séparées à la source,Toutes les sources des matières récupérées,,
2023,Territoires,Déchets de nourriture et matières organiques séparées à la source,Sources des matières résidentielles récupérées,,
2023,Territoires,Déchets de nourriture et matières organiques séparées à la source,Sources des matières non résidentielles récupérées,,
2023,Territoires,Feuilles et résidus de jardin,Toutes les sources des matières récupérées,,
2023,Territoires,Feuilles et résidus de jardin,Sources des matières résidentielles récupérées,,
2023,Territoires,Feuilles et résidus de jardin,Sources des matières non résidentielles récupérées,,
2023,Territoires,Autres matières organiques,Toutes les sources des matières récupérées,,
2023,Territoires,Autres matières organiques,Sources des matières résidentielles récupérées,,
2023,Territoires,Autres matières organiques,Sources des matières non résidentielles récupérées,,
2023,Territoires,Autres matières,Toutes les sources des matières récupérées,,0.0
2023,Territoires,Autres matières,Sources des matières résidentielles récupérées,,0.0
2023,Territoires,Autres matières,Sources des matières non résidentielles récupérées,,0.0
2024,Canada,Toutes les matières,Sources des matières résidentielles récupérées,,
2024,Canada,Toutes les matières,Sources des matières non résidentielles récupérées,,
2024,Canada,Toutes les fibres cellulosiques,Toutes les sources des matières récupérées,,70.0727721404723
2024,Canada,Toutes les fibres cellulosiques,Sources des matières résidentielles récupérées,,28.9999952141013
2024,Canada,Toutes les fibres cellulosiques,Sources des matières non résidentielles récupérées,,41.0739916214705
2024,Canada,Verre,Toutes les sources des matières récupérées,,9.55406283564303
2024,Canada,Verre,Sources des matières résidentielles récupérées,,6.77578791015425
2024,Canada,Verre,Sources des matières non résidentielles récupérées,,2.77856645231266
2024,Canada,Métaux ferreux,Toutes les sources des matières récupérées,,9.67944366381389
2024,Canada,Métaux ferreux,Sources des matières résidentielles récupérées,,3.20047864817457
2024,Canada,Métaux ferreux,Sources des matières non résidentielles récupérées,,6.47942659977713
2024,Canada,Cuivre et aluminium,Toutes les sources des matières récupérées,,2.39812394714784
2024,Canada,Cuivre et aluminium,Sources des matières résidentielles récupérées,,1.16926550278307
2024,Canada,Cuivre et aluminium,Sources des matières non résidentielles récupérées,,1.22890703216875
2024,Canada,Métaux mélangés,Toutes les sources des matières récupérées,,2.87520759442924
2024,Canada,Métaux mélangés,Sources des matières résidentielles récupérées,,1.42457011879694
2024,Canada,Métaux mélangés,Sources des matières non résidentielles récupérées,,1.45100188416216
2024,Canada,Électroménagers,Toutes les sources des matières récupérées,,1.86929428862754
2024,Canada,Électroménagers,Sources des matières résidentielles récupérées,,1.24537829771803
2024,Canada,Électroménagers,Sources des matières non résidentielles récupérées,,0.624061754321454
2024,Canada,Matériel électronique,Toutes les sources des matières récupérées,,2.21813042730326
2024,Canada,Matériel électronique,Sources des matières résidentielles récupérées,,
2024,Canada,Matériel électronique,Sources des matières non résidentielles récupérées,,
2024,Canada,Matières plastiques,Toutes les sources des matières récupérées,,7.33816744732286
2024,Canada,Matières plastiques,Sources des matières résidentielles récupérées,,5.71387716026539
2024,Canada,Matières plastiques,Sources des matières non résidentielles récupérées,,1.62484904680325
2024,Canada,Récipients triangulaires et aseptiques,Toutes les sources des matières récupérées,,0.722379175675352
2024,Canada,Récipients triangulaires et aseptiques,Sources des matières résidentielles récupérées,,0.532279392602891
2024,Canada,Récipients triangulaires et aseptiques,Sources des matières non résidentielles récupérées,,0.190148370876441
2024,Canada,Textiles,Toutes les sources des matières récupérées,,0.249304022222312
2024,Canada,Textiles,Sources des matières résidentielles récupérées,,0.205259177914278
2024,Canada,Textiles,Sources des matières non résidentielles récupérées,,0.0440448443080347
2024,Canada,Pneus,Toutes les sources des matières récupérées,,10.1586651744704
2024,Canada,Pneus,Sources des matières résidentielles récupérées,,
2024,Canada,Pneus,Sources des matières non résidentielles récupérées,,
2024,Canada,"Déchets provenant de la construction, de la rénovation et de la démolition",Toutes les sources des matières récupérées,,15.4958653843795
2024,Canada,"Déchets provenant de la construction, de la rénovation et de la démolition",Sources des matières résidentielles récupérées,,1.8566371656907
2024,Canada,"Déchets provenant de la construction, de la rénovation et de la démolition",Sources des matières non résidentielles récupérées,,13.6396655089246
2024,Canada,Toutes les matières organiques,Toutes les sources des matières récupérées,,75.5510470392378
2024,Canada,Toutes les matières organiques,Sources des matières résidentielles récupérées,,60.4031675069644
2024,Canada,Toutes les matières organiques,Sources des matières non résidentielles récupérées,,15.1483897042152
2024,Canada,Déchets de nourriture et matières organiques séparées à la source,Toutes les sources des matières récupérées,,41.5175739779076
2024,Canada,Déchets de nourriture et matières organiques séparées à la source,Sources des matières résidentielles récupérées,,34.8794596103312
2024,Canada,Déchets de nourriture et matières organiques séparées à la source,Sources des matières non résidentielles récupérées,,6.63833301269432
2024,Canada,Feuilles et résidus de jardin,Toutes les sources des matières récupérées,,26.1211678282755
2024,Canada,Feuilles et résidus de jardin,Sources des matières résidentielles récupérées,,23.3862818117411
2024,Canada,Feuilles et résidus de jardin,Sources des matières non résidentielles récupérées,,2.73512895555438
2024,Canada,Autres matières organiques,Toutes les sources des matières récupérées,,7.91230523305468
2024,Canada,Autres matières organiques,Sources des matières résidentielles récupérées,,2.13742608489217
2024,Canada,Autres matières organiques,Sources des matières non résidentielles récupérées,,5.77492773596649
2024,Canada,Autres matières,Toutes les sources des matières récupérées,,0.594763308521404
2024,Canada,Autres matières,Sources des matières résidentielles récupérées,,0.245174058883997
2024,Canada,Autres matières,Sources des matières non résidentielles récupérées,,0.350706769128952
2024,Terre-Neuve-et-Labrador,Toutes les matières,Toutes les sources des matières récupérées,10,90.2087766933294
2024,Terre-Neuve-et-Labrador,Toutes les matières,Sources des matières résidentielles récupérées,10,
2024,Terre-Neuve-et-Labrador,Toutes les matières,Sources des matières non résidentielles récupérées,10,
2024,Terre-Neuve-et-Labrador,Toutes les fibres cellulosiques,Toutes les sources des matières récupérées,10,45.9051882292508
2024,Terre-Neuve-et-Labrador,Toutes les fibres cellulosiques,Sources des matières résidentielles récupérées,10,18.2890584868276
2024,Terre-Neuve-et-Labrador,Toutes les fibres cellulosiques,Sources des matières non résidentielles récupérées,10,27.6197989285976
2024,Terre-Neuve-et-Labrador,Verre,Toutes les sources des matières récupérées,10,
2024,Terre-Neuve-et-Labrador,Verre,Sources des matières résidentielles récupérées,10,
2024,Terre-Neuve-et-Labrador,Verre,Sources des matières non résidentielles récupérées,10,
2024,Terre-Neuve-et-Labrador,Métaux ferreux,Toutes les sources des matières récupérées,10,1.81991634255522
2024,Terre-Neuve-et-Labrador,Métaux ferreux,Sources des matières résidentielles récupérées,10,
2024,Terre-Neuve-et-Labrador,Métaux ferreux,Sources des matières non résidentielles récupérées,10,
2024,Terre-Neuve-et-Labrador,Cuivre et aluminium,Toutes les sources des matières récupérées,10,0.599911939531812
2024,Terre-Neuve-et-Labrador,Cuivre et aluminium,Sources des matières résidentielles récupérées,10,0.317384604094812
2024,Terre-Neuve-et-Labrador,Cuivre et aluminium,Sources des matières non résidentielles récupérées,10,0.28803111469876
2024,Terre-Neuve-et-Labrador,Métaux mélangés,Toutes les sources des matières récupérées,10,
2024,Terre-Neuve-et-Labrador,Métaux mélangés,Sources des matières résidentielles récupérées,10,
2024,Terre-Neuve-et-Labrador,Métaux mélangés,Sources des matières non résidentielles récupérées,10,
2024,Terre-Neuve-et-Labrador,Électroménagers,Toutes les sources des matières récupérées,10,
2024,Terre-Neuve-et-Labrador,Électroménagers,Sources des matières résidentielles récupérées,10,
2024,Terre-Neuve-et-Labrador,Électroménagers,Sources des matières non résidentielles récupérées,10,
2024,Terre-Neuve-et-Labrador,Matériel électronique,Toutes les sources des matières récupérées,10,1.29705731268805
2024,Terre-Neuve-et-Labrador,Matériel électronique,Sources des matières résidentielles récupérées,10,
2024,Terre-Neuve-et-Labrador,Matériel électronique,Sources des matières non résidentielles récupérées,10,
2024,Terre-Neuve-et-Labrador,Matières plastiques,Toutes les sources des matières récupérées,10,6.07984149115726
2024,Terre-Neuve-et-Labrador,Matières plastiques,Sources des matières résidentielles récupérées,10,3.91869083437294
2024,Terre-Neuve-et-Labrador,Matières plastiques,Sources des matières non résidentielles récupérées,10,2.16298524987158
2024,Terre-Neuve-et-Labrador,Récipients triangulaires et aseptiques,Toutes les sources des matières récupérées,10,1.54839656564174
2024,Terre-Neuve-et-Labrador,Récipients triangulaires et aseptiques,Sources des matières résidentielles récupérées,10,0.977838115505981
2024,Terre-Neuve-et-Labrador,Récipients triangulaires et aseptiques,Sources des matières non résidentielles récupérées,10,0.572393043223013
2024,Terre-Neuve-et-Labrador,Textiles,Toutes les sources des matières récupérées,10,0.0
2024,Terre-Neuve-et-Labrador,Textiles,Sources des matières résidentielles récupérées,10,0.0
2024,Terre-Neuve-et-Labrador,Textiles,Sources des matières non résidentielles récupérées,10,0.0
2024,Terre-Neuve-et-Labrador,Pneus,Toutes les sources des matières récupérées,10,12.8421516107727
2024,Terre-Neuve-et-Labrador,Pneus,Sources des matières résidentielles récupérées,10,
2024,Terre-Neuve-et-Labrador,Pneus,Sources des matières non résidentielles récupérées,10,
2024,Terre-Neuve-et-Labrador,"Déchets provenant de la construction, de la rénovation et de la démolition",Toutes les sources des matières récupérées,10,
2024,Terre-Neuve-et-Labrador,"Déchets provenant de la construction, de la rénovation et de la démolition",Sources des matières résidentielles récupérées,10,
2024,Terre-Neuve-et-Labrador,"Déchets provenant de la construction, de la rénovation et de la démolition",Sources des matières non résidentielles récupérées,10,
2024,Terre-Neuve-et-Labrador,Toutes les matières organiques,Toutes les sources des matières récupérées,10,
2024,Terre-Neuve-et-Labrador,Toutes les matières organiques,Sources des matières résidentielles récupérées,10,
2024,Terre-Neuve-et-Labrador,Toutes les matières organiques,Sources des matières non résidentielles récupérées,10,
2024,Terre-Neuve-et-Labrador,Déchets de nourriture et matières organiques séparées à la source,Toutes les sources des matières récupérées,10,
2024,Terre-Neuve-et-Labrador,Déchets de nourriture et matières organiques séparées à la source,Sources des matières résidentielles récupérées,10,
2024,Terre-Neuve-et-Labrador,Déchets de nourriture et matières organiques séparées à la source,Sources des matières non résidentielles récupérées,10,
2024,Terre-Neuve-et-Labrador,Feuilles et résidus de jardin,Toutes les sources des matières récupérées,10,
2024,Terre-Neuve-et-Labrador,Feuilles et résidus de jardin,Sources des matières résidentielles récupérées,10,
2024,Terre-Neuve-et-Labrador,Feuilles et résidus de jardin,Sources des matières non résidentielles récupérées,10,
2024,Terre-Neuve-et-Labrador,Autres matières organiques,Toutes les sources des matières récupérées,10,0.0
2024,Terre-Neuve-et-Labrador,Autres matières organiques,Sources des matières résidentielles récupérées,10,0.0
2024,Terre-Neuve-et-Labrador,Autres matières organiques,Sources des matières non résidentielles récupérées,10,0.0
2024,Terre-Neuve-et-Labrador,Autres matières,Toutes les sources des matières récupérées,10,0.0
2024,Terre-Neuve-et-Labrador,Autres matières,Sources des matières résidentielles récupérées,10,0.0
2024,Terre-Neuve-et-Labrador,Autres matières,Sources des matières non résidentielles récupérées,10,0.0
2024,Île-du-Prince-Édouard,Toutes les matières,Toutes les sources des matières récupérées,11,312.066372596705
2024,Île-du-Prince-Édouard,Toutes les matières,Sources des matières résidentielles récupérées,11,
2024,Île-du-Prince-Édouard,Toutes les matières,Sources des matières non résidentielles récupérées,11,
2024,Île-du-Prince-Édouard,Toutes les fibres cellulosiques,Toutes les sources des matières récupérées,11,74.9710682119316
2024,Île-du-Prince-Édouard,Toutes les fibres cellulosiques,Sources des matières résidentielles récupérées,11,16.2465267877609
2024,Île-du-Prince-Édouard,Toutes les fibres cellulosiques,Sources des matières non résidentielles récupérées,11,58.7245414241708
2024,Île-du-Prince-Édouard,Verre,Toutes les sources des matières récupérées,11,2.49344492337968
2024,Île-du-Prince-Édouard,Verre,Sources des matières résidentielles récupérées,11,0.749151613750846
2024,Île-du-Prince-Édouard,Verre,Sources des matières non résidentielles récupérées,11,1.74429330962883
2024,Île-du-Prince-Édouard,Métaux ferreux,Toutes les sources des matières récupérées,11,43.0091295864571
2024,Île-du-Prince-Édouard,Métaux ferreux,Sources des matières résidentielles récupérées,11,12.9032979443056
2024,Île-du-Prince-Édouard,Métaux ferreux,Sources des matières non résidentielles récupérées,11,30.1058316421515
2024,Île-du-Prince-Édouard,Cuivre et aluminium,Toutes les sources des matières récupérées,11,7.46356271908492
2024,Île-du-Prince-Édouard,Cuivre et aluminium,Sources des matières résidentielles récupérées,11,2.83447662814686
2024,Île-du-Prince-Édouard,Cuivre et aluminium,Sources des matières non résidentielles récupérées,11,4.62908609093806
2024,Île-du-Prince-Édouard,Métaux mélangés,Toutes les sources des matières récupérées,11,9.20226534502904
2024,Île-du-Prince-Édouard,Métaux mélangés,Sources des matières résidentielles récupérées,11,1.83933493226887
2024,Île-du-Prince-Édouard,Métaux mélangés,Sources des matières non résidentielles récupérées,11,7.36293041276018
2024,Île-du-Prince-Édouard,Électroménagers,Toutes les sources des matières récupérées,11,31.1848335933001
2024,Île-du-Prince-Édouard,Électroménagers,Sources des matières résidentielles récupérées,11,11.8522494115805
2024,Île-du-Prince-Édouard,Électroménagers,Sources des matières non résidentielles récupérées,11,19.3325841817196
2024,Île-du-Prince-Édouard,Matériel électronique,Toutes les sources des matières récupérées,11,2.55494244391147
2024,Île-du-Prince-Édouard,Matériel électronique,Sources des matières résidentielles récupérées,11,
2024,Île-du-Prince-Édouard,Matériel électronique,Sources des matières non résidentielles récupérées,11,
2024,Île-du-Prince-Édouard,Matières plastiques,Toutes les sources des matières récupérées,11,4.40545874354975
2024,Île-du-Prince-Édouard,Matières plastiques,Sources des matières résidentielles récupérées,11,0.883328022183833
2024,Île-du-Prince-Édouard,Matières plastiques,Sources des matières non résidentielles récupérées,11,3.52213072136592
2024,Île-du-Prince-Édouard,Récipients triangulaires et aseptiques,Toutes les sources des matières récupérées,11,1.24672246168984
2024,Île-du-Prince-Édouard,Récipients triangulaires et aseptiques,Sources des matières résidentielles récupérées,11,0.995141695877989
2024,Île-du-Prince-Édouard,Récipients triangulaires et aseptiques,Sources des matières non résidentielles récupérées,11,0.251580765811851
2024,Île-du-Prince-Édouard,Textiles,Toutes les sources des matières récupérées,11,0.0
2024,Île-du-Prince-Édouard,Textiles,Sources des matières résidentielles récupérées,11,0.0
2024,Île-du-Prince-Édouard,Textiles,Sources des matières non résidentielles récupérées,11,0.0
2024,Île-du-Prince-Édouard,Pneus,Toutes les sources des matières récupérées,11,16.7720510541234
2024,Île-du-Prince-Édouard,Pneus,Sources des matières résidentielles récupérées,11,
2024,Île-du-Prince-Édouard,Pneus,Sources des matières non résidentielles récupérées,11,
2024,Île-du-Prince-Édouard,"Déchets provenant de la construction, de la rénovation et de la démolition",Toutes les sources des matières récupérées,11,0.0
2024,Île-du-Prince-Édouard,"Déchets provenant de la construction, de la rénovation et de la démolition",Sources des matières résidentielles récupérées,11,0.0
2024,Île-du-Prince-Édouard,"Déchets provenant de la construction, de la rénovation et de la démolition",Sources des matières non résidentielles récupérées,11,0.0
2024,Île-du-Prince-Édouard,Toutes les matières organiques,Toutes les sources des matières récupérées,11,118.762893514248
2024,Île-du-Prince-Édouard,Toutes les matières organiques,Sources des matières résidentielles récupérées,11,93.6327703514863
2024,Île-du-Prince-Édouard,Toutes les matières organiques,Sources des matières non résidentielles récupérées,11,25.1301231627616
2024,Île-du-Prince-Édouard,Déchets de nourriture et matières organiques séparées à la source,Toutes les sources des matières récupérées,11,111.282558744109
2024,Île-du-Prince-Édouard,Déchets de nourriture et matières organiques séparées à la source,Sources des matières résidentielles récupérées,11,86.9015871950981
2024,Île-du-Prince-Édouard,Déchets de nourriture et matières organiques séparées à la source,Sources des matières non résidentielles récupérées,11,24.3809715490107
2024,Île-du-Prince-Édouard,Feuilles et résidus de jardin,Toutes les sources des matières récupérées,11,7.48033477013904
2024,Île-du-Prince-Édouard,Feuilles et résidus de jardin,Sources des matières résidentielles récupérées,11,6.7311831563882
2024,Île-du-Prince-Édouard,Feuilles et résidus de jardin,Sources des matières non résidentielles récupérées,11,0.749151613750846
2024,Île-du-Prince-Édouard,Autres matières organiques,Toutes les sources des matières récupérées,11,0.0
2024,Île-du-Prince-Édouard,Autres matières organiques,Sources des matières résidentielles récupérées,11,0.0
2024,Île-du-Prince-Édouard,Autres matières organiques,Sources des matières non résidentielles récupérées,11,0.0
2024,Île-du-Prince-Édouard,Autres matières,Toutes les sources des matières récupérées,11,0.0
2024,Île-du-Prince-Édouard,Autres matières,Sources des matières résidentielles récupérées,11,0.0
2024,Île-du-Prince-Édouard,Autres matières,Sources des matières non résidentielles récupérées,11,0.0
2024,Nouvelle-Écosse,Toutes les matières,Toutes les sources des matières récupérées,12,289.93251936944
2024,Nouvelle-Écosse,Toutes les matières,Sources des matières résidentielles récupérées,12,
2024,Nouvelle-Écosse,Toutes les matières,Sources des matières non résidentielles récupérées,12,
2024,Nouvelle-Écosse,Toutes les fibres cellulosiques,Toutes les sources des matières récupérées,12,65.5385954031713
2024,Nouvelle-Écosse,Toutes les fibres cellulosiques,Sources des matières résidentielles récupérées,12,21.3984874711888
2024,Nouvelle-Écosse,Toutes les fibres cellulosiques,Sources des matières non résidentielles récupérées,12,44.1401079319825
2024,Nouvelle-Écosse,Verre,Toutes les sources des matières récupérées,12,4.07197933926373
2024,Nouvelle-Écosse,Verre,Sources des matières résidentielles récupérées,12,2.51501883718562
2024,Nouvelle-Écosse,Verre,Sources des matières non résidentielles récupérées,12,1.55788616230526
2024,Nouvelle-Écosse,Métaux ferreux,Toutes les sources des matières récupérées,12,4.65514528237265
2024,Nouvelle-Écosse,Métaux ferreux,Sources des matières résidentielles récupérées,12,2.81770973146597
2024,Nouvelle-Écosse,Métaux ferreux,Sources des matières non résidentielles récupérées,12,1.83743555090668
2024,Nouvelle-Écosse,Cuivre et aluminium,Toutes les sources des matières récupérées,12,1.36997713619239
2024,Nouvelle-Écosse,Cuivre et aluminium,Sources des matières résidentielles récupérées,12,1.27185715211375
2024,Nouvelle-Écosse,Cuivre et aluminium,Sources des matières non résidentielles récupérées,12,0.0990456443058011
2024,Nouvelle-Écosse,Métaux mélangés,Toutes les sources des matières récupérées,12,0.777554590811897
2024,Nouvelle-Écosse,Métaux mélangés,Sources des matières résidentielles récupérées,12,0.741453841952773
2024,Nouvelle-Écosse,Métaux mélangés,Sources des matières non résidentielles récupérées,12,0.0361007488591238
2024,Nouvelle-Écosse,Électroménagers,Toutes les sources des matières récupérées,12,
2024,Nouvelle-Écosse,Électroménagers,Sources des matières résidentielles récupérées,12,
2024,Nouvelle-Écosse,Électroménagers,Sources des matières non résidentielles récupérées,12,
2024,Nouvelle-Écosse,Matériel électronique,Toutes les sources des matières récupérées,12,2.01053401338505
2024,Nouvelle-Écosse,Matériel électronique,Sources des matières résidentielles récupérées,12,
2024,Nouvelle-Écosse,Matériel électronique,Sources des matières non résidentielles récupérées,12,
2024,Nouvelle-Écosse,Matières plastiques,Toutes les sources des matières récupérées,12,10.7145171293425
2024,Nouvelle-Écosse,Matières plastiques,Sources des matières résidentielles récupérées,12,8.54291823643213
2024,Nouvelle-Écosse,Matières plastiques,Sources des matières non résidentielles récupérées,12,2.17345021336468
2024,Nouvelle-Écosse,Récipients triangulaires et aseptiques,Toutes les sources des matières récupérées,12,1.615277096389
2024,Nouvelle-Écosse,Récipients triangulaires et aseptiques,Sources des matières résidentielles récupérées,12,1.42459108959465
2024,Nouvelle-Écosse,Récipients triangulaires et aseptiques,Sources des matières non résidentielles récupérées,12,0.190686006794346
2024,Nouvelle-Écosse,Textiles,Toutes les sources des matières récupérées,12,
2024,Nouvelle-Écosse,Textiles,Sources des matières résidentielles récupérées,12,
2024,Nouvelle-Écosse,Textiles,Sources des matières non résidentielles récupérées,12,
2024,Nouvelle-Écosse,Pneus,Toutes les sources des matières récupérées,12,2.87880330645833
2024,Nouvelle-Écosse,Pneus,Sources des matières résidentielles récupérées,12,
2024,Nouvelle-Écosse,Pneus,Sources des matières non résidentielles récupérées,12,
2024,Nouvelle-Écosse,"Déchets provenant de la construction, de la rénovation et de la démolition",Toutes les sources des matières récupérées,12,38.1908896520443
2024,Nouvelle-Écosse,"Déchets provenant de la construction, de la rénovation et de la démolition",Sources des matières résidentielles récupérées,12,4.35800834945525
2024,Nouvelle-Écosse,"Déchets provenant de la construction, de la rénovation et de la démolition",Sources des matières non résidentielles récupérées,12,33.8338069628162
2024,Nouvelle-Écosse,Toutes les matières organiques,Toutes les sources des matières récupérées,12,157.185437513306
2024,Nouvelle-Écosse,Toutes les matières organiques,Sources des matières résidentielles récupérées,12,114.058001869834
2024,Nouvelle-Écosse,Toutes les matières organiques,Sources des matières non résidentielles récupérées,12,43.1274356434727
2024,Nouvelle-Écosse,Déchets de nourriture et matières organiques séparées à la source,Toutes les sources des matières récupérées,12,116.894224805843
2024,Nouvelle-Écosse,Déchets de nourriture et matières organiques séparées à la source,Sources des matières résidentielles récupérées,12,91.9902620544103
2024,Nouvelle-Écosse,Déchets de nourriture et matières organiques séparées à la source,Sources des matières non résidentielles récupérées,12,24.9030370912053
2024,Nouvelle-Écosse,Feuilles et résidus de jardin,Toutes les sources des matières récupérées,12,15.8528570502911
2024,Nouvelle-Écosse,Feuilles et résidus de jardin,Sources des matières résidentielles récupérées,12,12.8111375438532
2024,Nouvelle-Écosse,Feuilles et résidus de jardin,Sources des matières non résidentielles récupérées,12,3.04264516666512
2024,Nouvelle-Écosse,Autres matières organiques,Toutes les sources des matières récupérées,12,24.4383556571725
2024,Nouvelle-Écosse,Autres matières organiques,Sources des matières résidentielles récupérées,12,9.2566022715702
2024,Nouvelle-Écosse,Autres matières organiques,Sources des matières non résidentielles récupérées,12,15.1817533856023
2024,Nouvelle-Écosse,Autres matières,Toutes les sources des matières récupérées,12,0.0
2024,Nouvelle-Écosse,Autres matières,Sources des matières résidentielles récupérées,12,0.0
2024,Nouvelle-Écosse,Autres matières,Sources des matières non résidentielles récupérées,12,0.0
2024,Nouveau-Brunswick,Toutes les matières,Toutes les sources des matières récupérées,13,218.627860471303
2024,Nouveau-Brunswick,Toutes les matières,Sources des matières résidentielles récupérées,13,
2024,Nouveau-Brunswick,Toutes les matières,Sources des matières non résidentielles récupérées,13,
2024,Nouveau-Brunswick,Toutes les fibres cellulosiques,Toutes les sources des matières récupérées,13,35.732703001001
2024,Nouveau-Brunswick,Toutes les fibres cellulosiques,Sources des matières résidentielles récupérées,13,19.380152465133
2024,Nouveau-Brunswick,Toutes les fibres cellulosiques,Sources des matières non résidentielles récupérées,13,16.3560506537053
2024,Nouveau-Brunswick,Verre,Toutes les sources des matières récupérées,13,2.98093369143428
2024,Nouveau-Brunswick,Verre,Sources des matières résidentielles récupérées,13,1.85506245376928
2024,Nouveau-Brunswick,Verre,Sources des matières non résidentielles récupérées,13,1.125871237665
2024,Nouveau-Brunswick,Métaux ferreux,Toutes les sources des matières récupérées,13,2.09423717265148
2024,Nouveau-Brunswick,Métaux ferreux,Sources des matières résidentielles récupérées,13,1.05353546902746
2024,Nouveau-Brunswick,Métaux ferreux,Sources des matières non résidentielles récupérées,13,1.04070170362402
2024,Nouveau-Brunswick,Cuivre et aluminium,Toutes les sources des matières récupérées,13,5.69352501534218
2024,Nouveau-Brunswick,Cuivre et aluminium,Sources des matières résidentielles récupérées,13,5.02150239058048
2024,Nouveau-Brunswick,Cuivre et aluminium,Sources des matières non résidentielles récupérées,13,0.6720226247617
2024,Nouveau-Brunswick,Métaux mélangés,Toutes les sources des matières récupérées,13,1.95073234132216
2024,Nouveau-Brunswick,Métaux mélangés,Sources des matières résidentielles récupérées,13,1.48171655112389
2024,Nouveau-Brunswick,Métaux mélangés,Sources des matières non résidentielles récupérées,13,0.46901579019827
2024,Nouveau-Brunswick,Électroménagers,Toutes les sources des matières récupérées,13,0.215840599966866
2024,Nouveau-Brunswick,Électroménagers,Sources des matières résidentielles récupérées,13,0.212340482129565
2024,Nouveau-Brunswick,Électroménagers,Sources des matières non résidentielles récupérées,13,0.0035001178373005
2024,Nouveau-Brunswick,Matériel électronique,Toutes les sources des matières récupérées,13,1.11770429604463
2024,Nouveau-Brunswick,Matériel électronique,Sources des matières résidentielles récupérées,13,
2024,Nouveau-Brunswick,Matériel électronique,Sources des matières non résidentielles récupérées,13,
2024,Nouveau-Brunswick,Matières plastiques,Toutes les sources des matières récupérées,13,6.03886997528917
2024,Nouveau-Brunswick,Matières plastiques,Sources des matières résidentielles récupérées,13,4.30164482204234
2024,Nouveau-Brunswick,Matières plastiques,Sources des matières non résidentielles récupérées,13,1.73605844730106
2024,Nouveau-Brunswick,Récipients triangulaires et aseptiques,Toutes les sources des matières récupérées,13,0.604353679907224
2024,Nouveau-Brunswick,Récipients triangulaires et aseptiques,Sources des matières résidentielles récupérées,13,0.542518264781581
2024,Nouveau-Brunswick,Récipients triangulaires et aseptiques,Sources des matières non résidentielles récupérées,13,0.0618354151256426
2024,Nouveau-Brunswick,Textiles,Toutes les sources des matières récupérées,13,0.0
2024,Nouveau-Brunswick,Textiles,Sources des matières résidentielles récupérées,13,0.0
2024,Nouveau-Brunswick,Textiles,Sources des matières non résidentielles récupérées,13,0.0
2024,Nouveau-Brunswick,Pneus,Toutes les sources des matières récupérées,13,17.5005891865026
2024,Nouveau-Brunswick,Pneus,Sources des matières résidentielles récupérées,13,
2024,Nouveau-Brunswick,Pneus,Sources des matières non résidentielles récupérées,13,
2024,Nouveau-Brunswick,"Déchets provenant de la construction, de la rénovation et de la démolition",Toutes les sources des matières récupérées,13,34.8098385978995
2024,Nouveau-Brunswick,"Déchets provenant de la construction, de la rénovation et de la démolition",Sources des matières résidentielles récupérées,13,11.4313848566235
2024,Nouveau-Brunswick,"Déchets provenant de la construction, de la rénovation et de la démolition",Sources des matières non résidentielles récupérées,13,23.378453741276
2024,Nouveau-Brunswick,Toutes les matières organiques,Toutes les sources des matières récupérées,13,109.888532913941
2024,Nouveau-Brunswick,Toutes les matières organiques,Sources des matières résidentielles récupérées,13,47.6167697645821
2024,Nouveau-Brunswick,Toutes les matières organiques,Sources des matières non résidentielles récupérées,13,62.2729298553051
2024,Nouveau-Brunswick,Déchets de nourriture et matières organiques séparées à la source,Toutes les sources des matières récupérées,13,
2024,Nouveau-Brunswick,Déchets de nourriture et matières organiques séparées à la source,Sources des matières résidentielles récupérées,13,
2024,Nouveau-Brunswick,Déchets de nourriture et matières organiques séparées à la source,Sources des matières non résidentielles récupérées,13,
2024,Nouveau-Brunswick,Feuilles et résidus de jardin,Toutes les sources des matières récupérées,13,11.2727128479992
2024,Nouveau-Brunswick,Feuilles et résidus de jardin,Sources des matières résidentielles récupérées,13,10.4175173897521
2024,Nouveau-Brunswick,Feuilles et résidus de jardin,Sources des matières non résidentielles récupérées,13,0.855195458247094
2024,Nouveau-Brunswick,Autres matières organiques,Toutes les sources des matières récupérées,13,
2024,Nouveau-Brunswick,Autres matières organiques,Sources des matières résidentielles récupérées,13,
2024,Nouveau-Brunswick,Autres matières organiques,Sources des matières non résidentielles récupérées,13,
2024,Nouveau-Brunswick,Autres matières,Toutes les sources des matières récupérées,13,0.0
2024,Nouveau-Brunswick,Autres matières,Sources des matières résidentielles récupérées,13,0.0
2024,Nouveau-Brunswick,Autres matières,Sources des matières non résidentielles récupérées,13,0.0
2024,Québec,Toutes les matières,Toutes les sources des matières récupérées,24,185.632941719237
2024,Québec,Toutes les matières,Sources des matières résidentielles récupérées,24,
2024,Québec,Toutes les matières,Sources des matières non résidentielles récupérées,24,
2024,Québec,Toutes les fibres cellulosiques,Toutes les sources des matières récupérées,24,70.1130176729555
2024,Québec,Toutes les fibres cellulosiques,Sources des matières résidentielles récupérées,24,25.2407175346392
2024,Québec,Toutes les fibres cellulosiques,Sources des matières non résidentielles récupérées,24,44.8723001383163
2024,Québec,Verre,Toutes les sources des matières récupérées,24,7.81446914780961
2024,Québec,Verre,Sources des matières résidentielles récupérées,24,4.45419842909042
2024,Québec,Verre,Sources des matières non résidentielles récupérées,24,3.36027071871919
2024,Québec,Métaux ferreux,Toutes les sources des matières récupérées,24,4.85008759437437
2024,Québec,Métaux ferreux,Sources des matières résidentielles récupérées,24,4.85008759437437
2024,Québec,Métaux ferreux,Sources des matières non résidentielles récupérées,24,
2024,Québec,Cuivre et aluminium,Toutes les sources des matières récupérées,24,0.684344965973126
2024,Québec,Cuivre et aluminium,Sources des matières résidentielles récupérées,24,0.684344965973126
2024,Québec,Cuivre et aluminium,Sources des matières non résidentielles récupérées,24,
2024,Québec,Métaux mélangés,Toutes les sources des matières récupérées,24,0.897096426844225
2024,Québec,Métaux mélangés,Sources des matières résidentielles récupérées,24,0.897096426844225
2024,Québec,Métaux mélangés,Sources des matières non résidentielles récupérées,24,
2024,Québec,Électroménagers,Toutes les sources des matières récupérées,24,1.15927836842007
2024,Québec,Électroménagers,Sources des matières résidentielles récupérées,24,1.13612174682866
2024,Québec,Électroménagers,Sources des matières non résidentielles récupérées,24,0.0231566215914121
2024,Québec,Matériel électronique,Toutes les sources des matières récupérées,24,2.15980028304517
2024,Québec,Matériel électronique,Sources des matières résidentielles récupérées,24,
2024,Québec,Matériel électronique,Sources des matières non résidentielles récupérées,24,
2024,Québec,Matières plastiques,Toutes les sources des matières récupérées,24,3.00590761042369
2024,Québec,Matières plastiques,Sources des matières résidentielles récupérées,24,1.23242212027371
2024,Québec,Matières plastiques,Sources des matières non résidentielles récupérées,24,1.77348549014997
2024,Québec,Récipients triangulaires et aseptiques,Toutes les sources des matières récupérées,24,0.656957807744821
2024,Québec,Récipients triangulaires et aseptiques,Sources des matières résidentielles récupérées,24,0.550860402088015
2024,Québec,Récipients triangulaires et aseptiques,Sources des matières non résidentielles récupérées,24,0.106208735568304
2024,Québec,Textiles,Toutes les sources des matières récupérées,24,0.667979468983041
2024,Québec,Textiles,Sources des matières résidentielles récupérées,24,0.500984601737281
2024,Québec,Textiles,Sources des matières non résidentielles récupérées,24,0.16699486724576
2024,Québec,Pneus,Toutes les sources des matières récupérées,24,12.1349603531919
2024,Québec,Pneus,Sources des matières résidentielles récupérées,24,
2024,Québec,Pneus,Sources des matières non résidentielles récupérées,24,
2024,Québec,"Déchets provenant de la construction, de la rénovation et de la démolition",Toutes les sources des matières récupérées,24,9.2403826542654
2024,Québec,"Déchets provenant de la construction, de la rénovation et de la démolition",Sources des matières résidentielles récupérées,24,0.0
2024,Québec,"Déchets provenant de la construction, de la rénovation et de la démolition",Sources des matières non résidentielles récupérées,24,9.2403826542654
2024,Québec,Toutes les matières organiques,Toutes les sources des matières récupérées,24,71.2913334562416
2024,Québec,Toutes les matières organiques,Sources des matières résidentielles récupérées,24,56.464638502871
2024,Québec,Toutes les matières organiques,Sources des matières non résidentielles récupérées,24,14.8270289431051
2024,Québec,Déchets de nourriture et matières organiques séparées à la source,Toutes les sources des matières récupérées,24,37.1924288535068
2024,Québec,Déchets de nourriture et matières organiques séparées à la source,Sources des matières résidentielles récupérées,24,32.0667997281769
2024,Québec,Déchets de nourriture et matières organiques séparées à la source,Sources des matières non résidentielles récupérées,24,5.12596311506436
2024,Québec,Feuilles et résidus de jardin,Toutes les sources des matières récupérées,24,26.6975807564912
2024,Québec,Feuilles et résidus de jardin,Sources des matières résidentielles récupérées,24,23.7269647280121
2024,Québec,Feuilles et résidus de jardin,Sources des matières non résidentielles récupérées,24,2.97061602847908
2024,Québec,Autres matières organiques,Toutes les sources des matières récupérées,24,7.4013238462436
2024,Québec,Autres matières organiques,Sources des matières résidentielles récupérées,24,0.670874046681968
2024,Québec,Autres matières organiques,Sources des matières non résidentielles récupérées,24,6.73044979956163
2024,Québec,Autres matières,Toutes les sources des matières récupérées,24,0.957325908964195
2024,Québec,Autres matières,Sources des matières résidentielles récupérées,24,0.0930718060116371
2024,Québec,Autres matières,Sources des matières non résidentielles récupérées,24,0.864254102952558
2024,Ontario,Toutes les matières,Toutes les sources des matières récupérées,35,195.203052660482
2024,Ontario,Toutes les matières,Sources des matières résidentielles récupérées,35,
2024,Ontario,Toutes les matières,Sources des matières non résidentielles récupérées,35,
2024,Ontario,Toutes les fibres cellulosiques,Toutes les sources des matières récupérées,35,70.8309286841225
2024,Ontario,Toutes les fibres cellulosiques,Sources des matières résidentielles récupérées,35,38.8083969293909
2024,Ontario,Toutes les fibres cellulosiques,Sources des matières non résidentielles récupérées,35,32.023401841028
2024,Ontario,Verre,Toutes les sources des matières récupérées,35,7.94761682741925
2024,Ontario,Verre,Sources des matières résidentielles récupérées,35,6.08967183949543
2024,Ontario,Verre,Sources des matières non résidentielles récupérées,35,1.85744779575445
2024,Ontario,Métaux ferreux,Toutes les sources des matières récupérées,35,8.4903642293105
2024,Ontario,Métaux ferreux,Sources des matières résidentielles récupérées,35,2.17602367827987
2024,Ontario,Métaux ferreux,Sources des matières non résidentielles récupérées,35,6.31477559417882
2024,Ontario,Cuivre et aluminium,Toutes les sources des matières récupérées,35,1.7950501784982
2024,Ontario,Cuivre et aluminium,Sources des matières résidentielles récupérées,35,0.792400019937406
2024,Ontario,Cuivre et aluminium,Sources des matières non résidentielles récupérées,35,1.00258800953963
2024,Ontario,Métaux mélangés,Toutes les sources des matières récupérées,35,1.88330178856182
2024,Ontario,Métaux mélangés,Sources des matières résidentielles récupérées,35,1.0974895648686
2024,Ontario,Métaux mélangés,Sources des matières non résidentielles récupérées,35,0.785936521735564
2024,Ontario,Électroménagers,Toutes les sources des matières récupérées,35,0.666734699128509
2024,Ontario,Électroménagers,Sources des matières résidentielles récupérées,35,0.479852592465624
2024,Ontario,Électroménagers,Sources des matières non résidentielles récupérées,35,0.187006404705228
2024,Ontario,Matériel électronique,Toutes les sources des matières récupérées,35,2.58017876295854
2024,Ontario,Matériel électronique,Sources des matières résidentielles récupérées,35,
2024,Ontario,Matériel électronique,Sources des matières non résidentielles récupérées,35,
2024,Ontario,Matières plastiques,Toutes les sources des matières récupérées,35,7.82847715383337
2024,Ontario,Matières plastiques,Sources des matières résidentielles récupérées,35,6.72707220063096
2024,Ontario,Matières plastiques,Sources des matières non résidentielles récupérées,35,1.10202644341412
2024,Ontario,Récipients triangulaires et aseptiques,Toutes les sources des matières récupérées,35,0.491785204530564
2024,Ontario,Récipients triangulaires et aseptiques,Sources des matières résidentielles récupérées,35,0.407448982800756
2024,Ontario,Récipients triangulaires et aseptiques,Sources des matières non résidentielles récupérées,35,0.0845226687933233
2024,Ontario,Textiles,Toutes les sources des matières récupérées,35,0.18389895364665
2024,Ontario,Textiles,Sources des matières résidentielles récupérées,35,0.183153165392591
2024,Ontario,Textiles,Sources des matières non résidentielles récupérées,35,0.0006836392328871
2024,Ontario,Pneus,Toutes les sources des matières récupérées,35,6.33920015949925
2024,Ontario,Pneus,Sources des matières résidentielles récupérées,35,
2024,Ontario,Pneus,Sources des matières non résidentielles récupérées,35,
2024,Ontario,"Déchets provenant de la construction, de la rénovation et de la démolition",Toutes les sources des matières récupérées,35,13.7087067919806
2024,Ontario,"Déchets provenant de la construction, de la rénovation et de la démolition",Sources des matières résidentielles récupérées,35,1.62724782133499
2024,Ontario,"Déchets provenant de la construction, de la rénovation et de la démolition",Sources des matières non résidentielles récupérées,35,12.081583268688
2024,Ontario,Toutes les matières organiques,Toutes les sources des matières récupérées,35,72.0697451231352
2024,Ontario,Toutes les matières organiques,Sources des matières résidentielles récupérées,35,63.0892737128658
2024,Ontario,Toutes les matières organiques,Sources des matières non résidentielles récupérées,35,8.98059570831177
2024,Ontario,Déchets de nourriture et matières organiques séparées à la source,Toutes les sources des matières récupérées,35,40.356342599711
2024,Ontario,Déchets de nourriture et matières organiques séparées à la source,Sources des matières résidentielles récupérées,35,32.9468119975951
2024,Ontario,Déchets de nourriture et matières organiques séparées à la source,Sources des matières non résidentielles récupérées,35,7.40959275113705
2024,Ontario,Feuilles et résidus de jardin,Toutes les sources des matières récupérées,35,30.744996475529
2024,Ontario,Feuilles et résidus de jardin,Sources des matières résidentielles récupérées,35,29.6713721347903
2024,Ontario,Feuilles et résidus de jardin,Sources des matières non résidentielles récupérées,35,1.07368648975989
2024,Ontario,Autres matières organiques,Toutes les sources des matières récupérées,35,0.968406047895268
2024,Ontario,Autres matières organiques,Sources des matières résidentielles récupérées,35,0.471089580480434
2024,Ontario,Autres matières organiques,Sources des matières non résidentielles récupérées,35,0.497316467414833
2024,Ontario,Autres matières,Toutes les sources des matières récupérées,35,0.387126252877655
2024,Ontario,Autres matières,Sources des matières résidentielles récupérées,35,0.273393544133698
2024,Ontario,Autres matières,Sources des matières non résidentielles récupérées,35,0.116964457844878
2024,Manitoba,Toutes les matières,Toutes les sources des matières récupérées,46,160.070244154217
2024,Manitoba,Toutes les matières,Sources des matières résidentielles récupérées,46,
2024,Manitoba,Toutes les matières,Sources des matières non résidentielles récupérées,46,
2024,Manitoba,Toutes les fibres cellulosiques,Toutes les sources des matières récupérées,46,59.298243963351
2024,Manitoba,Toutes les fibres cellulosiques,Sources des matières résidentielles récupérées,46,36.9561404157255
2024,Manitoba,Toutes les fibres cellulosiques,Sources des matières non résidentielles récupérées,46,22.3447918045798
2024,Manitoba,Verre,Toutes les sources des matières récupérées,46,8.53118344463837
2024,Manitoba,Verre,Sources des matières résidentielles récupérées,46,7.66959709076832
2024,Manitoba,Verre,Sources des matières non résidentielles récupérées,46,0.861586353870048
2024,Manitoba,Métaux ferreux,Toutes les sources des matières récupérées,46,18.4273293578493
2024,Manitoba,Métaux ferreux,Sources des matières résidentielles récupérées,46,1.81121312299515
2024,Manitoba,Métaux ferreux,Sources des matières non résidentielles récupérées,46,16.61813242757
2024,Manitoba,Cuivre et aluminium,Toutes les sources des matières récupérées,46,4.08346231366179
2024,Manitoba,Cuivre et aluminium,Sources des matières résidentielles récupérées,46,1.14788571950861
2024,Manitoba,Cuivre et aluminium,Sources des matières non résidentielles récupérées,46,2.93557659415318
2024,Manitoba,Métaux mélangés,Toutes les sources des matières récupérées,46,1.99132633893678
2024,Manitoba,Métaux mélangés,Sources des matières résidentielles récupérées,46,
2024,Manitoba,Métaux mélangés,Sources des matières non résidentielles récupérées,46,
2024,Manitoba,Électroménagers,Toutes les sources des matières récupérées,46,2.95439439283364
2024,Manitoba,Électroménagers,Sources des matières résidentielles récupérées,46,1.50206357324459
2024,Manitoba,Électroménagers,Sources des matières non résidentielles récupérées,46,1.45233081958906
2024,Manitoba,Matériel électronique,Toutes les sources des matières récupérées,46,1.7117476156841
2024,Manitoba,Matériel électronique,Sources des matières résidentielles récupérées,46,
2024,Manitoba,Matériel électronique,Sources des matières non résidentielles récupérées,46,
2024,Manitoba,Matières plastiques,Toutes les sources des matières récupérées,46,5.13389871857512
2024,Manitoba,Matières plastiques,Sources des matières résidentielles récupérées,46,4.25013424483166
2024,Manitoba,Matières plastiques,Sources des matières non résidentielles récupérées,46,0.885780666459223
2024,Manitoba,Récipients triangulaires et aseptiques,Toutes les sources des matières récupérées,46,1.32396655001872
2024,Manitoba,Récipients triangulaires et aseptiques,Sources des matières résidentielles récupérées,46,1.25810425463708
2024,Manitoba,Récipients triangulaires et aseptiques,Sources des matières non résidentielles récupérées,46,0.0665343596202299
2024,Manitoba,Textiles,Toutes les sources des matières récupérées,46,0.0
2024,Manitoba,Textiles,Sources des matières résidentielles récupérées,46,0.0
2024,Manitoba,Textiles,Sources des matières non résidentielles récupérées,46,0.0
2024,Manitoba,Pneus,Toutes les sources des matières récupérées,46,18.3823010538639
2024,Manitoba,Pneus,Sources des matières résidentielles récupérées,46,
2024,Manitoba,Pneus,Sources des matières non résidentielles récupérées,46,
2024,Manitoba,"Déchets provenant de la construction, de la rénovation et de la démolition",Toutes les sources des matières récupérées,46,1.02019351417686
2024,Manitoba,"Déchets provenant de la construction, de la rénovation et de la démolition",Sources des matières résidentielles récupérées,46,0.397189965005615
2024,Manitoba,"Déchets provenant de la construction, de la rénovation et de la démolition",Sources des matières non résidentielles récupérées,46,0.622331484932656
2024,Manitoba,Toutes les matières organiques,Toutes les sources des matières récupérées,46,36.7646021077279
2024,Manitoba,Toutes les matières organiques,Sources des matières résidentielles récupérées,46,19.9589637575918
2024,Manitoba,Toutes les matières organiques,Sources des matières non résidentielles récupérées,46,16.8063104143746
2024,Manitoba,Déchets de nourriture et matières organiques séparées à la source,Toutes les sources des matières récupérées,46,
2024,Manitoba,Déchets de nourriture et matières organiques séparées à la source,Sources des matières résidentielles récupérées,46,
2024,Manitoba,Déchets de nourriture et matières organiques séparées à la source,Sources des matières non résidentielles récupérées,46,
2024,Manitoba,Feuilles et résidus de jardin,Toutes les sources des matières récupérées,46,26.7152255481188
2024,Manitoba,Feuilles et résidus de jardin,Sources des matières résidentielles récupérées,46,19.7795226058888
2024,Manitoba,Feuilles et résidus de jardin,Sources des matières non résidentielles récupérées,46,6.93570294223003
2024,Manitoba,Autres matières organiques,Toutes les sources des matières récupérées,46,
2024,Manitoba,Autres matières organiques,Sources des matières résidentielles récupérées,46,
2024,Manitoba,Autres matières organiques,Sources des matières non résidentielles récupérées,46,
2024,Manitoba,Autres matières,Toutes les sources des matières récupérées,46,0.448266847138317
2024,Manitoba,Autres matières,Sources des matières résidentielles récupérées,46,0.238582804698804
2024,Manitoba,Autres matières,Sources des matières non résidentielles récupérées,46,0.209684042439513
2024,Saskatchewan,Toutes les matières,Toutes les sources des matières récupérées,47,141.08943491627
2024,Saskatchewan,Toutes les matières,Sources des matières résidentielles récupérées,47,
2024,Saskatchewan,Toutes les matières,Sources des matières non résidentielles récupérées,47,
2024,Saskatchewan,Toutes les fibres cellulosiques,Toutes les sources des matières récupérées,47,37.9859877481136
2024,Saskatchewan,Toutes les fibres cellulosiques,Sources des matières résidentielles récupérées,47,17.4928284382539
2024,Saskatchewan,Toutes les fibres cellulosiques,Sources des matières non résidentielles récupérées,47,20.4931593098597
2024,Saskatchewan,Verre,Toutes les sources des matières récupérées,47,7.64698890777034
2024,Saskatchewan,Verre,Sources des matières résidentielles récupérées,47,6.51142470743562
2024,Saskatchewan,Verre,Sources des matières non résidentielles récupérées,47,1.13636728675646
2024,Saskatchewan,Métaux ferreux,Toutes les sources des matières récupérées,47,35.0362513210772
2024,Saskatchewan,Métaux ferreux,Sources des matières résidentielles récupérées,47,3.40348025531724
2024,Saskatchewan,Métaux ferreux,Sources des matières non résidentielles récupérées,47,31.6319679793382
2024,Saskatchewan,Cuivre et aluminium,Toutes les sources des matières récupérées,47,6.08177347180685
2024,Saskatchewan,Cuivre et aluminium,Sources des matières résidentielles récupérées,47,3.40829877384765
2024,Saskatchewan,Cuivre et aluminium,Sources des matières non résidentielles récupérées,47,2.67267161153746
2024,Saskatchewan,Métaux mélangés,Toutes les sources des matières récupérées,47,1.1371703731782
2024,Saskatchewan,Métaux mélangés,Sources des matières résidentielles récupérées,47,0.709125310392902
2024,Saskatchewan,Métaux mélangés,Sources des matières non résidentielles récupérées,47,0.428045062785296
2024,Saskatchewan,Électroménagers,Toutes les sources des matières récupérées,47,1.6969216091282
2024,Saskatchewan,Électroménagers,Sources des matières résidentielles récupérées,47,0.909896915826906
2024,Saskatchewan,Électroménagers,Sources des matières non résidentielles récupérées,47,0.787024693301296
2024,Saskatchewan,Matériel électronique,Toutes les sources des matières récupérées,47,1.38853642318157
2024,Saskatchewan,Matériel électronique,Sources des matières résidentielles récupérées,47,
2024,Saskatchewan,Matériel électronique,Sources des matières non résidentielles récupérées,47,
2024,Saskatchewan,Matières plastiques,Toutes les sources des matières récupérées,47,5.2891271735534
2024,Saskatchewan,Matières plastiques,Sources des matières résidentielles récupérées,47,4.47158519622614
2024,Saskatchewan,Matières plastiques,Sources des matières non résidentielles récupérées,47,0.817541977327264
2024,Saskatchewan,Récipients triangulaires et aseptiques,Toutes les sources des matières récupérées,47,0.864924076209689
2024,Saskatchewan,Récipients triangulaires et aseptiques,Sources des matières résidentielles récupérées,47,0.825572841544624
2024,Saskatchewan,Récipients triangulaires et aseptiques,Sources des matières non résidentielles récupérées,47,0.0377450618215927
2024,Saskatchewan,Textiles,Toutes les sources des matières récupérées,47,
2024,Saskatchewan,Textiles,Sources des matières résidentielles récupérées,47,
2024,Saskatchewan,Textiles,Sources des matières non résidentielles récupérées,47,
2024,Saskatchewan,Pneus,Toutes les sources des matières récupérées,47,8.83395063909617
2024,Saskatchewan,Pneus,Sources des matières résidentielles récupérées,47,
2024,Saskatchewan,Pneus,Sources des matières non résidentielles récupérées,47,
2024,Saskatchewan,"Déchets provenant de la construction, de la rénovation et de la démolition",Toutes les sources des matières récupérées,47,
2024,Saskatchewan,"Déchets provenant de la construction, de la rénovation et de la démolition",Sources des matières résidentielles récupérées,47,
2024,Saskatchewan,"Déchets provenant de la construction, de la rénovation et de la démolition",Sources des matières non résidentielles récupérées,47,
2024,Saskatchewan,Toutes les matières organiques,Toutes les sources des matières récupérées,47,30.640959334916
2024,Saskatchewan,Toutes les matières organiques,Sources des matières résidentielles récupérées,47,22.867885858933
2024,Saskatchewan,Toutes les matières organiques,Sources des matières non résidentielles récupérées,47,7.7754827352481
2024,Saskatchewan,Déchets de nourriture et matières organiques séparées à la source,Toutes les sources des matières récupérées,47,7.34663458604107
2024,Saskatchewan,Déchets de nourriture et matières organiques séparées à la source,Sources des matières résidentielles récupérées,47,7.09687470888117
2024,Saskatchewan,Déchets de nourriture et matières organiques séparées à la source,Sources des matières non résidentielles récupérées,47,0.249759877159901
2024,Saskatchewan,Feuilles et résidus de jardin,Toutes les sources des matières récupérées,47,15.1108741113849
2024,Saskatchewan,Feuilles et résidus de jardin,Sources des matières résidentielles récupérées,47,13.306338921744
2024,Saskatchewan,Feuilles et résidus de jardin,Sources des matières non résidentielles récupérées,47,1.8061413624843
2024,Saskatchewan,Autres matières organiques,Toutes les sources des matières récupérées,47,8.18345063749
2024,Saskatchewan,Autres matières organiques,Sources des matières résidentielles récupérées,47,2.46467222830783
2024,Saskatchewan,Autres matières organiques,Sources des matières non résidentielles récupérées,47,5.7195814956039
2024,Saskatchewan,Autres matières,Toutes les sources des matières récupérées,47,1.05846790384807
2024,Saskatchewan,Autres matières,Sources des matières résidentielles récupérées,47,0.534855556876187
2024,Saskatchewan,Autres matières,Sources des matières non résidentielles récupérées,47,0.523612346971882
2024,Alberta,Toutes les matières,Toutes les sources des matières récupérées,48,197.719814884139
2024,Alberta,Toutes les matières,Sources des matières résidentielles récupérées,48,
2024,Alberta,Toutes les matières,Sources des matières non résidentielles récupérées,48,
2024,Alberta,Toutes les fibres cellulosiques,Toutes les sources des matières récupérées,48,48.1325718435797
2024,Alberta,Toutes les fibres cellulosiques,Sources des matières résidentielles récupérées,48,13.9946692997157
2024,Alberta,Toutes les fibres cellulosiques,Sources des matières non résidentielles récupérées,48,34.1403506266582
2024,Alberta,Verre,Toutes les sources des matières récupérées,48,11.0783906711725
2024,Alberta,Verre,Sources des matières résidentielles récupérées,48,8.55298926209684
2024,Alberta,Verre,Sources des matières non résidentielles récupérées,48,2.52723747117127
2024,Alberta,Métaux ferreux,Toutes les sources des matières récupérées,48,9.47204034440445
2024,Alberta,Métaux ferreux,Sources des matières résidentielles récupérées,48,0.502877007300387
2024,Alberta,Métaux ferreux,Sources des matières non résidentielles récupérées,48,8.9697753578026
2024,Alberta,Cuivre et aluminium,Toutes les sources des matières récupérées,48,5.05549497684012
2024,Alberta,Cuivre et aluminium,Sources des matières résidentielles récupérées,48,2.93627130469552
2024,Alberta,Cuivre et aluminium,Sources des matières non résidentielles récupérées,48,2.11922367214459
2024,Alberta,Métaux mélangés,Toutes les sources des matières récupérées,48,3.97854255430919
2024,Alberta,Métaux mélangés,Sources des matières résidentielles récupérées,48,1.7799601982539
2024,Alberta,Métaux mélangés,Sources des matières non résidentielles récupérées,48,2.20001040435188
2024,Alberta,Électroménagers,Toutes les sources des matières récupérées,48,4.13481183933641
2024,Alberta,Électroménagers,Sources des matières résidentielles récupérées,48,2.69778723916443
2024,Alberta,Électroménagers,Sources des matières non résidentielles récupérées,48,1.437432613971
2024,Alberta,Matériel électronique,Toutes les sources des matières récupérées,48,1.81280530907555
2024,Alberta,Matériel électronique,Sources des matières résidentielles récupérées,48,
2024,Alberta,Matériel électronique,Sources des matières non résidentielles récupérées,48,
2024,Alberta,Matières plastiques,Toutes les sources des matières récupérées,48,9.358204494476
2024,Alberta,Matières plastiques,Sources des matières résidentielles récupérées,48,5.91273196859518
2024,Alberta,Matières plastiques,Sources des matières non résidentielles récupérées,48,3.44628855347888
2024,Alberta,Récipients triangulaires et aseptiques,Toutes les sources des matières récupérées,48,1.35603386106518
2024,Alberta,Récipients triangulaires et aseptiques,Sources des matières résidentielles récupérées,48,0.724020486372849
2024,Alberta,Récipients triangulaires et aseptiques,Sources des matières non résidentielles récupérées,48,0.632013374692332
2024,Alberta,Textiles,Toutes les sources des matières récupérées,48,
2024,Alberta,Textiles,Sources des matières résidentielles récupérées,48,
2024,Alberta,Textiles,Sources des matières non résidentielles récupérées,48,
2024,Alberta,Pneus,Toutes les sources des matières récupérées,48,17.1206670209586
2024,Alberta,Pneus,Sources des matières résidentielles récupérées,48,
2024,Alberta,Pneus,Sources des matières non résidentielles récupérées,48,
2024,Alberta,"Déchets provenant de la construction, de la rénovation et de la démolition",Toutes les sources des matières récupérées,48,16.7416222016629
2024,Alberta,"Déchets provenant de la construction, de la rénovation et de la démolition",Sources des matières résidentielles récupérées,48,2.83896001362766
2024,Alberta,"Déchets provenant de la construction, de la rénovation et de la démolition",Sources des matières non résidentielles récupérées,48,13.9036822225328
2024,Alberta,Toutes les matières organiques,Toutes les sources des matières récupérées,48,68.9265870971756
2024,Alberta,Toutes les matières organiques,Sources des matières résidentielles récupérées,48,59.7750415919066
2024,Alberta,Toutes les matières organiques,Sources des matières non résidentielles récupérées,48,9.15195351906801
2024,Alberta,Déchets de nourriture et matières organiques séparées à la source,Toutes les sources des matières récupérées,48,41.722471053971
2024,Alberta,Déchets de nourriture et matières organiques séparées à la source,Sources des matières résidentielles récupérées,48,39.145659906218
2024,Alberta,Déchets de nourriture et matières organiques séparées à la source,Sources des matières non résidentielles récupérées,48,2.57681114775302
2024,Alberta,Feuilles et résidus de jardin,Toutes les sources des matières récupérées,48,14.8545583811645
2024,Alberta,Feuilles et résidus de jardin,Sources des matières résidentielles récupérées,48,13.5911436524783
2024,Alberta,Feuilles et résidus de jardin,Sources des matières non résidentielles récupérées,48,1.26382274248515
2024,Alberta,Autres matières organiques,Toutes les sources des matières récupérées,48,12.3495576620401
2024,Alberta,Autres matières organiques,Sources des matières résidentielles récupérées,48,7.03823803321028
2024,Alberta,Autres matières organiques,Sources des matières non résidentielles récupérées,48,5.31131962882985
2024,Alberta,Autres matières,Toutes les sources des matières récupérées,48,
2024,Alberta,Autres matières,Sources des matières résidentielles récupérées,48,
2024,Alberta,Autres matières,Sources des matières non résidentielles récupérées,48,
2024,Colombie-Britannique,Toutes les matières,Toutes les sources des matières récupérées,59,312.269126140509
2024,Colombie-Britannique,Toutes les matières,Sources des matières résidentielles récupérées,59,
2024,Colombie-Britannique,Toutes les matières,Sources des matières non résidentielles récupérées,59,
2024,Colombie-Britannique,Toutes les fibres cellulosiques,Toutes les sources des matières récupérées,59,105.717322486109
2024,Colombie-Britannique,Toutes les fibres cellulosiques,Sources des matières résidentielles récupérées,59,25.3638099344343
2024,Colombie-Britannique,Toutes les fibres cellulosiques,Sources des matières non résidentielles récupérées,59,80.3561631006475
2024,Colombie-Britannique,Verre,Toutes les sources des matières récupérées,59,18.9669750433144
2024,Colombie-Britannique,Verre,Sources des matières résidentielles récupérées,59,12.5969990484529
2024,Colombie-Britannique,Verre,Sources des matières non résidentielles récupérées,59,6.37156632424519
2024,Colombie-Britannique,Métaux ferreux,Toutes les sources des matières récupérées,59,13.7324942284296
2024,Colombie-Britannique,Métaux ferreux,Sources des matières résidentielles récupérées,59,6.19344943326845
2024,Colombie-Britannique,Métaux ferreux,Sources des matières non résidentielles récupérées,59,7.53975160822059
2024,Colombie-Britannique,Cuivre et aluminium,Toutes les sources des matières récupérées,59,2.98204429774147
2024,Colombie-Britannique,Cuivre et aluminium,Sources des matières résidentielles récupérées,59,0.395815313281636
2024,Colombie-Britannique,Cuivre et aluminium,Sources des matières non résidentielles récupérées,59,2.58640568772469
2024,Colombie-Britannique,Métaux mélangés,Toutes les sources des matières récupérées,59,8.70457953016369
2024,Colombie-Britannique,Métaux mélangés,Sources des matières résidentielles récupérées,59,3.35206093435385
2024,Colombie-Britannique,Métaux mélangés,Sources des matières non résidentielles récupérées,59,5.35304870560441
2024,Colombie-Britannique,Électroménagers,Toutes les sources des matières récupérées,59,3.78144986795849
2024,Colombie-Britannique,Électroménagers,Sources des matières résidentielles récupérées,59,2.36216924462005
2024,Colombie-Britannique,Électroménagers,Sources des matières non résidentielles récupérées,59,1.41963402986815
2024,Colombie-Britannique,Matériel électronique,Toutes les sources des matières récupérées,59,2.26409893262393
2024,Colombie-Britannique,Matériel électronique,Sources des matières résidentielles récupérées,59,
2024,Colombie-Britannique,Matériel électronique,Sources des matières non résidentielles récupérées,59,
2024,Colombie-Britannique,Matières plastiques,Toutes les sources des matières récupérées,59,11.8668611580602
2024,Colombie-Britannique,Matières plastiques,Sources des matières résidentielles récupérées,59,10.4173642764311
2024,Colombie-Britannique,Matières plastiques,Sources des matières non résidentielles récupérées,59,1.45002699142371
2024,Colombie-Britannique,Récipients triangulaires et aseptiques,Toutes les sources des matières récupérées,59,0.476745408586542
2024,Colombie-Britannique,Récipients triangulaires et aseptiques,Sources des matières résidentielles récupérées,59,0.18695205421963
2024,Colombie-Britannique,Récipients triangulaires et aseptiques,Sources des matières non résidentielles récupérées,59,0.289439947837196
2024,Colombie-Britannique,Textiles,Toutes les sources des matières récupérées,59,0.0894118520180838
2024,Colombie-Britannique,Textiles,Sources des matières résidentielles récupérées,59,0.080753392040048
2024,Colombie-Britannique,Textiles,Sources des matières non résidentielles récupérées,59,0.0088351632428936
2024,Colombie-Britannique,Pneus,Toutes les sources des matières récupérées,59,9.8953828320409
2024,Colombie-Britannique,Pneus,Sources des matières résidentielles récupérées,59,
2024,Colombie-Britannique,Pneus,Sources des matières non résidentielles récupérées,59,
2024,Colombie-Britannique,"Déchets provenant de la construction, de la rénovation et de la démolition",Toutes les sources des matières récupérées,59,29.1979173753204
2024,Colombie-Britannique,"Déchets provenant de la construction, de la rénovation et de la démolition",Sources des matières résidentielles récupérées,59,3.53812947224919
2024,Colombie-Britannique,"Déchets provenant de la construction, de la rénovation et de la démolition",Sources des matières non résidentielles récupérées,59,25.6615549357198
2024,Colombie-Britannique,Toutes les matières organiques,Toutes les sources des matières récupérées,59,103.605011657998
2024,Colombie-Britannique,Toutes les matières organiques,Sources des matières résidentielles récupérées,59,75.0773297662834
2024,Colombie-Britannique,Toutes les matières organiques,Sources des matières non résidentielles récupérées,59,28.5289188145685
2024,Colombie-Britannique,Déchets de nourriture et matières organiques séparées à la source,Toutes les sources des matières récupérées,59,57.6266454387144
2024,Colombie-Britannique,Déchets de nourriture et matières organiques séparées à la source,Sources des matières résidentielles récupérées,59,47.141427108578
2024,Colombie-Britannique,Déchets de nourriture et matières organiques séparées à la source,Sources des matières non résidentielles récupérées,59,10.485748439931
2024,Colombie-Britannique,Feuilles et résidus de jardin,Toutes les sources des matières récupérées,59,31.6072663916575
2024,Colombie-Britannique,Feuilles et résidus de jardin,Sources des matières résidentielles récupérées,59,23.579990475694
2024,Colombie-Britannique,Feuilles et résidus de jardin,Sources des matières non résidentielles récupérées,59,8.02798272902289
2024,Colombie-Britannique,Autres matières organiques,Toutes les sources des matières récupérées,59,14.371099827626
2024,Colombie-Britannique,Autres matières organiques,Sources des matières résidentielles récupérées,59,4.35591218201143
2024,Colombie-Britannique,Autres matières organiques,Sources des matières non résidentielles récupérées,59,10.0151876456145
2024,Colombie-Britannique,Autres matières,Toutes les sources des matières récupérées,59,0.988831470144658
2024,Colombie-Britannique,Autres matières,Sources des matières résidentielles récupérées,59,0.45942848863047
2024,Colombie-Britannique,Autres matières,Sources des matières non résidentielles récupérées,59,0.527105839071036
2024,Territoires,Toutes les matières,Toutes les sources des matières récupérées,,220.801928557079
2024,Territoires,Toutes les matières,Sources des matières résidentielles récupérées,,
2024,Territoires,Toutes les matières,Sources des matières non résidentielles récupérées,,
2024,Territoires,Toutes les fibres cellulosiques,Toutes les sources des matières récupérées,,39.4267899792412
2024,Territoires,Toutes les fibres cellulosiques,Sources des matières résidentielles récupérées,,7.75291850507065
2024,Territoires,Toutes les fibres cellulosiques,Sources des matières non résidentielles récupérées,,31.6738714741706
2024,Territoires,Verre,Toutes les sources des matières récupérées,,
2024,Territoires,Verre,Sources des matières résidentielles récupérées,,
2024,Territoires,Verre,Sources des matières non résidentielles récupérées,,
2024,Territoires,Métaux ferreux,Toutes les sources des matières récupérées,,56.1974985305169
2024,Territoires,Métaux ferreux,Sources des matières résidentielles récupérées,,
2024,Territoires,Métaux ferreux,Sources des matières non résidentielles récupérées,,
2024,Territoires,Cuivre et aluminium,Toutes les sources des matières récupérées,,2.64134939472177
2024,Territoires,Cuivre et aluminium,Sources des matières résidentielles récupérées,,2.15772204075863
2024,Territoires,Cuivre et aluminium,Sources des matières non résidentielles récupérées,,0.476186933132938
2024,Territoires,Métaux mélangés,Toutes les sources des matières récupérées,,
2024,Territoires,Métaux mélangés,Sources des matières résidentielles récupérées,,
2024,Territoires,Métaux mélangés,Sources des matières non résidentielles récupérées,,
2024,Territoires,Électroménagers,Toutes les sources des matières récupérées,,0.937493024605472
2024,Territoires,Électroménagers,Sources des matières résidentielles récupérées,,0.312497674868491
2024,Territoires,Électroménagers,Sources des matières non résidentielles récupérées,,0.624995349736981
2024,Territoires,Matériel électronique,Toutes les sources des matières récupérées,,0.892850499624259
2024,Territoires,Matériel électronique,Sources des matières résidentielles récupérées,,
2024,Territoires,Matériel électronique,Sources des matières non résidentielles récupérées,,
2024,Territoires,Matières plastiques,Toutes les sources des matières récupérées,,7.35857620106993
2024,Territoires,Matières plastiques,Sources des matières résidentielles récupérées,,6.30947686401143
2024,Territoires,Matières plastiques,Sources des matières non résidentielles récupérées,,1.0490993370585
2024,Territoires,Récipients triangulaires et aseptiques,Toutes les sources des matières récupérées,,1.48064374521023
2024,Territoires,Récipients triangulaires et aseptiques,Sources des matières résidentielles récupérées,,1.3690374327572
2024,Territoires,Récipients triangulaires et aseptiques,Sources des matières non résidentielles récupérées,,0.111606312453032
2024,Territoires,Textiles,Toutes les sources des matières récupérées,,
2024,Territoires,Textiles,Sources des matières résidentielles récupérées,,
2024,Territoires,Textiles,Sources des matières non résidentielles récupérées,,
2024,Territoires,Pneus,Toutes les sources des matières récupérées,,5.75144530174627
2024,Territoires,Pneus,Sources des matières résidentielles récupérées,,
2024,Territoires,Pneus,Sources des matières non résidentielles récupérées,,
2024,Territoires,"Déchets provenant de la construction, de la rénovation et de la démolition",Toutes les sources des matières récupérées,,
2024,Territoires,"Déchets provenant de la construction, de la rénovation et de la démolition",Sources des matières résidentielles récupérées,,
2024,Territoires,"Déchets provenant de la construction, de la rénovation et de la démolition",Sources des matières non résidentielles récupérées,,
2024,Territoires,Toutes les matières organiques,Toutes les sources des matières récupérées,,
2024,Territoires,Toutes les matières organiques,Sources des matières résidentielles récupérées,,
2024,Territoires,Toutes les matières organiques,Sources des matières non résidentielles récupérées,,
2024,Territoires,Déchets de nourriture et matières organiques séparées à la source,Toutes les sources des matières récupérées,,
2024,Territoires,Déchets de nourriture et matières organiques séparées à la source,Sources des matières résidentielles récupérées,,
2024,Territoires,Déchets de nourriture et matières organiques séparées à la source,Sources des matières non résidentielles récupérées,,
2024,Territoires,Feuilles et résidus de jardin,Toutes les sources des matières récupérées,,
2024,Territoires,Feuilles et résidus de jardin,Sources des matières résidentielles récupérées,,
2024,Territoires,Feuilles et résidus de jardin,Sources des matières non résidentielles récupérées,,
2024,Territoires,Autres matières organiques,Toutes les sources des matières récupérées,,0.0
2024,Territoires,Autres matières organiques,Sources des matières résidentielles récupérées,,0.0
2024,Territoires,Autres matières organiques,Sources des matières non résidentielles récupérées,,0.0
2024,Territoires,Autres matières,Toutes les sources des matières récupérées,,
2024,Territoires,Autres matières,Sources des matières résidentielles récupérées,,
2024,Territoires,Autres matières,Sources des matières non résidentielles récupérées,,
