{"Year":[1990,1991,1992,1993,1994,1995,1996,1997,1998,1999,2000,2001,2002,2003,2004,2005,2006,2007,2008,2009,2010,2011,2012,2013,2014,2015,2016,2017,2018,2019],"Value":[53.71652715,53.70819837,53.69971534,53.6920035,53.68012726,53.67411202,53.66871373,53.66300697,53.65730021,53.6509765,53.6438816,53.63786637,53.63185113,53.62383081,53.61642745,53.60902408,53.60208342,53.59051566,53.58311229,53.57601739,53.56938521,53.5630615,53.55704626,53.55118526,53.54439884,53.53761242,53.53144295,53.52558195,53.52002942,53.51478537]}