Year,Géographie,Infractions,GeoCode,Value
2015,,,,1070.26
2016,,,,1076.03
2017,,,,1112.67
2018,,,,1151.36
2019,,,,1278.46
2020,,,,1265.03
2021,,,,1331.12
2022,,,,1376.43
2023,,,,1443.03
2024,,,,1447.82
2025,,,,1443.25
2015,Canada,Homicide,,1.71
2015,Canada,Total des autres infractions entraînant la mort,,0.24
2015,Canada,Tentative de meurtre,,2.18
2015,Canada,Agression sexuelle grave (niveau 3),,0.29
2015,Canada,"Agression sexuelle, niveau 2, armée ou causant des lésions corporelles",,1.06
2015,Canada,Agression sexuelle de niveau 1,,57.32
2015,Canada,Total des infractions sexuelles contre les enfants,,14.72
2015,Canada,Voies de fait graves (niveau 3),,9.3
2015,Canada,Voies de fait armées ou causant des lésions corporelles (niveau 2),,132.73
2015,Canada,Voies de fait simples (niveau 1),,439.87
2015,Canada,Total des vols qualifiés,,62.04
2015,Canada,Menaces,,175.94
2015,Canada,Total des autres infractions avec violence,,14.16
2015,Terre-Neuve-et-Labrador,Total des infractions de violence prévues au Code criminel,10,1368.64
2015,Terre-Neuve-et-Labrador,Homicide,10,0.57
2015,Terre-Neuve-et-Labrador,Total des autres infractions entraînant la mort,10,0.0
2015,Terre-Neuve-et-Labrador,Tentative de meurtre,10,0.76
2015,Terre-Neuve-et-Labrador,Agression sexuelle grave (niveau 3),10,0.19
2015,Terre-Neuve-et-Labrador,"Agression sexuelle, niveau 2, armée ou causant des lésions corporelles",10,0.19
2015,Terre-Neuve-et-Labrador,Agression sexuelle de niveau 1,10,68.55
2015,Terre-Neuve-et-Labrador,Total des infractions sexuelles contre les enfants,10,19.12
2015,Terre-Neuve-et-Labrador,Voies de fait graves (niveau 3),10,7.38
2015,Terre-Neuve-et-Labrador,Voies de fait armées ou causant des lésions corporelles (niveau 2),10,114.94
2015,Terre-Neuve-et-Labrador,Voies de fait simples (niveau 1),10,600.44
2015,Terre-Neuve-et-Labrador,Total des vols qualifiés,10,35.41
2015,Terre-Neuve-et-Labrador,Menaces,10,351.82
2015,Terre-Neuve-et-Labrador,Total des autres infractions avec violence,10,9.09
2015,Île-du-Prince-Édouard,Total des infractions de violence prévues au Code criminel,11,749.24
2015,Île-du-Prince-Édouard,Homicide,11,0.69
2015,Île-du-Prince-Édouard,Total des autres infractions entraînant la mort,11,0.0
2015,Île-du-Prince-Édouard,Tentative de meurtre,11,2.08
2015,Île-du-Prince-Édouard,Agression sexuelle grave (niveau 3),11,0.0
2015,Île-du-Prince-Édouard,"Agression sexuelle, niveau 2, armée ou causant des lésions corporelles",11,0.0
2015,Île-du-Prince-Édouard,Agression sexuelle de niveau 1,11,48.43
2015,Île-du-Prince-Édouard,Total des infractions sexuelles contre les enfants,11,15.91
2015,Île-du-Prince-Édouard,Voies de fait graves (niveau 3),11,4.15
2015,Île-du-Prince-Édouard,Voies de fait armées ou causant des lésions corporelles (niveau 2),11,62.26
2015,Île-du-Prince-Édouard,Voies de fait simples (niveau 1),11,312.7
2015,Île-du-Prince-Édouard,Total des vols qualifiés,11,11.07
2015,Île-du-Prince-Édouard,Menaces,11,140.44
2015,Île-du-Prince-Édouard,Total des autres infractions avec violence,11,13.84
2015,Nouvelle-Écosse,Total des infractions de violence prévues au Code criminel,12,1205.84
2015,Nouvelle-Écosse,Homicide,12,1.28
2015,Nouvelle-Écosse,Total des autres infractions entraînant la mort,12,0.21
2015,Nouvelle-Écosse,Tentative de meurtre,12,3.52
2015,Nouvelle-Écosse,Agression sexuelle grave (niveau 3),12,0.43
2015,Nouvelle-Écosse,"Agression sexuelle, niveau 2, armée ou causant des lésions corporelles",12,0.75
2015,Nouvelle-Écosse,Agression sexuelle de niveau 1,12,69.62
2015,Nouvelle-Écosse,Total des infractions sexuelles contre les enfants,12,21.14
2015,Nouvelle-Écosse,Voies de fait graves (niveau 3),12,9.5
2015,Nouvelle-Écosse,Voies de fait armées ou causant des lésions corporelles (niveau 2),12,112.44
2015,Nouvelle-Écosse,Voies de fait simples (niveau 1),12,461.17
2015,Nouvelle-Écosse,Total des vols qualifiés,12,34.28
2015,Nouvelle-Écosse,Menaces,12,260.11
2015,Nouvelle-Écosse,Total des autres infractions avec violence,12,16.23
2015,Nouveau-Brunswick,Total des infractions de violence prévues au Code criminel,13,1175.34
2015,Nouveau-Brunswick,Homicide,13,1.45
2015,Nouveau-Brunswick,Total des autres infractions entraînant la mort,13,0.13
2015,Nouveau-Brunswick,Tentative de meurtre,13,2.24
2015,Nouveau-Brunswick,Agression sexuelle grave (niveau 3),13,0.13
2015,Nouveau-Brunswick,"Agression sexuelle, niveau 2, armée ou causant des lésions corporelles",13,0.66
2015,Nouveau-Brunswick,Agression sexuelle de niveau 1,13,54.29
2015,Nouveau-Brunswick,Total des infractions sexuelles contre les enfants,13,18.84
2015,Nouveau-Brunswick,Voies de fait graves (niveau 3),13,6.46
2015,Nouveau-Brunswick,Voies de fait armées ou causant des lésions corporelles (niveau 2),13,102.79
2015,Nouveau-Brunswick,Voies de fait simples (niveau 1),13,500.37
2015,Nouveau-Brunswick,Total des vols qualifiés,13,20.16
2015,Nouveau-Brunswick,Menaces,13,273.84
2015,Nouveau-Brunswick,Total des autres infractions avec violence,13,9.75
2015,Québec,Total des infractions de violence prévues au Code criminel,24,966.02
2015,Québec,Homicide,24,0.97
2015,Québec,Total des autres infractions entraînant la mort,24,0.21
2015,Québec,Tentative de meurtre,24,2.5
2015,Québec,Agression sexuelle grave (niveau 3),24,0.4
2015,Québec,"Agression sexuelle, niveau 2, armée ou causant des lésions corporelles",24,1.11
2015,Québec,Agression sexuelle de niveau 1,24,45.98
2015,Québec,Total des infractions sexuelles contre les enfants,24,20.88
2015,Québec,Voies de fait graves (niveau 3),24,3.19
2015,Québec,Voies de fait armées ou causant des lésions corporelles (niveau 2),24,114.69
2015,Québec,Voies de fait simples (niveau 1),24,371.28
2015,Québec,Total des vols qualifiés,24,49.37
2015,Québec,Menaces,24,189.31
2015,Québec,Total des autres infractions avec violence,24,23.06
2015,Ontario,Total des infractions de violence prévues au Code criminel,35,793.0
2015,Ontario,Homicide,35,1.27
2015,Ontario,Total des autres infractions entraînant la mort,35,0.22
2015,Ontario,Tentative de meurtre,35,1.84
2015,Ontario,Agression sexuelle grave (niveau 3),35,0.15
2015,Ontario,"Agression sexuelle, niveau 2, armée ou causant des lésions corporelles",35,0.98
2015,Ontario,Agression sexuelle de niveau 1,35,53.8
2015,Ontario,Total des infractions sexuelles contre les enfants,35,8.12
2015,Ontario,Voies de fait graves (niveau 3),35,7.4
2015,Ontario,Voies de fait armées ou causant des lésions corporelles (niveau 2),35,89.76
2015,Ontario,Voies de fait simples (niveau 1),35,324.98
2015,Ontario,Total des vols qualifiés,35,55.77
2015,Ontario,Menaces,35,109.27
2015,Ontario,Total des autres infractions avec violence,35,11.14
2015,Manitoba,Total des infractions de violence prévues au Code criminel,46,1820.96
2015,Manitoba,Homicide,46,3.64
2015,Manitoba,Total des autres infractions entraînant la mort,46,0.39
2015,Manitoba,Tentative de meurtre,46,2.4
2015,Manitoba,Agression sexuelle grave (niveau 3),46,0.62
2015,Manitoba,"Agression sexuelle, niveau 2, armée ou causant des lésions corporelles",46,2.4
2015,Manitoba,Agression sexuelle de niveau 1,46,102.15
2015,Manitoba,Total des infractions sexuelles contre les enfants,46,20.43
2015,Manitoba,Voies de fait graves (niveau 3),46,30.57
2015,Manitoba,Voies de fait armées ou causant des lésions corporelles (niveau 2),46,314.42
2015,Manitoba,Voies de fait simples (niveau 1),46,793.98
2015,Manitoba,Total des vols qualifiés,46,129.08
2015,Manitoba,Menaces,46,248.56
2015,Manitoba,Total des autres infractions avec violence,46,11.92
2015,Saskatchewan,Total des infractions de violence prévues au Code criminel,47,2054.74
2015,Saskatchewan,Homicide,47,3.93
2015,Saskatchewan,Total des autres infractions entraînant la mort,47,0.54
2015,Saskatchewan,Tentative de meurtre,47,2.5
2015,Saskatchewan,Agression sexuelle grave (niveau 3),47,0.62
2015,Saskatchewan,"Agression sexuelle, niveau 2, armée ou causant des lésions corporelles",47,1.43
2015,Saskatchewan,Agression sexuelle de niveau 1,47,97.06
2015,Saskatchewan,Total des infractions sexuelles contre les enfants,47,29.62
2015,Saskatchewan,Voies de fait graves (niveau 3),47,32.56
2015,Saskatchewan,Voies de fait armées ou causant des lésions corporelles (niveau 2),47,344.79
2015,Saskatchewan,Voies de fait simples (niveau 1),47,939.28
2015,Saskatchewan,Total des vols qualifiés,47,87.6
2015,Saskatchewan,Menaces,47,272.35
2015,Saskatchewan,Total des autres infractions avec violence,47,16.77
2015,Alberta,Total des infractions de violence prévues au Code criminel,48,1316.33
2015,Alberta,Homicide,48,3.21
2015,Alberta,Total des autres infractions entraînant la mort,48,0.12
2015,Alberta,Tentative de meurtre,48,1.64
2015,Alberta,Agression sexuelle grave (niveau 3),48,0.17
2015,Alberta,"Agression sexuelle, niveau 2, armée ou causant des lésions corporelles",48,1.09
2015,Alberta,Agression sexuelle de niveau 1,48,67.54
2015,Alberta,Total des infractions sexuelles contre les enfants,48,14.6
2015,Alberta,Voies de fait graves (niveau 3),48,16.7
2015,Alberta,Voies de fait armées ou causant des lésions corporelles (niveau 2),48,180.12
2015,Alberta,Voies de fait simples (niveau 1),48,558.26
2015,Alberta,Total des vols qualifiés,48,82.74
2015,Alberta,Menaces,48,194.14
2015,Alberta,Total des autres infractions avec violence,48,11.34
2015,Colombie-Britannique,Total des infractions de violence prévues au Code criminel,59,1191.76
2015,Colombie-Britannique,Homicide,59,2.03
2015,Colombie-Britannique,Total des autres infractions entraînant la mort,59,0.38
2015,Colombie-Britannique,Tentative de meurtre,59,2.7
2015,Colombie-Britannique,Agression sexuelle grave (niveau 3),59,0.4
2015,Colombie-Britannique,"Agression sexuelle, niveau 2, armée ou causant des lésions corporelles",59,0.84
2015,Colombie-Britannique,Agression sexuelle de niveau 1,59,46.69
2015,Colombie-Britannique,Total des infractions sexuelles contre les enfants,59,13.71
2015,Colombie-Britannique,Voies de fait graves (niveau 3),59,6.93
2015,Colombie-Britannique,Voies de fait armées ou causant des lésions corporelles (niveau 2),59,144.54
2015,Colombie-Britannique,Voies de fait simples (niveau 1),59,466.75
2015,Colombie-Britannique,Total des vols qualifiés,59,76.31
2015,Colombie-Britannique,Menaces,59,215.27
2015,Colombie-Britannique,Total des autres infractions avec violence,59,10.15
2015,Yukon,Total des infractions de violence prévues au Code criminel,60,4083.31
2015,Yukon,Homicide,60,2.65
2015,Yukon,Total des autres infractions entraînant la mort,60,0.0
2015,Yukon,Tentative de meurtre,60,10.61
2015,Yukon,Agression sexuelle grave (niveau 3),60,0.0
2015,Yukon,"Agression sexuelle, niveau 2, armée ou causant des lésions corporelles",60,2.65
2015,Yukon,Agression sexuelle de niveau 1,60,204.3
2015,Yukon,Total des infractions sexuelles contre les enfants,60,68.98
2015,Yukon,Voies de fait graves (niveau 3),60,58.37
2015,Yukon,Voies de fait armées ou causant des lésions corporelles (niveau 2),60,419.21
2015,Yukon,Voies de fait simples (niveau 1),60,2098.7
2015,Yukon,Total des vols qualifiés,60,58.37
2015,Yukon,Menaces,60,697.8
2015,Yukon,Total des autres infractions avec violence,60,21.23
2015,Territoires du Nord-Ouest,Total des infractions de violence prévues au Code criminel,61,7685.87
2015,Territoires du Nord-Ouest,Homicide,61,11.3
2015,Territoires du Nord-Ouest,Total des autres infractions entraînant la mort,61,0.0
2015,Territoires du Nord-Ouest,Tentative de meurtre,61,6.78
2015,Territoires du Nord-Ouest,Agression sexuelle grave (niveau 3),61,2.26
2015,Territoires du Nord-Ouest,"Agression sexuelle, niveau 2, armée ou causant des lésions corporelles",61,13.56
2015,Territoires du Nord-Ouest,Agression sexuelle de niveau 1,61,363.95
2015,Territoires du Nord-Ouest,Total des infractions sexuelles contre les enfants,61,90.42
2015,Territoires du Nord-Ouest,Voies de fait graves (niveau 3),61,72.34
2015,Territoires du Nord-Ouest,Voies de fait armées ou causant des lésions corporelles (niveau 2),61,849.97
2015,Territoires du Nord-Ouest,Voies de fait simples (niveau 1),61,4265.66
2015,Territoires du Nord-Ouest,Total des vols qualifiés,61,61.03
2015,Territoires du Nord-Ouest,Menaces,61,1118.97
2015,Territoires du Nord-Ouest,Total des autres infractions avec violence,61,36.17
2015,Nunavut,Total des infractions de violence prévues au Code criminel,62,8054.7
2015,Nunavut,Homicide,62,5.48
2015,Nunavut,Total des autres infractions entraînant la mort,62,0.0
2015,Nunavut,Tentative de meurtre,62,2.74
2015,Nunavut,Agression sexuelle grave (niveau 3),62,2.74
2015,Nunavut,"Agression sexuelle, niveau 2, armée ou causant des lésions corporelles",62,5.48
2015,Nunavut,Agression sexuelle de niveau 1,62,441.24
2015,Nunavut,Total des infractions sexuelles contre les enfants,62,134.29
2015,Nunavut,Voies de fait graves (niveau 3),62,65.78
2015,Nunavut,Voies de fait armées ou causant des lésions corporelles (niveau 2),62,951.0
2015,Nunavut,Voies de fait simples (niveau 1),62,4138.35
2015,Nunavut,Total des vols qualifiés,62,52.07
2015,Nunavut,Menaces,62,1189.43
2015,Nunavut,Total des autres infractions avec violence,62,74.0
2016,Canada,Homicide,,1.69
2016,Canada,Total des autres infractions entraînant la mort,,0.3
2016,Canada,Tentative de meurtre,,2.18
2016,Canada,Agression sexuelle grave (niveau 3),,0.31
2016,Canada,"Agression sexuelle, niveau 2, armée ou causant des lésions corporelles",,1.09
2016,Canada,Agression sexuelle de niveau 1,,58.35
2016,Canada,Total des infractions sexuelles contre les enfants,,20.31
2016,Canada,Voies de fait graves (niveau 3),,9.6
2016,Canada,Voies de fait armées ou causant des lésions corporelles (niveau 2),,138.31
2016,Canada,Voies de fait simples (niveau 1),,441.95
2016,Canada,Total des vols qualifiés,,60.81
2016,Canada,Menaces,,168.67
2016,Canada,Total des autres infractions avec violence,,14.56
2016,Terre-Neuve-et-Labrador,Total des infractions de violence prévues au Code criminel,10,1326.89
2016,Terre-Neuve-et-Labrador,Homicide,10,1.32
2016,Terre-Neuve-et-Labrador,Total des autres infractions entraînant la mort,10,0.38
2016,Terre-Neuve-et-Labrador,Tentative de meurtre,10,1.51
2016,Terre-Neuve-et-Labrador,Agression sexuelle grave (niveau 3),10,0.0
2016,Terre-Neuve-et-Labrador,"Agression sexuelle, niveau 2, armée ou causant des lésions corporelles",10,0.76
2016,Terre-Neuve-et-Labrador,Agression sexuelle de niveau 1,10,56.84
2016,Terre-Neuve-et-Labrador,Total des infractions sexuelles contre les enfants,10,24.17
2016,Terre-Neuve-et-Labrador,Voies de fait graves (niveau 3),10,9.25
2016,Terre-Neuve-et-Labrador,Voies de fait armées ou causant des lésions corporelles (niveau 2),10,106.12
2016,Terre-Neuve-et-Labrador,Voies de fait simples (niveau 1),10,577.62
2016,Terre-Neuve-et-Labrador,Total des vols qualifiés,10,42.11
2016,Terre-Neuve-et-Labrador,Menaces,10,329.5
2016,Terre-Neuve-et-Labrador,Total des autres infractions avec violence,10,8.31
2016,Île-du-Prince-Édouard,Total des infractions de violence prévues au Code criminel,11,800.59
2016,Île-du-Prince-Édouard,Homicide,11,0.0
2016,Île-du-Prince-Édouard,Total des autres infractions entraînant la mort,11,0.0
2016,Île-du-Prince-Édouard,Tentative de meurtre,11,0.0
2016,Île-du-Prince-Édouard,Agression sexuelle grave (niveau 3),11,0.0
2016,Île-du-Prince-Édouard,"Agression sexuelle, niveau 2, armée ou causant des lésions corporelles",11,0.68
2016,Île-du-Prince-Édouard,Agression sexuelle de niveau 1,11,48.34
2016,Île-du-Prince-Édouard,Total des infractions sexuelles contre les enfants,11,23.15
2016,Île-du-Prince-Édouard,Voies de fait graves (niveau 3),11,4.08
2016,Île-du-Prince-Édouard,Voies de fait armées ou causant des lésions corporelles (niveau 2),11,66.04
2016,Île-du-Prince-Édouard,Voies de fait simples (niveau 1),11,335.62
2016,Île-du-Prince-Édouard,Total des vols qualifiés,11,12.25
2016,Île-du-Prince-Édouard,Menaces,11,153.86
2016,Île-du-Prince-Édouard,Total des autres infractions avec violence,11,4.08
2016,Nouvelle-Écosse,Total des infractions de violence prévues au Code criminel,12,1164.07
2016,Nouvelle-Écosse,Homicide,12,1.38
2016,Nouvelle-Écosse,Total des autres infractions entraînant la mort,12,0.32
2016,Nouvelle-Écosse,Tentative de meurtre,12,2.97
2016,Nouvelle-Écosse,Agression sexuelle grave (niveau 3),12,0.42
2016,Nouvelle-Écosse,"Agression sexuelle, niveau 2, armée ou causant des lésions corporelles",12,0.74
2016,Nouvelle-Écosse,Agression sexuelle de niveau 1,12,66.07
2016,Nouvelle-Écosse,Total des infractions sexuelles contre les enfants,12,23.22
2016,Nouvelle-Écosse,Voies de fait graves (niveau 3),12,9.12
2016,Nouvelle-Écosse,Voies de fait armées ou causant des lésions corporelles (niveau 2),12,111.35
2016,Nouvelle-Écosse,Voies de fait simples (niveau 1),12,446.14
2016,Nouvelle-Écosse,Total des vols qualifiés,12,28.74
2016,Nouvelle-Écosse,Menaces,12,244.22
2016,Nouvelle-Écosse,Total des autres infractions avec violence,12,15.8
2016,Nouveau-Brunswick,Total des infractions de violence prévues au Code criminel,13,1188.23
2016,Nouveau-Brunswick,Homicide,13,1.44
2016,Nouveau-Brunswick,Total des autres infractions entraînant la mort,13,0.39
2016,Nouveau-Brunswick,Tentative de meurtre,13,0.92
2016,Nouveau-Brunswick,Agression sexuelle grave (niveau 3),13,0.13
2016,Nouveau-Brunswick,"Agression sexuelle, niveau 2, armée ou causant des lésions corporelles",13,0.92
2016,Nouveau-Brunswick,Agression sexuelle de niveau 1,13,56.07
2016,Nouveau-Brunswick,Total des infractions sexuelles contre les enfants,13,23.97
2016,Nouveau-Brunswick,Voies de fait graves (niveau 3),13,6.94
2016,Nouveau-Brunswick,Voies de fait armées ou causant des lésions corporelles (niveau 2),13,121.44
2016,Nouveau-Brunswick,Voies de fait simples (niveau 1),13,496.91
2016,Nouveau-Brunswick,Total des vols qualifiés,13,30.26
2016,Nouveau-Brunswick,Menaces,13,256.51
2016,Nouveau-Brunswick,Total des autres infractions avec violence,13,12.18
2016,Québec,Total des infractions de violence prévues au Code criminel,24,1013.7
2016,Québec,Homicide,24,0.81
2016,Québec,Total des autres infractions entraînant la mort,24,0.3
2016,Québec,Tentative de meurtre,24,2.3
2016,Québec,Agression sexuelle grave (niveau 3),24,0.22
2016,Québec,"Agression sexuelle, niveau 2, armée ou causant des lésions corporelles",24,1.11
2016,Québec,Agression sexuelle de niveau 1,24,52.7
2016,Québec,Total des infractions sexuelles contre les enfants,24,24.97
2016,Québec,Voies de fait graves (niveau 3),24,3.57
2016,Québec,Voies de fait armées ou causant des lésions corporelles (niveau 2),24,122.78
2016,Québec,Voies de fait simples (niveau 1),24,399.15
2016,Québec,Total des vols qualifiés,24,45.46
2016,Québec,Menaces,24,185.51
2016,Québec,Total des autres infractions avec violence,24,24.61
2016,Ontario,Total des infractions de violence prévues au Code criminel,35,805.83
2016,Ontario,Homicide,35,1.48
2016,Ontario,Total des autres infractions entraînant la mort,35,0.26
2016,Ontario,Tentative de meurtre,35,1.88
2016,Ontario,Agression sexuelle grave (niveau 3),35,0.25
2016,Ontario,"Agression sexuelle, niveau 2, armée ou causant des lésions corporelles",35,1.04
2016,Ontario,Agression sexuelle de niveau 1,35,53.57
2016,Ontario,Total des infractions sexuelles contre les enfants,35,14.61
2016,Ontario,Voies de fait graves (niveau 3),35,7.71
2016,Ontario,Voies de fait armées ou causant des lésions corporelles (niveau 2),35,96.16
2016,Ontario,Voies de fait simples (niveau 1),35,327.9
2016,Ontario,Total des vols qualifiés,35,59.63
2016,Ontario,Menaces,35,105.81
2016,Ontario,Total des autres infractions avec violence,35,11.27
2016,Manitoba,Total des infractions de violence prévues au Code criminel,46,1949.18
2016,Manitoba,Homicide,46,3.2
2016,Manitoba,Total des autres infractions entraînant la mort,46,0.38
2016,Manitoba,Tentative de meurtre,46,3.27
2016,Manitoba,Agression sexuelle grave (niveau 3),46,0.53
2016,Manitoba,"Agression sexuelle, niveau 2, armée ou causant des lésions corporelles",46,2.28
2016,Manitoba,Agression sexuelle de niveau 1,46,105.62
2016,Manitoba,Total des infractions sexuelles contre les enfants,46,37.9
2016,Manitoba,Voies de fait graves (niveau 3),46,35.16
2016,Manitoba,Voies de fait armées ou causant des lésions corporelles (niveau 2),46,347.3
2016,Manitoba,Voies de fait simples (niveau 1),46,834.08
2016,Manitoba,Total des vols qualifiés,46,156.91
2016,Manitoba,Menaces,46,248.15
2016,Manitoba,Total des autres infractions avec violence,46,11.87
2016,Saskatchewan,Total des infractions de violence prévues au Code criminel,47,2061.3
2016,Saskatchewan,Homicide,47,4.76
2016,Saskatchewan,Total des autres infractions entraînant la mort,47,0.62
2016,Saskatchewan,Tentative de meurtre,47,5.72
2016,Saskatchewan,Agression sexuelle grave (niveau 3),47,1.5
2016,Saskatchewan,"Agression sexuelle, niveau 2, armée ou causant des lésions corporelles",47,1.5
2016,Saskatchewan,Agression sexuelle de niveau 1,47,101.63
2016,Saskatchewan,Total des infractions sexuelles contre les enfants,47,33.82
2016,Saskatchewan,Voies de fait graves (niveau 3),47,36.46
2016,Saskatchewan,Voies de fait armées ou causant des lésions corporelles (niveau 2),47,340.73
2016,Saskatchewan,Voies de fait simples (niveau 1),47,933.16
2016,Saskatchewan,Total des vols qualifiés,47,88.86
2016,Saskatchewan,Menaces,47,270.19
2016,Saskatchewan,Total des autres infractions avec violence,47,16.03
2016,Alberta,Total des infractions de violence prévues au Code criminel,48,1282.06
2016,Alberta,Homicide,48,2.76
2016,Alberta,Total des autres infractions entraînant la mort,48,0.19
2016,Alberta,Tentative de meurtre,48,1.31
2016,Alberta,Agression sexuelle grave (niveau 3),48,0.24
2016,Alberta,"Agression sexuelle, niveau 2, armée ou causant des lésions corporelles",48,1.22
2016,Alberta,Agression sexuelle de niveau 1,48,64.47
2016,Alberta,Total des infractions sexuelles contre les enfants,48,19.55
2016,Alberta,Voies de fait graves (niveau 3),48,15.18
2016,Alberta,Voies de fait armées ou causant des lésions corporelles (niveau 2),48,182.94
2016,Alberta,Voies de fait simples (niveau 1),48,545.76
2016,Alberta,Total des vols qualifiés,48,73.82
2016,Alberta,Menaces,48,183.72
2016,Alberta,Total des autres infractions avec violence,48,12.3
2016,Colombie-Britannique,Total des infractions de violence prévues au Code criminel,59,1115.88
2016,Colombie-Britannique,Homicide,59,1.81
2016,Colombie-Britannique,Total des autres infractions entraînant la mort,59,0.39
2016,Colombie-Britannique,Tentative de meurtre,59,2.45
2016,Colombie-Britannique,Agression sexuelle grave (niveau 3),59,0.39
2016,Colombie-Britannique,"Agression sexuelle, niveau 2, armée ou causant des lésions corporelles",59,0.72
2016,Colombie-Britannique,Agression sexuelle de niveau 1,59,46.45
2016,Colombie-Britannique,Total des infractions sexuelles contre les enfants,59,16.95
2016,Colombie-Britannique,Voies de fait graves (niveau 3),59,6.66
2016,Colombie-Britannique,Voies de fait armées ou causant des lésions corporelles (niveau 2),59,139.84
2016,Colombie-Britannique,Voies de fait simples (niveau 1),59,431.06
2016,Colombie-Britannique,Total des vols qualifiés,59,61.05
2016,Colombie-Britannique,Menaces,59,195.36
2016,Colombie-Britannique,Total des autres infractions avec violence,59,9.87
2016,Yukon,Total des infractions de violence prévues au Code criminel,60,4013.07
2016,Yukon,Homicide,60,10.38
2016,Yukon,Total des autres infractions entraînant la mort,60,0.0
2016,Yukon,Tentative de meurtre,60,5.19
2016,Yukon,Agression sexuelle grave (niveau 3),60,2.59
2016,Yukon,"Agression sexuelle, niveau 2, armée ou causant des lésions corporelles",60,0.0
2016,Yukon,Agression sexuelle de niveau 1,60,210.12
2016,Yukon,Total des infractions sexuelles contre les enfants,60,54.48
2016,Yukon,Voies de fait graves (niveau 3),60,38.91
2016,Yukon,Voies de fait armées ou causant des lésions corporelles (niveau 2),60,456.56
2016,Yukon,Voies de fait simples (niveau 1),60,2049.34
2016,Yukon,Total des vols qualifiés,60,62.26
2016,Yukon,Menaces,60,658.9
2016,Yukon,Total des autres infractions avec violence,60,28.54
2016,Territoires du Nord-Ouest,Total des infractions de violence prévues au Code criminel,61,7809.7
2016,Territoires du Nord-Ouest,Homicide,61,6.72
2016,Territoires du Nord-Ouest,Total des autres infractions entraînant la mort,61,0.0
2016,Territoires du Nord-Ouest,Tentative de meurtre,61,0.0
2016,Territoires du Nord-Ouest,Agression sexuelle grave (niveau 3),61,2.24
2016,Territoires du Nord-Ouest,"Agression sexuelle, niveau 2, armée ou causant des lésions corporelles",61,15.69
2016,Territoires du Nord-Ouest,Agression sexuelle de niveau 1,61,293.56
2016,Territoires du Nord-Ouest,Total des infractions sexuelles contre les enfants,61,85.16
2016,Territoires du Nord-Ouest,Voies de fait graves (niveau 3),61,49.3
2016,Territoires du Nord-Ouest,Voies de fait armées ou causant des lésions corporelles (niveau 2),61,891.9
2016,Territoires du Nord-Ouest,Voies de fait simples (niveau 1),61,4356.4
2016,Territoires du Nord-Ouest,Total des vols qualifiés,61,69.47
2016,Territoires du Nord-Ouest,Menaces,61,1219.07
2016,Territoires du Nord-Ouest,Total des autres infractions avec violence,61,44.82
2016,Nunavut,Total des infractions de violence prévues au Code criminel,62,8191.14
2016,Nunavut,Homicide,62,2.7
2016,Nunavut,Total des autres infractions entraînant la mort,62,0.0
2016,Nunavut,Tentative de meurtre,62,24.34
2016,Nunavut,Agression sexuelle grave (niveau 3),62,0.0
2016,Nunavut,"Agression sexuelle, niveau 2, armée ou causant des lésions corporelles",62,0.0
2016,Nunavut,Agression sexuelle de niveau 1,62,440.79
2016,Nunavut,Total des infractions sexuelles contre les enfants,62,278.54
2016,Nunavut,Voies de fait graves (niveau 3),62,91.94
2016,Nunavut,Voies de fait armées ou causant des lésions corporelles (niveau 2),62,1046.54
2016,Nunavut,Voies de fait simples (niveau 1),62,4234.84
2016,Nunavut,Total des vols qualifiés,62,27.04
2016,Nunavut,Menaces,62,1092.51
2016,Nunavut,Total des autres infractions avec violence,62,37.86
2017,Canada,Homicide,,1.82
2017,Canada,Total des autres infractions entraînant la mort,,0.27
2017,Canada,Tentative de meurtre,,2.25
2017,Canada,Agression sexuelle grave (niveau 3),,0.44
2017,Canada,"Agression sexuelle, niveau 2, armée ou causant des lésions corporelles",,1.16
2017,Canada,Agression sexuelle de niveau 1,,66.1
2017,Canada,Total des infractions sexuelles contre les enfants,,22.65
2017,Canada,Voies de fait graves (niveau 3),,9.81
2017,Canada,Voies de fait armées ou causant des lésions corporelles (niveau 2),,142.67
2017,Canada,Voies de fait simples (niveau 1),,446.79
2017,Canada,Total des vols qualifiés,,62.47
2017,Canada,Menaces,,173.19
2017,Canada,Total des autres infractions avec violence,,17.31
2017,Terre-Neuve-et-Labrador,Total des infractions de violence prévues au Code criminel,10,1315.55
2017,Terre-Neuve-et-Labrador,Homicide,10,0.76
2017,Terre-Neuve-et-Labrador,Total des autres infractions entraînant la mort,10,0.19
2017,Terre-Neuve-et-Labrador,Tentative de meurtre,10,0.94
2017,Terre-Neuve-et-Labrador,Agression sexuelle grave (niveau 3),10,0.19
2017,Terre-Neuve-et-Labrador,"Agression sexuelle, niveau 2, armée ou causant des lésions corporelles",10,0.38
2017,Terre-Neuve-et-Labrador,Agression sexuelle de niveau 1,10,61.35
2017,Terre-Neuve-et-Labrador,Total des infractions sexuelles contre les enfants,10,25.86
2017,Terre-Neuve-et-Labrador,Voies de fait graves (niveau 3),10,8.87
2017,Terre-Neuve-et-Labrador,Voies de fait armées ou causant des lésions corporelles (niveau 2),10,114.4
2017,Terre-Neuve-et-Labrador,Voies de fait simples (niveau 1),10,565.94
2017,Terre-Neuve-et-Labrador,Total des vols qualifiés,10,34.92
2017,Terre-Neuve-et-Labrador,Menaces,10,313.17
2017,Terre-Neuve-et-Labrador,Total des autres infractions avec violence,10,13.4
2017,Île-du-Prince-Édouard,Total des infractions de violence prévues au Code criminel,11,922.93
2017,Île-du-Prince-Édouard,Homicide,11,1.34
2017,Île-du-Prince-Édouard,Total des autres infractions entraînant la mort,11,0.0
2017,Île-du-Prince-Édouard,Tentative de meurtre,11,1.34
2017,Île-du-Prince-Édouard,Agression sexuelle grave (niveau 3),11,0.0
2017,Île-du-Prince-Édouard,"Agression sexuelle, niveau 2, armée ou causant des lésions corporelles",11,0.0
2017,Île-du-Prince-Édouard,Agression sexuelle de niveau 1,11,46.08
2017,Île-du-Prince-Édouard,Total des infractions sexuelles contre les enfants,11,18.7
2017,Île-du-Prince-Édouard,Voies de fait graves (niveau 3),11,4.67
2017,Île-du-Prince-Édouard,Voies de fait armées ou causant des lésions corporelles (niveau 2),11,80.14
2017,Île-du-Prince-Édouard,Voies de fait simples (niveau 1),11,385.33
2017,Île-du-Prince-Édouard,Total des vols qualifiés,11,12.02
2017,Île-du-Prince-Édouard,Menaces,11,180.31
2017,Île-du-Prince-Édouard,Total des autres infractions avec violence,11,4.67
2017,Nouvelle-Écosse,Total des infractions de violence prévues au Code criminel,12,1259.03
2017,Nouvelle-Écosse,Homicide,12,2.21
2017,Nouvelle-Écosse,Total des autres infractions entraînant la mort,12,0.21
2017,Nouvelle-Écosse,Tentative de meurtre,12,2.84
2017,Nouvelle-Écosse,Agression sexuelle grave (niveau 3),12,0.42
2017,Nouvelle-Écosse,"Agression sexuelle, niveau 2, armée ou causant des lésions corporelles",12,0.95
2017,Nouvelle-Écosse,Agression sexuelle de niveau 1,12,77.93
2017,Nouvelle-Écosse,Total des infractions sexuelles contre les enfants,12,26.68
2017,Nouvelle-Écosse,Voies de fait graves (niveau 3),12,8.93
2017,Nouvelle-Écosse,Voies de fait armées ou causant des lésions corporelles (niveau 2),12,113.64
2017,Nouvelle-Écosse,Voies de fait simples (niveau 1),12,481.75
2017,Nouvelle-Écosse,Total des vols qualifiés,12,32.45
2017,Nouvelle-Écosse,Menaces,12,255.31
2017,Nouvelle-Écosse,Total des autres infractions avec violence,12,16.17
2017,Nouveau-Brunswick,Total des infractions de violence prévues au Code criminel,13,1264.78
2017,Nouveau-Brunswick,Homicide,13,1.3
2017,Nouveau-Brunswick,Total des autres infractions entraînant la mort,13,0.0
2017,Nouveau-Brunswick,Tentative de meurtre,13,0.78
2017,Nouveau-Brunswick,Agression sexuelle grave (niveau 3),13,0.0
2017,Nouveau-Brunswick,"Agression sexuelle, niveau 2, armée ou causant des lésions corporelles",13,0.39
2017,Nouveau-Brunswick,Agression sexuelle de niveau 1,13,67.04
2017,Nouveau-Brunswick,Total des infractions sexuelles contre les enfants,13,23.22
2017,Nouveau-Brunswick,Voies de fait graves (niveau 3),13,5.74
2017,Nouveau-Brunswick,Voies de fait armées ou causant des lésions corporelles (niveau 2),13,123.78
2017,Nouveau-Brunswick,Voies de fait simples (niveau 1),13,521.98
2017,Nouveau-Brunswick,Total des vols qualifiés,13,27.52
2017,Nouveau-Brunswick,Menaces,13,274.03
2017,Nouveau-Brunswick,Total des autres infractions avec violence,13,16.04
2017,Québec,Total des infractions de violence prévues au Code criminel,24,1064.74
2017,Québec,Homicide,24,1.12
2017,Québec,Total des autres infractions entraînant la mort,24,0.35
2017,Québec,Tentative de meurtre,24,2.79
2017,Québec,Agression sexuelle grave (niveau 3),24,0.41
2017,Québec,"Agression sexuelle, niveau 2, armée ou causant des lésions corporelles",24,1.21
2017,Québec,Agression sexuelle de niveau 1,24,62.07
2017,Québec,Total des infractions sexuelles contre les enfants,24,30.38
2017,Québec,Voies de fait graves (niveau 3),24,3.67
2017,Québec,Voies de fait armées ou causant des lésions corporelles (niveau 2),24,122.43
2017,Québec,Voies de fait simples (niveau 1),24,403.99
2017,Québec,Total des vols qualifiés,24,44.0
2017,Québec,Menaces,24,203.62
2017,Québec,Total des autres infractions avec violence,24,28.0
2017,Ontario,Total des infractions de violence prévues au Code criminel,35,853.56
2017,Ontario,Homicide,35,1.4
2017,Ontario,Total des autres infractions entraînant la mort,35,0.21
2017,Ontario,Tentative de meurtre,35,2.04
2017,Ontario,Agression sexuelle grave (niveau 3),35,0.4
2017,Ontario,"Agression sexuelle, niveau 2, armée ou causant des lésions corporelles",35,1.07
2017,Ontario,Agression sexuelle de niveau 1,35,62.38
2017,Ontario,Total des infractions sexuelles contre les enfants,35,14.99
2017,Ontario,Voies de fait graves (niveau 3),35,7.66
2017,Ontario,Voies de fait armées ou causant des lésions corporelles (niveau 2),35,101.39
2017,Ontario,Voies de fait simples (niveau 1),35,337.31
2017,Ontario,Total des vols qualifiés,35,65.82
2017,Ontario,Menaces,35,113.75
2017,Ontario,Total des autres infractions avec violence,35,14.6
2017,Manitoba,Total des infractions de violence prévues au Code criminel,46,1987.21
2017,Manitoba,Homicide,46,3.52
2017,Manitoba,Total des autres infractions entraînant la mort,46,0.45
2017,Manitoba,Tentative de meurtre,46,3.07
2017,Manitoba,Agression sexuelle grave (niveau 3),46,1.05
2017,Manitoba,"Agression sexuelle, niveau 2, armée ou causant des lésions corporelles",46,1.95
2017,Manitoba,Agression sexuelle de niveau 1,46,103.77
2017,Manitoba,Total des infractions sexuelles contre les enfants,46,39.41
2017,Manitoba,Voies de fait graves (niveau 3),46,36.19
2017,Manitoba,Voies de fait armées ou causant des lésions corporelles (niveau 2),46,360.6
2017,Manitoba,Voies de fait simples (niveau 1),46,840.84
2017,Manitoba,Total des vols qualifiés,46,176.81
2017,Manitoba,Menaces,46,244.84
2017,Manitoba,Total des autres infractions avec violence,46,13.49
2017,Saskatchewan,Total des infractions de violence prévues au Code criminel,47,2096.72
2017,Saskatchewan,Homicide,47,3.31
2017,Saskatchewan,Total des autres infractions entraînant la mort,47,0.52
2017,Saskatchewan,Tentative de meurtre,47,3.66
2017,Saskatchewan,Agression sexuelle grave (niveau 3),47,0.61
2017,Saskatchewan,"Agression sexuelle, niveau 2, armée ou causant des lésions corporelles",47,1.83
2017,Saskatchewan,Agression sexuelle de niveau 1,47,98.67
2017,Saskatchewan,Total des infractions sexuelles contre les enfants,47,39.48
2017,Saskatchewan,Voies de fait graves (niveau 3),47,34.08
2017,Saskatchewan,Voies de fait armées ou causant des lésions corporelles (niveau 2),47,350.56
2017,Saskatchewan,Voies de fait simples (niveau 1),47,932.35
2017,Saskatchewan,Total des vols qualifiés,47,89.43
2017,Saskatchewan,Menaces,47,272.38
2017,Saskatchewan,Total des autres infractions avec violence,47,20.48
2017,Alberta,Total des infractions de violence prévues au Code criminel,48,1313.0
2017,Alberta,Homicide,48,2.81
2017,Alberta,Total des autres infractions entraînant la mort,48,0.35
2017,Alberta,Tentative de meurtre,48,1.42
2017,Alberta,Agression sexuelle grave (niveau 3),48,0.33
2017,Alberta,"Agression sexuelle, niveau 2, armée ou causant des lésions corporelles",48,1.75
2017,Alberta,Agression sexuelle de niveau 1,48,70.3
2017,Alberta,Total des infractions sexuelles contre les enfants,48,21.97
2017,Alberta,Voies de fait graves (niveau 3),48,16.1
2017,Alberta,Voies de fait armées ou causant des lésions corporelles (niveau 2),48,197.48
2017,Alberta,Voies de fait simples (niveau 1),48,541.99
2017,Alberta,Total des vols qualifiés,48,77.01
2017,Alberta,Menaces,48,180.21
2017,Alberta,Total des autres infractions avec violence,48,14.58
2017,Colombie-Britannique,Total des infractions de violence prévues au Code criminel,59,1085.08
2017,Colombie-Britannique,Homicide,59,2.41
2017,Colombie-Britannique,Total des autres infractions entraînant la mort,59,0.22
2017,Colombie-Britannique,Tentative de meurtre,59,2.33
2017,Colombie-Britannique,Agression sexuelle grave (niveau 3),59,0.57
2017,Colombie-Britannique,"Agression sexuelle, niveau 2, armée ou causant des lésions corporelles",59,0.63
2017,Colombie-Britannique,Agression sexuelle de niveau 1,59,54.44
2017,Colombie-Britannique,Total des infractions sexuelles contre les enfants,59,19.98
2017,Colombie-Britannique,Voies de fait graves (niveau 3),59,7.3
2017,Colombie-Britannique,Voies de fait armées ou causant des lésions corporelles (niveau 2),59,138.77
2017,Colombie-Britannique,Voies de fait simples (niveau 1),59,418.18
2017,Colombie-Britannique,Total des vols qualifiés,59,50.4
2017,Colombie-Britannique,Menaces,59,175.51
2017,Colombie-Britannique,Total des autres infractions avec violence,59,10.15
2017,Yukon,Total des infractions de violence prévues au Code criminel,60,3718.41
2017,Yukon,Homicide,60,20.24
2017,Yukon,Total des autres infractions entraînant la mort,60,0.0
2017,Yukon,Tentative de meurtre,60,5.06
2017,Yukon,Agression sexuelle grave (niveau 3),60,0.0
2017,Yukon,"Agression sexuelle, niveau 2, armée ou causant des lésions corporelles",60,2.53
2017,Yukon,Agression sexuelle de niveau 1,60,164.42
2017,Yukon,Total des infractions sexuelles contre les enfants,60,40.47
2017,Yukon,Voies de fait graves (niveau 3),60,37.94
2017,Yukon,Voies de fait armées ou causant des lésions corporelles (niveau 2),60,349.08
2017,Yukon,Voies de fait simples (niveau 1),60,1899.68
2017,Yukon,Total des vols qualifiés,60,30.35
2017,Yukon,Menaces,60,690.56
2017,Yukon,Total des autres infractions avec violence,60,45.53
2017,Territoires du Nord-Ouest,Total des infractions de violence prévues au Code criminel,61,8469.19
2017,Territoires du Nord-Ouest,Homicide,61,4.48
2017,Territoires du Nord-Ouest,Total des autres infractions entraînant la mort,61,0.0
2017,Territoires du Nord-Ouest,Tentative de meurtre,61,2.24
2017,Territoires du Nord-Ouest,Agression sexuelle grave (niveau 3),61,2.24
2017,Territoires du Nord-Ouest,"Agression sexuelle, niveau 2, armée ou causant des lésions corporelles",61,11.2
2017,Territoires du Nord-Ouest,Agression sexuelle de niveau 1,61,407.56
2017,Territoires du Nord-Ouest,Total des infractions sexuelles contre les enfants,61,123.16
2017,Territoires du Nord-Ouest,Voies de fait graves (niveau 3),61,76.14
2017,Territoires du Nord-Ouest,Voies de fait armées ou causant des lésions corporelles (niveau 2),61,953.96
2017,Territoires du Nord-Ouest,Voies de fait simples (niveau 1),61,4901.92
2017,Territoires du Nord-Ouest,Total des vols qualifiés,61,67.18
2017,Territoires du Nord-Ouest,Menaces,61,1193.57
2017,Territoires du Nord-Ouest,Total des autres infractions avec violence,61,53.74
2017,Nunavut,Total des infractions de violence prévues au Code criminel,62,8277.57
2017,Nunavut,Homicide,62,15.93
2017,Nunavut,Total des autres infractions entraînant la mort,62,0.0
2017,Nunavut,Tentative de meurtre,62,5.31
2017,Nunavut,Agression sexuelle grave (niveau 3),62,0.0
2017,Nunavut,"Agression sexuelle, niveau 2, armée ou causant des lésions corporelles",62,2.66
2017,Nunavut,Agression sexuelle de niveau 1,62,395.69
2017,Nunavut,Total des infractions sexuelles contre les enfants,62,217.76
2017,Nunavut,Voies de fait graves (niveau 3),62,140.75
2017,Nunavut,Voies de fait armées ou causant des lésions corporelles (niveau 2),62,908.22
2017,Nunavut,Voies de fait simples (niveau 1),62,4421.61
2017,Nunavut,Total des vols qualifiés,62,39.83
2017,Nunavut,Menaces,62,1155.19
2017,Nunavut,Total des autres infractions avec violence,62,47.8
2018,Canada,Homicide,,1.77
2018,Canada,Total des autres infractions entraînant la mort,,0.36
2018,Canada,Tentative de meurtre,,2.21
2018,Canada,Agression sexuelle grave (niveau 3),,0.43
2018,Canada,"Agression sexuelle, niveau 2, armée ou causant des lésions corporelles",,1.32
2018,Canada,Agression sexuelle de niveau 1,,75.28
2018,Canada,Total des infractions sexuelles contre les enfants,,24.48
2018,Canada,Voies de fait graves (niveau 3),,9.67
2018,Canada,Voies de fait armées ou causant des lésions corporelles (niveau 2),,146.25
2018,Canada,Voies de fait simples (niveau 1),,458.93
2018,Canada,Total des vols qualifiés,,60.83
2018,Canada,Menaces,,180.2
2018,Canada,Total des autres infractions avec violence,,15.94
2018,Terre-Neuve-et-Labrador,Total des infractions de violence prévues au Code criminel,10,1346.7
2018,Terre-Neuve-et-Labrador,Homicide,10,0.38
2018,Terre-Neuve-et-Labrador,Total des autres infractions entraînant la mort,10,0.38
2018,Terre-Neuve-et-Labrador,Tentative de meurtre,10,0.76
2018,Terre-Neuve-et-Labrador,Agression sexuelle grave (niveau 3),10,0.0
2018,Terre-Neuve-et-Labrador,"Agression sexuelle, niveau 2, armée ou causant des lésions corporelles",10,0.95
2018,Terre-Neuve-et-Labrador,Agression sexuelle de niveau 1,10,65.29
2018,Terre-Neuve-et-Labrador,Total des infractions sexuelles contre les enfants,10,23.09
2018,Terre-Neuve-et-Labrador,Voies de fait graves (niveau 3),10,6.81
2018,Terre-Neuve-et-Labrador,Voies de fait armées ou causant des lésions corporelles (niveau 2),10,110.71
2018,Terre-Neuve-et-Labrador,Voies de fait simples (niveau 1),10,563.78
2018,Terre-Neuve-et-Labrador,Total des vols qualifiés,10,40.69
2018,Terre-Neuve-et-Labrador,Menaces,10,332.13
2018,Terre-Neuve-et-Labrador,Total des autres infractions avec violence,10,18.55
2018,Île-du-Prince-Édouard,Total des infractions de violence prévues au Code criminel,11,1021.29
2018,Île-du-Prince-Édouard,Homicide,11,0.0
2018,Île-du-Prince-Édouard,Total des autres infractions entraînant la mort,11,0.0
2018,Île-du-Prince-Édouard,Tentative de meurtre,11,0.66
2018,Île-du-Prince-Édouard,Agression sexuelle grave (niveau 3),11,0.66
2018,Île-du-Prince-Édouard,"Agression sexuelle, niveau 2, armée ou causant des lésions corporelles",11,0.66
2018,Île-du-Prince-Édouard,Agression sexuelle de niveau 1,11,68.96
2018,Île-du-Prince-Édouard,Total des infractions sexuelles contre les enfants,11,23.64
2018,Île-du-Prince-Édouard,Voies de fait graves (niveau 3),11,1.97
2018,Île-du-Prince-Édouard,Voies de fait armées ou causant des lésions corporelles (niveau 2),11,69.62
2018,Île-du-Prince-Édouard,Voies de fait simples (niveau 1),11,417.05
2018,Île-du-Prince-Édouard,Total des vols qualifiés,11,13.79
2018,Île-du-Prince-Édouard,Menaces,11,226.59
2018,Île-du-Prince-Édouard,Total des autres infractions avec violence,11,14.45
2018,Nouvelle-Écosse,Total des infractions de violence prévues au Code criminel,12,1271.53
2018,Nouvelle-Écosse,Homicide,12,1.14
2018,Nouvelle-Écosse,Total des autres infractions entraînant la mort,12,0.31
2018,Nouvelle-Écosse,Tentative de meurtre,12,1.97
2018,Nouvelle-Écosse,Agression sexuelle grave (niveau 3),12,0.73
2018,Nouvelle-Écosse,"Agression sexuelle, niveau 2, armée ou causant des lésions corporelles",12,0.73
2018,Nouvelle-Écosse,Agression sexuelle de niveau 1,12,107.48
2018,Nouvelle-Écosse,Total des infractions sexuelles contre les enfants,12,27.03
2018,Nouvelle-Écosse,Voies de fait graves (niveau 3),12,8.32
2018,Nouvelle-Écosse,Voies de fait armées ou causant des lésions corporelles (niveau 2),12,111.43
2018,Nouvelle-Écosse,Voies de fait simples (niveau 1),12,478.34
2018,Nouvelle-Écosse,Total des vols qualifiés,12,32.64
2018,Nouvelle-Écosse,Menaces,12,251.12
2018,Nouvelle-Écosse,Total des autres infractions avec violence,12,18.4
2018,Nouveau-Brunswick,Total des infractions de violence prévues au Code criminel,13,1347.7
2018,Nouveau-Brunswick,Homicide,13,1.69
2018,Nouveau-Brunswick,Total des autres infractions entraînant la mort,13,0.52
2018,Nouveau-Brunswick,Tentative de meurtre,13,1.17
2018,Nouveau-Brunswick,Agression sexuelle grave (niveau 3),13,0.26
2018,Nouveau-Brunswick,"Agression sexuelle, niveau 2, armée ou causant des lésions corporelles",13,0.78
2018,Nouveau-Brunswick,Agression sexuelle de niveau 1,13,71.38
2018,Nouveau-Brunswick,Total des infractions sexuelles contre les enfants,13,24.92
2018,Nouveau-Brunswick,Voies de fait graves (niveau 3),13,9.09
2018,Nouveau-Brunswick,Voies de fait armées ou causant des lésions corporelles (niveau 2),13,129.79
2018,Nouveau-Brunswick,Voies de fait simples (niveau 1),13,561.72
2018,Nouveau-Brunswick,Total des vols qualifiés,13,26.48
2018,Nouveau-Brunswick,Menaces,13,292.54
2018,Nouveau-Brunswick,Total des autres infractions avec violence,13,15.06
2018,Québec,Total des infractions de violence prévues au Code criminel,24,1076.76
2018,Québec,Homicide,24,0.99
2018,Québec,Total des autres infractions entraînant la mort,24,0.51
2018,Québec,Tentative de meurtre,24,2.22
2018,Québec,Agression sexuelle grave (niveau 3),24,0.42
2018,Québec,"Agression sexuelle, niveau 2, armée ou causant des lésions corporelles",24,1.17
2018,Québec,Agression sexuelle de niveau 1,24,65.97
2018,Québec,Total des infractions sexuelles contre les enfants,24,32.25
2018,Québec,Voies de fait graves (niveau 3),24,3.34
2018,Québec,Voies de fait armées ou causant des lésions corporelles (niveau 2),24,122.75
2018,Québec,Voies de fait simples (niveau 1),24,410.65
2018,Québec,Total des vols qualifiés,24,38.63
2018,Québec,Menaces,24,206.65
2018,Québec,Total des autres infractions avec violence,24,28.2
2018,Ontario,Total des infractions de violence prévues au Code criminel,35,904.32
2018,Ontario,Homicide,35,1.9
2018,Ontario,Total des autres infractions entraînant la mort,35,0.36
2018,Ontario,Tentative de meurtre,35,2.64
2018,Ontario,Agression sexuelle grave (niveau 3),35,0.26
2018,Ontario,"Agression sexuelle, niveau 2, armée ou causant des lésions corporelles",35,1.23
2018,Ontario,Agression sexuelle de niveau 1,35,73.77
2018,Ontario,Total des infractions sexuelles contre les enfants,35,15.9
2018,Ontario,Voies de fait graves (niveau 3),35,7.36
2018,Ontario,Voies de fait armées ou causant des lésions corporelles (niveau 2),35,107.42
2018,Ontario,Voies de fait simples (niveau 1),35,357.49
2018,Ontario,Total des vols qualifiés,35,61.77
2018,Ontario,Menaces,35,125.17
2018,Ontario,Total des autres infractions avec violence,35,10.76
2018,Manitoba,Total des infractions de violence prévues au Code criminel,46,1999.35
2018,Manitoba,Homicide,46,4.07
2018,Manitoba,Total des autres infractions entraînant la mort,46,0.37
2018,Manitoba,Tentative de meurtre,46,2.66
2018,Manitoba,Agression sexuelle grave (niveau 3),46,1.33
2018,Manitoba,"Agression sexuelle, niveau 2, armée ou causant des lésions corporelles",46,1.77
2018,Manitoba,Agression sexuelle de niveau 1,46,107.86
2018,Manitoba,Total des infractions sexuelles contre les enfants,46,43.62
2018,Manitoba,Voies de fait graves (niveau 3),46,36.59
2018,Manitoba,Voies de fait armées ou causant des lésions corporelles (niveau 2),46,366.97
2018,Manitoba,Voies de fait simples (niveau 1),46,813.86
2018,Manitoba,Total des vols qualifiés,46,197.46
2018,Manitoba,Menaces,46,245.73
2018,Manitoba,Total des autres infractions avec violence,46,14.79
2018,Saskatchewan,Total des infractions de violence prévues au Code criminel,47,2006.38
2018,Saskatchewan,Homicide,47,2.94
2018,Saskatchewan,Total des autres infractions entraînant la mort,47,0.09
2018,Saskatchewan,Tentative de meurtre,47,3.11
2018,Saskatchewan,Agression sexuelle grave (niveau 3),47,1.47
2018,Saskatchewan,"Agression sexuelle, niveau 2, armée ou causant des lésions corporelles",47,1.38
2018,Saskatchewan,Agression sexuelle de niveau 1,47,108.54
2018,Saskatchewan,Total des infractions sexuelles contre les enfants,47,34.42
2018,Saskatchewan,Voies de fait graves (niveau 3),47,33.38
2018,Saskatchewan,Voies de fait armées ou causant des lésions corporelles (niveau 2),47,330.04
2018,Saskatchewan,Voies de fait simples (niveau 1),47,868.87
2018,Saskatchewan,Total des vols qualifiés,47,86.06
2018,Saskatchewan,Menaces,47,260.33
2018,Saskatchewan,Total des autres infractions avec violence,47,19.29
2018,Alberta,Total des infractions de violence prévues au Code criminel,48,1339.41
2018,Alberta,Homicide,48,1.89
2018,Alberta,Total des autres infractions entraînant la mort,48,0.05
2018,Alberta,Tentative de meurtre,48,1.23
2018,Alberta,Agression sexuelle grave (niveau 3),48,0.54
2018,Alberta,"Agression sexuelle, niveau 2, armée ou causant des lésions corporelles",48,2.07
2018,Alberta,Agression sexuelle de niveau 1,48,80.07
2018,Alberta,Total des infractions sexuelles contre les enfants,48,27.51
2018,Alberta,Voies de fait graves (niveau 3),48,17.08
2018,Alberta,Voies de fait armées ou causant des lésions corporelles (niveau 2),48,201.88
2018,Alberta,Voies de fait simples (niveau 1),48,547.11
2018,Alberta,Total des vols qualifiés,48,81.33
2018,Alberta,Menaces,48,174.16
2018,Alberta,Total des autres infractions avec violence,48,12.65
2018,Colombie-Britannique,Total des infractions de violence prévues au Code criminel,59,1176.82
2018,Colombie-Britannique,Homicide,59,1.79
2018,Colombie-Britannique,Total des autres infractions entraînant la mort,59,0.42
2018,Colombie-Britannique,Tentative de meurtre,59,1.75
2018,Colombie-Britannique,Agression sexuelle grave (niveau 3),59,0.16
2018,Colombie-Britannique,"Agression sexuelle, niveau 2, armée ou causant des lésions corporelles",59,1.27
2018,Colombie-Britannique,Agression sexuelle de niveau 1,59,63.99
2018,Colombie-Britannique,Total des infractions sexuelles contre les enfants,59,22.59
2018,Colombie-Britannique,Voies de fait graves (niveau 3),59,6.65
2018,Colombie-Britannique,Voies de fait armées ou causant des lésions corporelles (niveau 2),59,146.05
2018,Colombie-Britannique,Voies de fait simples (niveau 1),59,448.68
2018,Colombie-Britannique,Total des vols qualifiés,59,49.43
2018,Colombie-Britannique,Menaces,59,193.25
2018,Colombie-Britannique,Total des autres infractions avec violence,59,11.35
2018,Yukon,Total des infractions de violence prévues au Code criminel,60,3927.93
2018,Yukon,Homicide,60,7.43
2018,Yukon,Total des autres infractions entraînant la mort,60,0.0
2018,Yukon,Tentative de meurtre,60,4.95
2018,Yukon,Agression sexuelle grave (niveau 3),60,4.95
2018,Yukon,"Agression sexuelle, niveau 2, armée ou causant des lésions corporelles",60,4.95
2018,Yukon,Agression sexuelle de niveau 1,60,198.01
2018,Yukon,Total des infractions sexuelles contre les enfants,60,69.3
2018,Yukon,Voies de fait graves (niveau 3),60,29.7
2018,Yukon,Voies de fait armées ou causant des lésions corporelles (niveau 2),60,517.29
2018,Yukon,Voies de fait simples (niveau 1),60,1989.95
2018,Yukon,Total des vols qualifiés,60,39.6
2018,Yukon,Menaces,60,638.57
2018,Yukon,Total des autres infractions avec violence,60,12.38
2018,Territoires du Nord-Ouest,Total des infractions de violence prévues au Code criminel,61,8730.02
2018,Territoires du Nord-Ouest,Homicide,61,13.47
2018,Territoires du Nord-Ouest,Total des autres infractions entraînant la mort,61,0.0
2018,Territoires du Nord-Ouest,Tentative de meurtre,61,2.25
2018,Territoires du Nord-Ouest,Agression sexuelle grave (niveau 3),61,2.25
2018,Territoires du Nord-Ouest,"Agression sexuelle, niveau 2, armée ou causant des lésions corporelles",61,0.0
2018,Territoires du Nord-Ouest,Agression sexuelle de niveau 1,61,363.75
2018,Territoires du Nord-Ouest,Total des infractions sexuelles contre les enfants,61,141.46
2018,Territoires du Nord-Ouest,Voies de fait graves (niveau 3),61,85.32
2018,Territoires du Nord-Ouest,Voies de fait armées ou causant des lésions corporelles (niveau 2),61,886.92
2018,Territoires du Nord-Ouest,Voies de fait simples (niveau 1),61,5164.36
2018,Territoires du Nord-Ouest,Total des vols qualifiés,61,87.57
2018,Territoires du Nord-Ouest,Menaces,61,1216.99
2018,Territoires du Nord-Ouest,Total des autres infractions avec violence,61,49.4
2018,Nunavut,Total des infractions de violence prévues au Code criminel,62,8830.44
2018,Nunavut,Homicide,62,20.88
2018,Nunavut,Total des autres infractions entraînant la mort,62,0.0
2018,Nunavut,Tentative de meurtre,62,20.88
2018,Nunavut,Agression sexuelle grave (niveau 3),62,18.27
2018,Nunavut,"Agression sexuelle, niveau 2, armée ou causant des lésions corporelles",62,5.22
2018,Nunavut,Agression sexuelle de niveau 1,62,435.78
2018,Nunavut,Total des infractions sexuelles contre les enfants,62,229.63
2018,Nunavut,Voies de fait graves (niveau 3),62,164.4
2018,Nunavut,Voies de fait armées ou causant des lésions corporelles (niveau 2),62,1009.86
2018,Nunavut,Voies de fait simples (niveau 1),62,4603.1
2018,Nunavut,Total des vols qualifiés,62,33.92
2018,Nunavut,Menaces,62,1195.14
2018,Nunavut,Total des autres infractions avec violence,62,73.07
2019,Canada,Homicide,,1.83
2019,Canada,Total des autres infractions entraînant la mort,,0.31
2019,Canada,Tentative de meurtre,,2.33
2019,Canada,Agression sexuelle grave (niveau 3),,0.33
2019,Canada,"Agression sexuelle, niveau 2, armée ou causant des lésions corporelles",,1.42
2019,Canada,Agression sexuelle de niveau 1,,80.64
2019,Canada,Total des infractions sexuelles contre les enfants,,27.48
2019,Canada,Voies de fait graves (niveau 3),,10.56
2019,Canada,Voies de fait armées ou causant des lésions corporelles (niveau 2),,158.71
2019,Canada,Voies de fait simples (niveau 1),,500.25
2019,Canada,Total des vols qualifiés,,62.13
2019,Canada,Menaces,,214.86
2019,Canada,Total des autres infractions avec violence,,19.31
2019,Terre-Neuve-et-Labrador,Total des infractions de violence prévues au Code criminel,10,1543.66
2019,Terre-Neuve-et-Labrador,Homicide,10,0.95
2019,Terre-Neuve-et-Labrador,Total des autres infractions entraînant la mort,10,0.0
2019,Terre-Neuve-et-Labrador,Tentative de meurtre,10,0.76
2019,Terre-Neuve-et-Labrador,Agression sexuelle grave (niveau 3),10,0.0
2019,Terre-Neuve-et-Labrador,"Agression sexuelle, niveau 2, armée ou causant des lésions corporelles",10,0.95
2019,Terre-Neuve-et-Labrador,Agression sexuelle de niveau 1,10,72.97
2019,Terre-Neuve-et-Labrador,Total des infractions sexuelles contre les enfants,10,29.38
2019,Terre-Neuve-et-Labrador,Voies de fait graves (niveau 3),10,5.69
2019,Terre-Neuve-et-Labrador,Voies de fait armées ou causant des lésions corporelles (niveau 2),10,136.46
2019,Terre-Neuve-et-Labrador,Voies de fait simples (niveau 1),10,633.76
2019,Terre-Neuve-et-Labrador,Total des vols qualifiés,10,31.27
2019,Terre-Neuve-et-Labrador,Menaces,10,393.83
2019,Terre-Neuve-et-Labrador,Total des autres infractions avec violence,10,18.95
2019,Île-du-Prince-Édouard,Total des infractions de violence prévues au Code criminel,11,1286.97
2019,Île-du-Prince-Édouard,Homicide,11,1.28
2019,Île-du-Prince-Édouard,Total des autres infractions entraînant la mort,11,0.64
2019,Île-du-Prince-Édouard,Tentative de meurtre,11,0.0
2019,Île-du-Prince-Édouard,Agression sexuelle grave (niveau 3),11,0.0
2019,Île-du-Prince-Édouard,"Agression sexuelle, niveau 2, armée ou causant des lésions corporelles",11,0.0
2019,Île-du-Prince-Édouard,Agression sexuelle de niveau 1,11,84.73
2019,Île-du-Prince-Édouard,Total des infractions sexuelles contre les enfants,11,33.38
2019,Île-du-Prince-Édouard,Voies de fait graves (niveau 3),11,1.93
2019,Île-du-Prince-Édouard,Voies de fait armées ou causant des lésions corporelles (niveau 2),11,68.04
2019,Île-du-Prince-Édouard,Voies de fait simples (niveau 1),11,471.78
2019,Île-du-Prince-Édouard,Total des vols qualifiés,11,15.41
2019,Île-du-Prince-Édouard,Menaces,11,268.95
2019,Île-du-Prince-Édouard,Total des autres infractions avec violence,11,21.82
2019,Nouvelle-Écosse,Total des infractions de violence prévues au Code criminel,12,1413.1
2019,Nouvelle-Écosse,Homicide,12,0.61
2019,Nouvelle-Écosse,Total des autres infractions entraînant la mort,12,0.82
2019,Nouvelle-Écosse,Tentative de meurtre,12,4.3
2019,Nouvelle-Écosse,Agression sexuelle grave (niveau 3),12,0.41
2019,Nouvelle-Écosse,"Agression sexuelle, niveau 2, armée ou causant des lésions corporelles",12,1.54
2019,Nouvelle-Écosse,Agression sexuelle de niveau 1,12,90.49
2019,Nouvelle-Écosse,Total des infractions sexuelles contre les enfants,12,32.08
2019,Nouvelle-Écosse,Voies de fait graves (niveau 3),12,10.76
2019,Nouvelle-Écosse,Voies de fait armées ou causant des lésions corporelles (niveau 2),12,118.67
2019,Nouvelle-Écosse,Voies de fait simples (niveau 1),12,509.74
2019,Nouvelle-Écosse,Total des vols qualifiés,12,24.49
2019,Nouvelle-Écosse,Menaces,12,312.77
2019,Nouvelle-Écosse,Total des autres infractions avec violence,12,26.34
2019,Nouveau-Brunswick,Total des infractions de violence prévues au Code criminel,13,1602.81
2019,Nouveau-Brunswick,Homicide,13,2.19
2019,Nouveau-Brunswick,Total des autres infractions entraînant la mort,13,0.39
2019,Nouveau-Brunswick,Tentative de meurtre,13,2.19
2019,Nouveau-Brunswick,Agression sexuelle grave (niveau 3),13,0.13
2019,Nouveau-Brunswick,"Agression sexuelle, niveau 2, armée ou causant des lésions corporelles",13,0.9
2019,Nouveau-Brunswick,Agression sexuelle de niveau 1,13,80.4
2019,Nouveau-Brunswick,Total des infractions sexuelles contre les enfants,13,29.46
2019,Nouveau-Brunswick,Voies de fait graves (niveau 3),13,9.52
2019,Nouveau-Brunswick,Voies de fait armées ou causant des lésions corporelles (niveau 2),13,142.27
2019,Nouveau-Brunswick,Voies de fait simples (niveau 1),13,642.79
2019,Nouveau-Brunswick,Total des vols qualifiés,13,21.61
2019,Nouveau-Brunswick,Menaces,13,341.79
2019,Nouveau-Brunswick,Total des autres infractions avec violence,13,32.67
2019,Québec,Total des infractions de violence prévues au Code criminel,24,1129.95
2019,Québec,Homicide,24,0.91
2019,Québec,Total des autres infractions entraînant la mort,24,0.53
2019,Québec,Tentative de meurtre,24,2.39
2019,Québec,Agression sexuelle grave (niveau 3),24,0.29
2019,Québec,"Agression sexuelle, niveau 2, armée ou causant des lésions corporelles",24,1.32
2019,Québec,Agression sexuelle de niveau 1,24,68.62
2019,Québec,Total des infractions sexuelles contre les enfants,24,35.58
2019,Québec,Voies de fait graves (niveau 3),24,3.57
2019,Québec,Voies de fait armées ou causant des lésions corporelles (niveau 2),24,132.03
2019,Québec,Voies de fait simples (niveau 1),24,432.26
2019,Québec,Total des vols qualifiés,24,40.48
2019,Québec,Menaces,24,212.2
2019,Québec,Total des autres infractions avec violence,24,29.43
2019,Ontario,Total des infractions de violence prévues au Code criminel,35,940.34
2019,Ontario,Homicide,35,1.74
2019,Ontario,Total des autres infractions entraînant la mort,35,0.2
2019,Ontario,Tentative de meurtre,35,2.39
2019,Ontario,Agression sexuelle grave (niveau 3),35,0.21
2019,Ontario,"Agression sexuelle, niveau 2, armée ou causant des lésions corporelles",35,1.48
2019,Ontario,Agression sexuelle de niveau 1,35,74.39
2019,Ontario,Total des infractions sexuelles contre les enfants,35,15.91
2019,Ontario,Voies de fait graves (niveau 3),35,7.78
2019,Ontario,Voies de fait armées ou causant des lésions corporelles (niveau 2),35,109.51
2019,Ontario,Voies de fait simples (niveau 1),35,370.3
2019,Ontario,Total des vols qualifiés,35,61.37
2019,Ontario,Menaces,35,134.9
2019,Ontario,Total des autres infractions avec violence,35,13.06
2019,Manitoba,Total des infractions de violence prévues au Code criminel,46,2198.41
2019,Manitoba,Homicide,46,5.26
2019,Manitoba,Total des autres infractions entraînant la mort,46,0.22
2019,Manitoba,Tentative de meurtre,46,2.04
2019,Manitoba,Agression sexuelle grave (niveau 3),46,0.51
2019,Manitoba,"Agression sexuelle, niveau 2, armée ou causant des lésions corporelles",46,2.19
2019,Manitoba,Agression sexuelle de niveau 1,46,120.87
2019,Manitoba,Total des infractions sexuelles contre les enfants,46,47.81
2019,Manitoba,Voies de fait graves (niveau 3),46,40.87
2019,Manitoba,Voies de fait armées ou causant des lésions corporelles (niveau 2),46,410.72
2019,Manitoba,Voies de fait simples (niveau 1),46,880.05
2019,Manitoba,Total des vols qualifiés,46,196.49
2019,Manitoba,Menaces,46,284.01
2019,Manitoba,Total des autres infractions avec violence,46,21.82
2019,Saskatchewan,Total des infractions de violence prévues au Code criminel,47,2287.88
2019,Saskatchewan,Homicide,47,4.72
2019,Saskatchewan,Total des autres infractions entraînant la mort,47,0.26
2019,Saskatchewan,Tentative de meurtre,47,6.1
2019,Saskatchewan,Agression sexuelle grave (niveau 3),47,1.29
2019,Saskatchewan,"Agression sexuelle, niveau 2, armée ou causant des lésions corporelles",47,1.2
2019,Saskatchewan,Agression sexuelle de niveau 1,47,123.43
2019,Saskatchewan,Total des infractions sexuelles contre les enfants,47,45.87
2019,Saskatchewan,Voies de fait graves (niveau 3),47,38.57
2019,Saskatchewan,Voies de fait armées ou causant des lésions corporelles (niveau 2),47,362.56
2019,Saskatchewan,Voies de fait simples (niveau 1),47,967.43
2019,Saskatchewan,Total des vols qualifiés,47,95.77
2019,Saskatchewan,Menaces,47,316.43
2019,Saskatchewan,Total des autres infractions avec violence,47,31.69
2019,Alberta,Total des infractions de violence prévues au Code criminel,48,1462.7
2019,Alberta,Homicide,48,2.3
2019,Alberta,Total des autres infractions entraînant la mort,48,0.05
2019,Alberta,Tentative de meurtre,48,1.22
2019,Alberta,Agression sexuelle grave (niveau 3),48,0.62
2019,Alberta,"Agression sexuelle, niveau 2, armée ou causant des lésions corporelles",48,1.81
2019,Alberta,Agression sexuelle de niveau 1,48,88.86
2019,Alberta,Total des infractions sexuelles contre les enfants,48,32.05
2019,Alberta,Voies de fait graves (niveau 3),48,19.17
2019,Alberta,Voies de fait armées ou causant des lésions corporelles (niveau 2),48,215.21
2019,Alberta,Voies de fait simples (niveau 1),48,568.31
2019,Alberta,Total des vols qualifiés,48,83.83
2019,Alberta,Menaces,48,210.36
2019,Alberta,Total des autres infractions avec violence,48,15.68
2019,Colombie-Britannique,Total des infractions de violence prévues au Code criminel,59,1561.59
2019,Colombie-Britannique,Homicide,59,1.76
2019,Colombie-Britannique,Total des autres infractions entraînant la mort,59,0.47
2019,Colombie-Britannique,Tentative de meurtre,59,1.98
2019,Colombie-Britannique,Agression sexuelle grave (niveau 3),59,0.2
2019,Colombie-Britannique,"Agression sexuelle, niveau 2, armée ou causant des lésions corporelles",59,1.06
2019,Colombie-Britannique,Agression sexuelle de niveau 1,59,79.98
2019,Colombie-Britannique,Total des infractions sexuelles contre les enfants,59,28.82
2019,Colombie-Britannique,Voies de fait graves (niveau 3),59,6.69
2019,Colombie-Britannique,Voies de fait armées ou causant des lésions corporelles (niveau 2),59,175.42
2019,Colombie-Britannique,Voies de fait simples (niveau 1),59,574.74
2019,Colombie-Britannique,Total des vols qualifiés,59,56.07
2019,Colombie-Britannique,Menaces,59,320.7
2019,Colombie-Britannique,Total des autres infractions avec violence,59,15.1
2019,Yukon,Total des infractions de violence prévues au Code criminel,60,5071.99
2019,Yukon,Homicide,60,2.43
2019,Yukon,Total des autres infractions entraînant la mort,60,0.0
2019,Yukon,Tentative de meurtre,60,2.43
2019,Yukon,Agression sexuelle grave (niveau 3),60,2.43
2019,Yukon,"Agression sexuelle, niveau 2, armée ou causant des lésions corporelles",60,4.86
2019,Yukon,Agression sexuelle de niveau 1,60,301.07
2019,Yukon,Total des infractions sexuelles contre les enfants,60,67.98
2019,Yukon,Voies de fait graves (niveau 3),60,29.14
2019,Yukon,Voies de fait armées ou causant des lésions corporelles (niveau 2),60,524.44
2019,Yukon,Voies de fait simples (niveau 1),60,2512.93
2019,Yukon,Total des vols qualifiés,60,53.41
2019,Yukon,Menaces,60,968.75
2019,Yukon,Total des autres infractions avec violence,60,38.85
2019,Territoires du Nord-Ouest,Total des infractions de violence prévues au Code criminel,61,11205.62
2019,Territoires du Nord-Ouest,Homicide,61,4.5
2019,Territoires du Nord-Ouest,Total des autres infractions entraînant la mort,61,0.0
2019,Territoires du Nord-Ouest,Tentative de meurtre,61,2.25
2019,Territoires du Nord-Ouest,Agression sexuelle grave (niveau 3),61,4.5
2019,Territoires du Nord-Ouest,"Agression sexuelle, niveau 2, armée ou causant des lésions corporelles",61,2.25
2019,Territoires du Nord-Ouest,Agression sexuelle de niveau 1,61,582.78
2019,Territoires du Nord-Ouest,Total des infractions sexuelles contre les enfants,61,144.01
2019,Territoires du Nord-Ouest,Voies de fait graves (niveau 3),61,96.76
2019,Territoires du Nord-Ouest,Voies de fait armées ou causant des lésions corporelles (niveau 2),61,1140.81
2019,Territoires du Nord-Ouest,Voies de fait simples (niveau 1),61,6282.35
2019,Territoires du Nord-Ouest,Total des vols qualifiés,61,81.0
2019,Territoires du Nord-Ouest,Menaces,61,1770.85
2019,Territoires du Nord-Ouest,Total des autres infractions avec violence,61,103.51
2019,Nunavut,Total des infractions de violence prévues au Code criminel,62,11071.35
2019,Nunavut,Homicide,62,18.02
2019,Nunavut,Total des autres infractions entraînant la mort,62,0.0
2019,Nunavut,Tentative de meurtre,62,15.45
2019,Nunavut,Agression sexuelle grave (niveau 3),62,5.15
2019,Nunavut,"Agression sexuelle, niveau 2, armée ou causant des lésions corporelles",62,0.0
2019,Nunavut,Agression sexuelle de niveau 1,62,550.99
2019,Nunavut,Total des infractions sexuelles contre les enfants,62,265.2
2019,Nunavut,Voies de fait graves (niveau 3),62,213.7
2019,Nunavut,Voies de fait armées ou causant des lésions corporelles (niveau 2),62,1403.23
2019,Nunavut,Voies de fait simples (niveau 1),62,5733.93
2019,Nunavut,Total des vols qualifiés,62,38.62
2019,Nunavut,Menaces,62,1665.85
2019,Nunavut,Total des autres infractions avec violence,62,87.54
2020,Canada,Homicide,,2.0
2020,Canada,Total des autres infractions entraînant la mort,,0.31
2020,Canada,Tentative de meurtre,,2.24
2020,Canada,Agression sexuelle grave (niveau 3),,0.37
2020,Canada,"Agression sexuelle, niveau 2, armée ou causant des lésions corporelles",,1.64
2020,Canada,Agression sexuelle de niveau 1,,74.01
2020,Canada,Total des infractions sexuelles contre les enfants,,28.26
2020,Canada,Voies de fait graves (niveau 3),,10.2
2020,Canada,Voies de fait armées ou causant des lésions corporelles (niveau 2),,172.24
2020,Canada,Voies de fait simples (niveau 1),,470.57
2020,Canada,Total des vols qualifiés,,50.88
2020,Canada,Menaces,,223.04
2020,Canada,Total des autres infractions avec violence,,19.64
2020,Terre-Neuve-et-Labrador,Total des infractions de violence prévues au Code criminel,10,1659.19
2020,Terre-Neuve-et-Labrador,Homicide,10,0.76
2020,Terre-Neuve-et-Labrador,Total des autres infractions entraînant la mort,10,0.38
2020,Terre-Neuve-et-Labrador,Tentative de meurtre,10,0.19
2020,Terre-Neuve-et-Labrador,Agression sexuelle grave (niveau 3),10,0.0
2020,Terre-Neuve-et-Labrador,"Agression sexuelle, niveau 2, armée ou causant des lésions corporelles",10,0.57
2020,Terre-Neuve-et-Labrador,Agression sexuelle de niveau 1,10,78.58
2020,Terre-Neuve-et-Labrador,Total des infractions sexuelles contre les enfants,10,29.99
2020,Terre-Neuve-et-Labrador,Voies de fait graves (niveau 3),10,7.59
2020,Terre-Neuve-et-Labrador,Voies de fait armées ou causant des lésions corporelles (niveau 2),10,153.92
2020,Terre-Neuve-et-Labrador,Voies de fait simples (niveau 1),10,676.43
2020,Terre-Neuve-et-Labrador,Total des vols qualifiés,10,24.1
2020,Terre-Neuve-et-Labrador,Menaces,10,424.76
2020,Terre-Neuve-et-Labrador,Total des autres infractions avec violence,10,18.41
2020,Île-du-Prince-Édouard,Total des infractions de violence prévues au Code criminel,11,1274.55
2020,Île-du-Prince-Édouard,Homicide,11,0.63
2020,Île-du-Prince-Édouard,Total des autres infractions entraînant la mort,11,0.0
2020,Île-du-Prince-Édouard,Tentative de meurtre,11,0.0
2020,Île-du-Prince-Édouard,Agression sexuelle grave (niveau 3),11,0.63
2020,Île-du-Prince-Édouard,"Agression sexuelle, niveau 2, armée ou causant des lésions corporelles",11,0.63
2020,Île-du-Prince-Édouard,Agression sexuelle de niveau 1,11,74.75
2020,Île-du-Prince-Édouard,Total des infractions sexuelles contre les enfants,11,27.64
2020,Île-du-Prince-Édouard,Voies de fait graves (niveau 3),11,3.14
2020,Île-du-Prince-Édouard,Voies de fait armées ou causant des lésions corporelles (niveau 2),11,70.35
2020,Île-du-Prince-Édouard,Voies de fait simples (niveau 1),11,408.94
2020,Île-du-Prince-Édouard,Total des vols qualifiés,11,5.03
2020,Île-du-Prince-Édouard,Menaces,11,309.69
2020,Île-du-Prince-Édouard,Total des autres infractions avec violence,11,24.5
2020,Nouvelle-Écosse,Total des infractions de violence prévues au Code criminel,12,1501.06
2020,Nouvelle-Écosse,Homicide,12,3.74
2020,Nouvelle-Écosse,Total des autres infractions entraînant la mort,12,0.2
2020,Nouvelle-Écosse,Tentative de meurtre,12,4.85
2020,Nouvelle-Écosse,Agression sexuelle grave (niveau 3),12,0.91
2020,Nouvelle-Écosse,"Agression sexuelle, niveau 2, armée ou causant des lésions corporelles",12,1.31
2020,Nouvelle-Écosse,Agression sexuelle de niveau 1,12,85.83
2020,Nouvelle-Écosse,Total des infractions sexuelles contre les enfants,12,32.96
2020,Nouvelle-Écosse,Voies de fait graves (niveau 3),12,7.08
2020,Nouvelle-Écosse,Voies de fait armées ou causant des lésions corporelles (niveau 2),12,144.06
2020,Nouvelle-Écosse,Voies de fait simples (niveau 1),12,518.62
2020,Nouvelle-Écosse,Total des vols qualifiés,12,26.89
2020,Nouvelle-Écosse,Menaces,12,360.61
2020,Nouvelle-Écosse,Total des autres infractions avec violence,12,31.84
2020,Nouveau-Brunswick,Total des infractions de violence prévues au Code criminel,13,1634.09
2020,Nouveau-Brunswick,Homicide,13,1.79
2020,Nouveau-Brunswick,Total des autres infractions entraînant la mort,13,0.51
2020,Nouveau-Brunswick,Tentative de meurtre,13,1.15
2020,Nouveau-Brunswick,Agression sexuelle grave (niveau 3),13,0.38
2020,Nouveau-Brunswick,"Agression sexuelle, niveau 2, armée ou causant des lésions corporelles",13,1.02
2020,Nouveau-Brunswick,Agression sexuelle de niveau 1,13,76.46
2020,Nouveau-Brunswick,Total des infractions sexuelles contre les enfants,13,27.7
2020,Nouveau-Brunswick,Voies de fait graves (niveau 3),13,9.19
2020,Nouveau-Brunswick,Voies de fait armées ou causant des lésions corporelles (niveau 2),13,151.77
2020,Nouveau-Brunswick,Voies de fait simples (niveau 1),13,640.39
2020,Nouveau-Brunswick,Total des vols qualifiés,13,18.64
2020,Nouveau-Brunswick,Menaces,13,369.78
2020,Nouveau-Brunswick,Total des autres infractions avec violence,13,21.95
2020,Québec,Total des infractions de violence prévues au Code criminel,24,1120.69
2020,Québec,Homicide,24,1.02
2020,Québec,Total des autres infractions entraînant la mort,24,0.54
2020,Québec,Tentative de meurtre,24,2.63
2020,Québec,Agression sexuelle grave (niveau 3),24,0.41
2020,Québec,"Agression sexuelle, niveau 2, armée ou causant des lésions corporelles",24,1.4
2020,Québec,Agression sexuelle de niveau 1,24,69.16
2020,Québec,Total des infractions sexuelles contre les enfants,24,35.77
2020,Québec,Voies de fait graves (niveau 3),24,3.06
2020,Québec,Voies de fait armées ou causant des lésions corporelles (niveau 2),24,138.49
2020,Québec,Voies de fait simples (niveau 1),24,413.78
2020,Québec,Total des vols qualifiés,24,32.51
2020,Québec,Menaces,24,217.39
2020,Québec,Total des autres infractions avec violence,24,29.61
2020,Ontario,Total des infractions de violence prévues au Code criminel,35,898.54
2020,Ontario,Homicide,35,1.63
2020,Ontario,Total des autres infractions entraînant la mort,35,0.18
2020,Ontario,Tentative de meurtre,35,2.23
2020,Ontario,Agression sexuelle grave (niveau 3),35,0.2
2020,Ontario,"Agression sexuelle, niveau 2, armée ou causant des lésions corporelles",35,1.69
2020,Ontario,Agression sexuelle de niveau 1,35,63.02
2020,Ontario,Total des infractions sexuelles contre les enfants,35,16.75
2020,Ontario,Voies de fait graves (niveau 3),35,7.07
2020,Ontario,Voies de fait armées ou causant des lésions corporelles (niveau 2),35,117.38
2020,Ontario,Voies de fait simples (niveau 1),35,328.99
2020,Ontario,Total des vols qualifiés,35,48.1
2020,Ontario,Menaces,35,139.92
2020,Ontario,Total des autres infractions avec violence,35,13.7
2020,Manitoba,Total des infractions de violence prévues au Code criminel,46,2113.13
2020,Manitoba,Homicide,46,4.49
2020,Manitoba,Total des autres infractions entraînant la mort,46,0.29
2020,Manitoba,Tentative de meurtre,46,1.45
2020,Manitoba,Agression sexuelle grave (niveau 3),46,0.36
2020,Manitoba,"Agression sexuelle, niveau 2, armée ou causant des lésions corporelles",46,3.04
2020,Manitoba,Agression sexuelle de niveau 1,46,114.19
2020,Manitoba,Total des infractions sexuelles contre les enfants,46,53.55
2020,Manitoba,Voies de fait graves (niveau 3),46,35.43
2020,Manitoba,Voies de fait armées ou causant des lésions corporelles (niveau 2),46,419.6
2020,Manitoba,Voies de fait simples (niveau 1),46,860.42
2020,Manitoba,Total des vols qualifiés,46,162.74
2020,Manitoba,Menaces,46,267.87
2020,Manitoba,Total des autres infractions avec violence,46,18.98
2020,Saskatchewan,Total des infractions de violence prévues au Code criminel,47,2400.41
2020,Saskatchewan,Homicide,47,5.48
2020,Saskatchewan,Total des autres infractions entraînant la mort,47,0.26
2020,Saskatchewan,Tentative de meurtre,47,4.11
2020,Saskatchewan,Agression sexuelle grave (niveau 3),47,0.94
2020,Saskatchewan,"Agression sexuelle, niveau 2, armée ou causant des lésions corporelles",47,1.88
2020,Saskatchewan,Agression sexuelle de niveau 1,47,112.82
2020,Saskatchewan,Total des infractions sexuelles contre les enfants,47,50.88
2020,Saskatchewan,Voies de fait graves (niveau 3),47,41.89
2020,Saskatchewan,Voies de fait armées ou causant des lésions corporelles (niveau 2),47,431.91
2020,Saskatchewan,Voies de fait simples (niveau 1),47,955.98
2020,Saskatchewan,Total des vols qualifiés,47,81.21
2020,Saskatchewan,Menaces,47,350.78
2020,Saskatchewan,Total des autres infractions avec violence,47,27.67
2020,Alberta,Total des infractions de violence prévues au Code criminel,48,1455.13
2020,Alberta,Homicide,48,3.2
2020,Alberta,Total des autres infractions entraînant la mort,48,0.25
2020,Alberta,Tentative de meurtre,48,1.41
2020,Alberta,Agression sexuelle grave (niveau 3),48,0.57
2020,Alberta,"Agression sexuelle, niveau 2, armée ou causant des lésions corporelles",48,2.34
2020,Alberta,Agression sexuelle de niveau 1,48,79.77
2020,Alberta,Total des infractions sexuelles contre les enfants,48,33.01
2020,Alberta,Voies de fait graves (niveau 3),48,20.85
2020,Alberta,Voies de fait armées ou causant des lésions corporelles (niveau 2),48,237.46
2020,Alberta,Voies de fait simples (niveau 1),48,528.17
2020,Alberta,Total des vols qualifiés,48,66.93
2020,Alberta,Menaces,48,219.06
2020,Alberta,Total des autres infractions avec violence,48,18.54
2020,Colombie-Britannique,Total des infractions de violence prévues au Code criminel,59,1551.32
2020,Colombie-Britannique,Homicide,59,1.93
2020,Colombie-Britannique,Total des autres infractions entraînant la mort,59,0.41
2020,Colombie-Britannique,Tentative de meurtre,59,1.91
2020,Colombie-Britannique,Agression sexuelle grave (niveau 3),59,0.35
2020,Colombie-Britannique,"Agression sexuelle, niveau 2, armée ou causant des lésions corporelles",59,0.97
2020,Colombie-Britannique,Agression sexuelle de niveau 1,59,73.84
2020,Colombie-Britannique,Total des infractions sexuelles contre les enfants,59,27.57
2020,Colombie-Britannique,Voies de fait graves (niveau 3),59,6.61
2020,Colombie-Britannique,Voies de fait armées ou causant des lésions corporelles (niveau 2),59,194.63
2020,Colombie-Britannique,Voies de fait simples (niveau 1),59,541.62
2020,Colombie-Britannique,Total des vols qualifiés,59,52.3
2020,Colombie-Britannique,Menaces,59,324.68
2020,Colombie-Britannique,Total des autres infractions avec violence,59,14.99
2020,Yukon,Total des infractions de violence prévues au Code criminel,60,5136.09
2020,Yukon,Homicide,60,0.0
2020,Yukon,Total des autres infractions entraînant la mort,60,0.0
2020,Yukon,Tentative de meurtre,60,7.15
2020,Yukon,Agression sexuelle grave (niveau 3),60,7.15
2020,Yukon,"Agression sexuelle, niveau 2, armée ou causant des lésions corporelles",60,2.38
2020,Yukon,Agression sexuelle de niveau 1,60,278.85
2020,Yukon,Total des infractions sexuelles contre les enfants,60,71.5
2020,Yukon,Voies de fait graves (niveau 3),60,69.12
2020,Yukon,Voies de fait armées ou causant des lésions corporelles (niveau 2),60,455.22
2020,Yukon,Voies de fait simples (niveau 1),60,2461.99
2020,Yukon,Total des vols qualifiés,60,54.82
2020,Yukon,Menaces,60,903.28
2020,Yukon,Total des autres infractions avec violence,60,69.12
2020,Territoires du Nord-Ouest,Total des infractions de violence prévues au Code criminel,61,11792.2
2020,Territoires du Nord-Ouest,Homicide,61,13.48
2020,Territoires du Nord-Ouest,Total des autres infractions entraînant la mort,61,0.0
2020,Territoires du Nord-Ouest,Tentative de meurtre,61,2.25
2020,Territoires du Nord-Ouest,Agression sexuelle grave (niveau 3),61,0.0
2020,Territoires du Nord-Ouest,"Agression sexuelle, niveau 2, armée ou causant des lésions corporelles",61,6.74
2020,Territoires du Nord-Ouest,Agression sexuelle de niveau 1,61,550.51
2020,Territoires du Nord-Ouest,Total des infractions sexuelles contre les enfants,61,123.58
2020,Territoires du Nord-Ouest,Voies de fait graves (niveau 3),61,89.88
2020,Territoires du Nord-Ouest,Voies de fait armées ou causant des lésions corporelles (niveau 2),61,1292.02
2020,Territoires du Nord-Ouest,Voies de fait simples (niveau 1),61,6307.3
2020,Territoires du Nord-Ouest,Total des vols qualifiés,61,76.4
2020,Territoires du Nord-Ouest,Menaces,61,1999.82
2020,Territoires du Nord-Ouest,Total des autres infractions avec violence,61,83.14
2020,Nunavut,Total des infractions de violence prévues au Code criminel,62,12191.29
2020,Nunavut,Homicide,62,7.6
2020,Nunavut,Total des autres infractions entraînant la mort,62,0.0
2020,Nunavut,Tentative de meurtre,62,15.2
2020,Nunavut,Agression sexuelle grave (niveau 3),62,2.53
2020,Nunavut,"Agression sexuelle, niveau 2, armée ou causant des lésions corporelles",62,15.2
2020,Nunavut,Agression sexuelle de niveau 1,62,633.25
2020,Nunavut,Total des infractions sexuelles contre les enfants,62,400.21
2020,Nunavut,Voies de fait graves (niveau 3),62,192.51
2020,Nunavut,Voies de fait armées ou causant des lésions corporelles (niveau 2),62,1636.31
2020,Nunavut,Voies de fait simples (niveau 1),62,5985.46
2020,Nunavut,Total des vols qualifiés,62,30.4
2020,Nunavut,Menaces,62,2036.53
2020,Nunavut,Total des autres infractions avec violence,62,83.59
2021,Canada,Homicide,,2.08
2021,Canada,Total des autres infractions entraînant la mort,,0.28
2021,Canada,Tentative de meurtre,,1.96
2021,Canada,Agression sexuelle grave (niveau 3),,0.33
2021,Canada,"Agression sexuelle, niveau 2, armée ou causant des lésions corporelles",,1.61
2021,Canada,Agression sexuelle de niveau 1,,87.97
2021,Canada,Total des infractions sexuelles contre les enfants,,33.57
2021,Canada,Voies de fait graves (niveau 3),,10.36
2021,Canada,Voies de fait armées ou causant des lésions corporelles (niveau 2),,186.39
2021,Canada,Voies de fait simples (niveau 1),,484.31
2021,Canada,Total des vols qualifiés,,48.69
2021,Canada,Menaces,,229.6
2021,Canada,Total des autres infractions avec violence,,20.39
2021,Terre-Neuve-et-Labrador,Total des infractions de violence prévues au Code criminel,10,1805.31
2021,Terre-Neuve-et-Labrador,Homicide,10,1.52
2021,Terre-Neuve-et-Labrador,Total des autres infractions entraînant la mort,10,0.57
2021,Terre-Neuve-et-Labrador,Tentative de meurtre,10,0.19
2021,Terre-Neuve-et-Labrador,Agression sexuelle grave (niveau 3),10,0.57
2021,Terre-Neuve-et-Labrador,"Agression sexuelle, niveau 2, armée ou causant des lésions corporelles",10,1.14
2021,Terre-Neuve-et-Labrador,Agression sexuelle de niveau 1,10,97.9
2021,Terre-Neuve-et-Labrador,Total des infractions sexuelles contre les enfants,10,46.67
2021,Terre-Neuve-et-Labrador,Voies de fait graves (niveau 3),10,8.92
2021,Terre-Neuve-et-Labrador,Voies de fait armées ou causant des lésions corporelles (niveau 2),10,160.89
2021,Terre-Neuve-et-Labrador,Voies de fait simples (niveau 1),10,724.4
2021,Terre-Neuve-et-Labrador,Total des vols qualifiés,10,32.25
2021,Terre-Neuve-et-Labrador,Menaces,10,428.04
2021,Terre-Neuve-et-Labrador,Total des autres infractions avec violence,10,20.3
2021,Île-du-Prince-Édouard,Total des infractions de violence prévues au Code criminel,11,1263.16
2021,Île-du-Prince-Édouard,Homicide,11,0.62
2021,Île-du-Prince-Édouard,Total des autres infractions entraînant la mort,11,0.62
2021,Île-du-Prince-Édouard,Tentative de meurtre,11,0.62
2021,Île-du-Prince-Édouard,Agression sexuelle grave (niveau 3),11,0.0
2021,Île-du-Prince-Édouard,"Agression sexuelle, niveau 2, armée ou causant des lésions corporelles",11,0.62
2021,Île-du-Prince-Édouard,Agression sexuelle de niveau 1,11,92.52
2021,Île-du-Prince-Édouard,Total des infractions sexuelles contre les enfants,11,33.92
2021,Île-du-Prince-Édouard,Voies de fait graves (niveau 3),11,3.7
2021,Île-du-Prince-Édouard,Voies de fait armées ou causant des lésions corporelles (niveau 2),11,78.33
2021,Île-du-Prince-Édouard,Voies de fait simples (niveau 1),11,411.39
2021,Île-du-Prince-Édouard,Total des vols qualifiés,11,10.49
2021,Île-du-Prince-Édouard,Menaces,11,240.54
2021,Île-du-Prince-Édouard,Total des autres infractions avec violence,11,22.82
2021,Nouvelle-Écosse,Total des infractions de violence prévues au Code criminel,12,1504.24
2021,Nouvelle-Écosse,Homicide,12,2.3
2021,Nouvelle-Écosse,Total des autres infractions entraînant la mort,12,0.0
2021,Nouvelle-Écosse,Tentative de meurtre,12,4.8
2021,Nouvelle-Écosse,Agression sexuelle grave (niveau 3),12,0.4
2021,Nouvelle-Écosse,"Agression sexuelle, niveau 2, armée ou causant des lésions corporelles",12,1.9
2021,Nouvelle-Écosse,Agression sexuelle de niveau 1,12,90.51
2021,Nouvelle-Écosse,Total des infractions sexuelles contre les enfants,12,38.1
2021,Nouvelle-Écosse,Voies de fait graves (niveau 3),12,7.7
2021,Nouvelle-Écosse,Voies de fait armées ou causant des lésions corporelles (niveau 2),12,155.61
2021,Nouvelle-Écosse,Voies de fait simples (niveau 1),12,500.95
2021,Nouvelle-Écosse,Total des vols qualifiés,12,29.5
2021,Nouvelle-Écosse,Menaces,12,333.13
2021,Nouvelle-Écosse,Total des autres infractions avec violence,12,28.6
2021,Nouveau-Brunswick,Total des infractions de violence prévues au Code criminel,13,1740.89
2021,Nouveau-Brunswick,Homicide,13,1.39
2021,Nouveau-Brunswick,Total des autres infractions entraînant la mort,13,0.25
2021,Nouveau-Brunswick,Tentative de meurtre,13,1.9
2021,Nouveau-Brunswick,Agression sexuelle grave (niveau 3),13,0.13
2021,Nouveau-Brunswick,"Agression sexuelle, niveau 2, armée ou causant des lésions corporelles",13,1.64
2021,Nouveau-Brunswick,Agression sexuelle de niveau 1,13,93.07
2021,Nouveau-Brunswick,Total des infractions sexuelles contre les enfants,13,35.03
2021,Nouveau-Brunswick,Voies de fait graves (niveau 3),13,7.84
2021,Nouveau-Brunswick,Voies de fait armées ou causant des lésions corporelles (niveau 2),13,166.67
2021,Nouveau-Brunswick,Voies de fait simples (niveau 1),13,643.52
2021,Nouveau-Brunswick,Total des vols qualifiés,13,15.43
2021,Nouveau-Brunswick,Menaces,13,391.25
2021,Nouveau-Brunswick,Total des autres infractions avec violence,13,22.64
2021,Québec,Total des infractions de violence prévues au Code criminel,24,1230.54
2021,Québec,Homicide,24,1.05
2021,Québec,Total des autres infractions entraînant la mort,24,0.45
2021,Québec,Tentative de meurtre,24,2.33
2021,Québec,Agression sexuelle grave (niveau 3),24,0.36
2021,Québec,"Agression sexuelle, niveau 2, armée ou causant des lésions corporelles",24,1.18
2021,Québec,Agression sexuelle de niveau 1,24,88.49
2021,Québec,Total des infractions sexuelles contre les enfants,24,44.39
2021,Québec,Voies de fait graves (niveau 3),24,3.95
2021,Québec,Voies de fait armées ou causant des lésions corporelles (niveau 2),24,153.42
2021,Québec,Voies de fait simples (niveau 1),24,448.72
2021,Québec,Total des vols qualifiés,24,31.5
2021,Québec,Menaces,24,228.67
2021,Québec,Total des autres infractions avec violence,24,32.45
2021,Ontario,Total des infractions de violence prévues au Code criminel,35,952.12
2021,Ontario,Homicide,35,1.89
2021,Ontario,Total des autres infractions entraînant la mort,35,0.2
2021,Ontario,Tentative de meurtre,35,2.03
2021,Ontario,Agression sexuelle grave (niveau 3),35,0.24
2021,Ontario,"Agression sexuelle, niveau 2, armée ou causant des lésions corporelles",35,1.64
2021,Ontario,Agression sexuelle de niveau 1,35,74.27
2021,Ontario,Total des infractions sexuelles contre les enfants,35,18.97
2021,Ontario,Voies de fait graves (niveau 3),35,7.13
2021,Ontario,Voies de fait armées ou causant des lésions corporelles (niveau 2),35,128.22
2021,Ontario,Voies de fait simples (niveau 1),35,341.65
2021,Ontario,Total des vols qualifiés,35,43.4
2021,Ontario,Menaces,35,150.29
2021,Ontario,Total des autres infractions avec violence,35,13.11
2021,Manitoba,Total des infractions de violence prévues au Code criminel,46,2278.5
2021,Manitoba,Homicide,46,4.45
2021,Manitoba,Total des autres infractions entraînant la mort,46,0.43
2021,Manitoba,Tentative de meurtre,46,0.79
2021,Manitoba,Agression sexuelle grave (niveau 3),46,0.65
2021,Manitoba,"Agression sexuelle, niveau 2, armée ou causant des lésions corporelles",46,3.02
2021,Manitoba,Agression sexuelle de niveau 1,46,124.0
2021,Manitoba,Total des infractions sexuelles contre les enfants,46,56.47
2021,Manitoba,Voies de fait graves (niveau 3),46,36.78
2021,Manitoba,Voies de fait armées ou causant des lésions corporelles (niveau 2),46,487.74
2021,Manitoba,Voies de fait simples (niveau 1),46,891.64
2021,Manitoba,Total des vols qualifiés,46,162.94
2021,Manitoba,Menaces,46,307.63
2021,Manitoba,Total des autres infractions avec violence,46,20.91
2021,Saskatchewan,Total des infractions de violence prévues au Code criminel,47,2447.01
2021,Saskatchewan,Homicide,47,5.99
2021,Saskatchewan,Total des autres infractions entraînant la mort,47,0.26
2021,Saskatchewan,Tentative de meurtre,47,3.94
2021,Saskatchewan,Agression sexuelle grave (niveau 3),47,1.03
2021,Saskatchewan,"Agression sexuelle, niveau 2, armée ou causant des lésions corporelles",47,1.8
2021,Saskatchewan,Agression sexuelle de niveau 1,47,124.09
2021,Saskatchewan,Total des infractions sexuelles contre les enfants,47,59.52
2021,Saskatchewan,Voies de fait graves (niveau 3),47,44.53
2021,Saskatchewan,Voies de fait armées ou causant des lésions corporelles (niveau 2),47,447.8
2021,Saskatchewan,Voies de fait simples (niveau 1),47,942.27
2021,Saskatchewan,Total des vols qualifiés,47,78.62
2021,Saskatchewan,Menaces,47,342.46
2021,Saskatchewan,Total des autres infractions avec violence,47,29.89
2021,Alberta,Total des infractions de violence prévues au Code criminel,48,1519.34
2021,Alberta,Homicide,48,2.66
2021,Alberta,Total des autres infractions entraînant la mort,48,0.18
2021,Alberta,Tentative de meurtre,48,1.06
2021,Alberta,Agression sexuelle grave (niveau 3),48,0.47
2021,Alberta,"Agression sexuelle, niveau 2, armée ou causant des lésions corporelles",48,2.37
2021,Alberta,Agression sexuelle de niveau 1,48,98.61
2021,Alberta,Total des infractions sexuelles contre les enfants,48,43.01
2021,Alberta,Voies de fait graves (niveau 3),48,19.59
2021,Alberta,Voies de fait armées ou causant des lésions corporelles (niveau 2),48,251.49
2021,Alberta,Voies de fait simples (niveau 1),48,537.31
2021,Alberta,Total des vols qualifiés,48,64.94
2021,Alberta,Menaces,48,218.3
2021,Alberta,Total des autres infractions avec violence,48,21.01
2021,Colombie-Britannique,Total des infractions de violence prévues au Code criminel,59,1555.73
2021,Colombie-Britannique,Homicide,59,2.39
2021,Colombie-Britannique,Total des autres infractions entraînant la mort,59,0.27
2021,Colombie-Britannique,Tentative de meurtre,59,1.28
2021,Colombie-Britannique,Agression sexuelle grave (niveau 3),59,0.13
2021,Colombie-Britannique,"Agression sexuelle, niveau 2, armée ou causant des lésions corporelles",59,1.07
2021,Colombie-Britannique,Agression sexuelle de niveau 1,59,85.03
2021,Colombie-Britannique,Total des infractions sexuelles contre les enfants,59,30.61
2021,Colombie-Britannique,Voies de fait graves (niveau 3),59,6.91
2021,Colombie-Britannique,Voies de fait armées ou causant des lésions corporelles (niveau 2),59,203.25
2021,Colombie-Britannique,Voies de fait simples (niveau 1),59,531.12
2021,Colombie-Britannique,Total des vols qualifiés,59,52.48
2021,Colombie-Britannique,Menaces,59,319.42
2021,Colombie-Britannique,Total des autres infractions avec violence,59,14.83
2021,Yukon,Total des infractions de violence prévues au Code criminel,60,5111.61
2021,Yukon,Homicide,60,9.31
2021,Yukon,Total des autres infractions entraînant la mort,60,0.0
2021,Yukon,Tentative de meurtre,60,2.33
2021,Yukon,Agression sexuelle grave (niveau 3),60,0.0
2021,Yukon,"Agression sexuelle, niveau 2, armée ou causant des lésions corporelles",60,4.66
2021,Yukon,Agression sexuelle de niveau 1,60,281.65
2021,Yukon,Total des infractions sexuelles contre les enfants,60,90.78
2021,Yukon,Voies de fait graves (niveau 3),60,60.52
2021,Yukon,Voies de fait armées ou causant des lésions corporelles (niveau 2),60,521.4
2021,Yukon,Voies de fait simples (niveau 1),60,2281.14
2021,Yukon,Total des vols qualifiés,60,44.23
2021,Yukon,Menaces,60,965.99
2021,Yukon,Total des autres infractions avec violence,60,44.23
2021,Territoires du Nord-Ouest,Total des infractions de violence prévues au Code criminel,61,12373.54
2021,Territoires du Nord-Ouest,Homicide,61,2.24
2021,Territoires du Nord-Ouest,Total des autres infractions entraînant la mort,61,0.0
2021,Territoires du Nord-Ouest,Tentative de meurtre,61,6.73
2021,Territoires du Nord-Ouest,Agression sexuelle grave (niveau 3),61,0.0
2021,Territoires du Nord-Ouest,"Agression sexuelle, niveau 2, armée ou causant des lésions corporelles",61,8.97
2021,Territoires du Nord-Ouest,Agression sexuelle de niveau 1,61,513.69
2021,Territoires du Nord-Ouest,Total des infractions sexuelles contre les enfants,61,136.84
2021,Territoires du Nord-Ouest,Voies de fait graves (niveau 3),61,80.76
2021,Territoires du Nord-Ouest,Voies de fait armées ou causant des lésions corporelles (niveau 2),61,1363.87
2021,Territoires du Nord-Ouest,Voies de fait simples (niveau 1),61,6814.87
2021,Territoires du Nord-Ouest,Total des vols qualifiés,61,67.3
2021,Territoires du Nord-Ouest,Menaces,61,2059.27
2021,Territoires du Nord-Ouest,Total des autres infractions avec violence,61,89.73
2021,Nunavut,Total des infractions de violence prévues au Code criminel,62,11879.46
2021,Nunavut,Homicide,62,4.99
2021,Nunavut,Total des autres infractions entraînant la mort,62,0.0
2021,Nunavut,Tentative de meurtre,62,14.97
2021,Nunavut,Agression sexuelle grave (niveau 3),62,2.49
2021,Nunavut,"Agression sexuelle, niveau 2, armée ou causant des lésions corporelles",62,7.48
2021,Nunavut,Agression sexuelle de niveau 1,62,558.8
2021,Nunavut,Total des infractions sexuelles contre les enfants,62,399.14
2021,Nunavut,Voies de fait graves (niveau 3),62,107.27
2021,Nunavut,Voies de fait armées ou causant des lésions corporelles (niveau 2),62,1534.2
2021,Nunavut,Voies de fait simples (niveau 1),62,5837.45
2021,Nunavut,Total des vols qualifiés,62,39.91
2021,Nunavut,Menaces,62,1933.34
2021,Nunavut,Total des autres infractions avec violence,62,104.77
2022,Canada,Homicide,,2.26
2022,Canada,Total des autres infractions entraînant la mort,,0.28
2022,Canada,Tentative de meurtre,,2.18
2022,Canada,Agression sexuelle grave (niveau 3),,0.31
2022,Canada,"Agression sexuelle, niveau 2, armée ou causant des lésions corporelles",,1.69
2022,Canada,Agression sexuelle de niveau 1,,91.1
2022,Canada,Total des infractions sexuelles contre les enfants,,31.73
2022,Canada,Voies de fait graves (niveau 3),,10.83
2022,Canada,Voies de fait armées ou causant des lésions corporelles (niveau 2),,198.17
2022,Canada,Voies de fait simples (niveau 1),,505.75
2022,Canada,Total des vols qualifiés,,56.43
2022,Canada,Menaces,,225.34
2022,Canada,Total des autres infractions avec violence,,20.89
2022,Terre-Neuve-et-Labrador,Total des infractions de violence prévues au Code criminel,10,1795.93
2022,Terre-Neuve-et-Labrador,Homicide,10,0.56
2022,Terre-Neuve-et-Labrador,Total des autres infractions entraînant la mort,10,0.38
2022,Terre-Neuve-et-Labrador,Tentative de meurtre,10,0.94
2022,Terre-Neuve-et-Labrador,Agression sexuelle grave (niveau 3),10,0.0
2022,Terre-Neuve-et-Labrador,"Agression sexuelle, niveau 2, armée ou causant des lésions corporelles",10,1.13
2022,Terre-Neuve-et-Labrador,Agression sexuelle de niveau 1,10,102.78
2022,Terre-Neuve-et-Labrador,Total des infractions sexuelles contre les enfants,10,37.83
2022,Terre-Neuve-et-Labrador,Voies de fait graves (niveau 3),10,11.67
2022,Terre-Neuve-et-Labrador,Voies de fait armées ou causant des lésions corporelles (niveau 2),10,165.46
2022,Terre-Neuve-et-Labrador,Voies de fait simples (niveau 1),10,696.27
2022,Terre-Neuve-et-Labrador,Total des vols qualifiés,10,46.68
2022,Terre-Neuve-et-Labrador,Menaces,10,424.28
2022,Terre-Neuve-et-Labrador,Total des autres infractions avec violence,10,27.86
2022,Île-du-Prince-Édouard,Total des infractions de violence prévues au Code criminel,11,1382.18
2022,Île-du-Prince-Édouard,Homicide,11,0.0
2022,Île-du-Prince-Édouard,Total des autres infractions entraînant la mort,11,1.79
2022,Île-du-Prince-Édouard,Tentative de meurtre,11,0.6
2022,Île-du-Prince-Édouard,Agression sexuelle grave (niveau 3),11,0.0
2022,Île-du-Prince-Édouard,"Agression sexuelle, niveau 2, armée ou causant des lésions corporelles",11,1.79
2022,Île-du-Prince-Édouard,Agression sexuelle de niveau 1,11,111.24
2022,Île-du-Prince-Édouard,Total des infractions sexuelles contre les enfants,11,29.31
2022,Île-du-Prince-Édouard,Voies de fait graves (niveau 3),11,2.99
2022,Île-du-Prince-Édouard,Voies de fait armées ou causant des lésions corporelles (niveau 2),11,84.33
2022,Île-du-Prince-Édouard,Voies de fait simples (niveau 1),11,431.22
2022,Île-du-Prince-Édouard,Total des vols qualifiés,11,4.78
2022,Île-du-Prince-Édouard,Menaces,11,263.76
2022,Île-du-Prince-Édouard,Total des autres infractions avec violence,11,25.12
2022,Nouvelle-Écosse,Total des infractions de violence prévues au Code criminel,12,1596.04
2022,Nouvelle-Écosse,Homicide,12,1.86
2022,Nouvelle-Écosse,Total des autres infractions entraînant la mort,12,0.2
2022,Nouvelle-Écosse,Tentative de meurtre,12,4.39
2022,Nouvelle-Écosse,Agression sexuelle grave (niveau 3),12,0.39
2022,Nouvelle-Écosse,"Agression sexuelle, niveau 2, armée ou causant des lésions corporelles",12,1.37
2022,Nouvelle-Écosse,Agression sexuelle de niveau 1,12,91.11
2022,Nouvelle-Écosse,Total des infractions sexuelles contre les enfants,12,32.71
2022,Nouvelle-Écosse,Voies de fait graves (niveau 3),12,10.06
2022,Nouvelle-Écosse,Voies de fait armées ou causant des lésions corporelles (niveau 2),12,167.57
2022,Nouvelle-Écosse,Voies de fait simples (niveau 1),12,537.29
2022,Nouvelle-Écosse,Total des vols qualifiés,12,43.36
2022,Nouvelle-Écosse,Menaces,12,356.24
2022,Nouvelle-Écosse,Total des autres infractions avec violence,12,29.98
2022,Nouveau-Brunswick,Total des infractions de violence prévues au Code criminel,13,1763.2
2022,Nouveau-Brunswick,Homicide,13,1.85
2022,Nouveau-Brunswick,Total des autres infractions entraînant la mort,13,1.24
2022,Nouveau-Brunswick,Tentative de meurtre,13,1.98
2022,Nouveau-Brunswick,Agression sexuelle grave (niveau 3),13,0.49
2022,Nouveau-Brunswick,"Agression sexuelle, niveau 2, armée ou causant des lésions corporelles",13,0.87
2022,Nouveau-Brunswick,Agression sexuelle de niveau 1,13,101.75
2022,Nouveau-Brunswick,Total des infractions sexuelles contre les enfants,13,31.9
2022,Nouveau-Brunswick,Voies de fait graves (niveau 3),13,9.27
2022,Nouveau-Brunswick,Voies de fait armées ou causant des lésions corporelles (niveau 2),13,194.59
2022,Nouveau-Brunswick,Voies de fait simples (niveau 1),13,649.8
2022,Nouveau-Brunswick,Total des vols qualifiés,13,23.98
2022,Nouveau-Brunswick,Menaces,13,372.87
2022,Nouveau-Brunswick,Total des autres infractions avec violence,13,23.49
2022,Québec,Total des infractions de violence prévues au Code criminel,24,1281.23
2022,Québec,Homicide,24,1.28
2022,Québec,Total des autres infractions entraînant la mort,24,0.4
2022,Québec,Tentative de meurtre,24,2.31
2022,Québec,Agression sexuelle grave (niveau 3),24,0.35
2022,Québec,"Agression sexuelle, niveau 2, armée ou causant des lésions corporelles",24,1.35
2022,Québec,Agression sexuelle de niveau 1,24,90.99
2022,Québec,Total des infractions sexuelles contre les enfants,24,44.84
2022,Québec,Voies de fait graves (niveau 3),24,4.04
2022,Québec,Voies de fait armées ou causant des lésions corporelles (niveau 2),24,164.87
2022,Québec,Voies de fait simples (niveau 1),24,474.89
2022,Québec,Total des vols qualifiés,24,37.43
2022,Québec,Menaces,24,228.07
2022,Québec,Total des autres infractions avec violence,24,31.73
2022,Ontario,Total des infractions de violence prévues au Code criminel,35,1000.37
2022,Ontario,Homicide,35,1.93
2022,Ontario,Total des autres infractions entraînant la mort,35,0.14
2022,Ontario,Tentative de meurtre,35,2.12
2022,Ontario,Agression sexuelle grave (niveau 3),35,0.2
2022,Ontario,"Agression sexuelle, niveau 2, armée ou causant des lésions corporelles",35,1.77
2022,Ontario,Agression sexuelle de niveau 1,35,80.75
2022,Ontario,Total des infractions sexuelles contre les enfants,35,18.45
2022,Ontario,Voies de fait graves (niveau 3),35,6.71
2022,Ontario,Voies de fait armées ou causant des lésions corporelles (niveau 2),35,140.67
2022,Ontario,Voies de fait simples (niveau 1),35,360.16
2022,Ontario,Total des vols qualifiés,35,51.79
2022,Ontario,Menaces,35,147.59
2022,Ontario,Total des autres infractions avec violence,35,14.61
2022,Manitoba,Total des infractions de violence prévues au Code criminel,46,2448.75
2022,Manitoba,Homicide,46,6.3
2022,Manitoba,Total des autres infractions entraînant la mort,46,0.71
2022,Manitoba,Tentative de meurtre,46,1.13
2022,Manitoba,Agression sexuelle grave (niveau 3),46,0.42
2022,Manitoba,"Agression sexuelle, niveau 2, armée ou causant des lésions corporelles",46,2.62
2022,Manitoba,Agression sexuelle de niveau 1,46,133.85
2022,Manitoba,Total des infractions sexuelles contre les enfants,46,57.8
2022,Manitoba,Voies de fait graves (niveau 3),46,45.42
2022,Manitoba,Voies de fait armées ou causant des lésions corporelles (niveau 2),46,528.33
2022,Manitoba,Voies de fait simples (niveau 1),46,944.82
2022,Manitoba,Total des vols qualifiés,46,196.39
2022,Manitoba,Menaces,46,310.93
2022,Manitoba,Total des autres infractions avec violence,46,21.44
2022,Saskatchewan,Total des infractions de violence prévues au Code criminel,47,2548.11
2022,Saskatchewan,Homicide,47,6.19
2022,Saskatchewan,Total des autres infractions entraînant la mort,47,0.25
2022,Saskatchewan,Tentative de meurtre,47,4.33
2022,Saskatchewan,Agression sexuelle grave (niveau 3),47,1.02
2022,Saskatchewan,"Agression sexuelle, niveau 2, armée ou causant des lésions corporelles",47,1.78
2022,Saskatchewan,Agression sexuelle de niveau 1,47,132.68
2022,Saskatchewan,Total des infractions sexuelles contre les enfants,47,49.71
2022,Saskatchewan,Voies de fait graves (niveau 3),47,50.05
2022,Saskatchewan,Voies de fait armées ou causant des lésions corporelles (niveau 2),47,468.36
2022,Saskatchewan,Voies de fait simples (niveau 1),47,1004.25
2022,Saskatchewan,Total des vols qualifiés,47,95.1
2022,Saskatchewan,Menaces,47,331.44
2022,Saskatchewan,Total des autres infractions avec violence,47,30.03
2022,Alberta,Total des infractions de violence prévues au Code criminel,48,1560.92
2022,Alberta,Homicide,48,2.64
2022,Alberta,Total des autres infractions entraînant la mort,48,0.2
2022,Alberta,Tentative de meurtre,48,1.26
2022,Alberta,Agression sexuelle grave (niveau 3),48,0.33
2022,Alberta,"Agression sexuelle, niveau 2, armée ou causant des lésions corporelles",48,2.33
2022,Alberta,Agression sexuelle de niveau 1,48,93.87
2022,Alberta,Total des infractions sexuelles contre les enfants,48,34.7
2022,Alberta,Voies de fait graves (niveau 3),48,19.59
2022,Alberta,Voies de fait armées ou causant des lésions corporelles (niveau 2),48,255.96
2022,Alberta,Voies de fait simples (niveau 1),48,568.28
2022,Alberta,Total des vols qualifiés,48,66.83
2022,Alberta,Menaces,48,220.04
2022,Alberta,Total des autres infractions avec violence,48,20.96
2022,Colombie-Britannique,Total des infractions de violence prévues au Code criminel,59,1538.67
2022,Colombie-Britannique,Homicide,59,2.89
2022,Colombie-Britannique,Total des autres infractions entraînant la mort,59,0.22
2022,Colombie-Britannique,Tentative de meurtre,59,2.39
2022,Colombie-Britannique,Agression sexuelle grave (niveau 3),59,0.26
2022,Colombie-Britannique,"Agression sexuelle, niveau 2, armée ou causant des lésions corporelles",59,1.31
2022,Colombie-Britannique,Agression sexuelle de niveau 1,59,83.94
2022,Colombie-Britannique,Total des infractions sexuelles contre les enfants,59,29.73
2022,Colombie-Britannique,Voies de fait graves (niveau 3),59,6.76
2022,Colombie-Britannique,Voies de fait armées ou causant des lésions corporelles (niveau 2),59,205.7
2022,Colombie-Britannique,Voies de fait simples (niveau 1),59,530.54
2022,Colombie-Britannique,Total des vols qualifiés,59,55.65
2022,Colombie-Britannique,Menaces,59,297.4
2022,Colombie-Britannique,Total des autres infractions avec violence,59,14.28
2022,Yukon,Total des infractions de violence prévues au Code criminel,60,5242.88
2022,Yukon,Homicide,60,4.56
2022,Yukon,Total des autres infractions entraînant la mort,60,0.0
2022,Yukon,Tentative de meurtre,60,6.84
2022,Yukon,Agression sexuelle grave (niveau 3),60,2.28
2022,Yukon,"Agression sexuelle, niveau 2, armée ou causant des lésions corporelles",60,4.56
2022,Yukon,Agression sexuelle de niveau 1,60,305.45
2022,Yukon,Total des infractions sexuelles contre les enfants,60,59.27
2022,Yukon,Voies de fait graves (niveau 3),60,59.27
2022,Yukon,Voies de fait armées ou causant des lésions corporelles (niveau 2),60,631.43
2022,Yukon,Voies de fait simples (niveau 1),60,2313.71
2022,Yukon,Total des vols qualifiés,60,82.06
2022,Yukon,Menaces,60,948.28
2022,Yukon,Total des autres infractions avec violence,60,41.03
2022,Territoires du Nord-Ouest,Total des infractions de violence prévues au Code criminel,61,12663.84
2022,Territoires du Nord-Ouest,Homicide,61,6.72
2022,Territoires du Nord-Ouest,Total des autres infractions entraînant la mort,61,0.0
2022,Territoires du Nord-Ouest,Tentative de meurtre,61,2.24
2022,Territoires du Nord-Ouest,Agression sexuelle grave (niveau 3),61,2.24
2022,Territoires du Nord-Ouest,"Agression sexuelle, niveau 2, armée ou causant des lésions corporelles",61,11.2
2022,Territoires du Nord-Ouest,Agression sexuelle de niveau 1,61,517.58
2022,Territoires du Nord-Ouest,Total des infractions sexuelles contre les enfants,61,170.29
2022,Territoires du Nord-Ouest,Voies de fait graves (niveau 3),61,123.23
2022,Territoires du Nord-Ouest,Voies de fait armées ou causant des lésions corporelles (niveau 2),61,1494.48
2022,Territoires du Nord-Ouest,Voies de fait simples (niveau 1),61,6914.48
2022,Territoires du Nord-Ouest,Total des vols qualifiés,61,120.99
2022,Territoires du Nord-Ouest,Menaces,61,1920.19
2022,Territoires du Nord-Ouest,Total des autres infractions avec violence,61,98.59
2022,Nunavut,Total des infractions de violence prévues au Code criminel,62,12467.06
2022,Nunavut,Homicide,62,2.46
2022,Nunavut,Total des autres infractions entraînant la mort,62,2.46
2022,Nunavut,Tentative de meurtre,62,14.78
2022,Nunavut,Agression sexuelle grave (niveau 3),62,7.39
2022,Nunavut,"Agression sexuelle, niveau 2, armée ou causant des lésions corporelles",62,2.46
2022,Nunavut,Agression sexuelle de niveau 1,62,603.4
2022,Nunavut,Total des infractions sexuelles contre les enfants,62,386.67
2022,Nunavut,Voies de fait graves (niveau 3),62,108.37
2022,Nunavut,Voies de fait armées ou causant des lésions corporelles (niveau 2),62,1817.6
2022,Nunavut,Voies de fait simples (niveau 1),62,6287.71
2022,Nunavut,Total des vols qualifiés,62,19.7
2022,Nunavut,Menaces,62,1876.71
2022,Nunavut,Total des autres infractions avec violence,62,108.37
2023,Canada,Homicide,,1.99
2023,Canada,Total des autres infractions entraînant la mort,,0.3
2023,Canada,Tentative de meurtre,,2.1
2023,Canada,Agression sexuelle grave (niveau 3),,0.27
2023,Canada,"Agression sexuelle, niveau 2, armée ou causant des lésions corporelles",,1.92
2023,Canada,Agression sexuelle de niveau 1,,90.11
2023,Canada,Total des infractions sexuelles contre les enfants,,29.85
2023,Canada,Voies de fait graves (niveau 3),,11.18
2023,Canada,Voies de fait armées ou causant des lésions corporelles (niveau 2),,213.48
2023,Canada,Voies de fait simples (niveau 1),,524.1
2023,Canada,Total des vols qualifiés,,59.46
2023,Canada,Menaces,,236.29
2023,Canada,Total des autres infractions avec violence,,24.13
2023,Terre-Neuve-et-Labrador,Total des infractions de violence prévues au Code criminel,10,1895.55
2023,Terre-Neuve-et-Labrador,Homicide,10,1.48
2023,Terre-Neuve-et-Labrador,Total des autres infractions entraînant la mort,10,0.0
2023,Terre-Neuve-et-Labrador,Tentative de meurtre,10,1.11
2023,Terre-Neuve-et-Labrador,Agression sexuelle grave (niveau 3),10,0.0
2023,Terre-Neuve-et-Labrador,"Agression sexuelle, niveau 2, armée ou causant des lésions corporelles",10,3.16
2023,Terre-Neuve-et-Labrador,Agression sexuelle de niveau 1,10,95.03
2023,Terre-Neuve-et-Labrador,Total des infractions sexuelles contre les enfants,10,33.78
2023,Terre-Neuve-et-Labrador,Voies de fait graves (niveau 3),10,11.88
2023,Terre-Neuve-et-Labrador,Voies de fait armées ou causant des lésions corporelles (niveau 2),10,197.11
2023,Terre-Neuve-et-Labrador,Voies de fait simples (niveau 1),10,718.09
2023,Terre-Neuve-et-Labrador,Total des vols qualifiés,10,34.71
2023,Terre-Neuve-et-Labrador,Menaces,10,454.72
2023,Terre-Neuve-et-Labrador,Total des autres infractions avec violence,10,29.88
2023,Île-du-Prince-Édouard,Total des infractions de violence prévues au Code criminel,11,1631.23
2023,Île-du-Prince-Édouard,Homicide,11,0.58
2023,Île-du-Prince-Édouard,Total des autres infractions entraînant la mort,11,0.0
2023,Île-du-Prince-Édouard,Tentative de meurtre,11,2.88
2023,Île-du-Prince-Édouard,Agression sexuelle grave (niveau 3),11,0.58
2023,Île-du-Prince-Édouard,"Agression sexuelle, niveau 2, armée ou causant des lésions corporelles",11,0.58
2023,Île-du-Prince-Édouard,Agression sexuelle de niveau 1,11,85.19
2023,Île-du-Prince-Édouard,Total des infractions sexuelles contre les enfants,11,39.72
2023,Île-du-Prince-Édouard,Voies de fait graves (niveau 3),11,5.76
2023,Île-du-Prince-Édouard,Voies de fait armées ou causant des lésions corporelles (niveau 2),11,111.66
2023,Île-du-Prince-Édouard,Voies de fait simples (niveau 1),11,532.42
2023,Île-du-Prince-Édouard,Total des vols qualifiés,11,14.97
2023,Île-du-Prince-Édouard,Menaces,11,330.97
2023,Île-du-Prince-Édouard,Total des autres infractions avec violence,11,36.26
2023,Nouvelle-Écosse,Total des infractions de violence prévues au Code criminel,12,1628.29
2023,Nouvelle-Écosse,Homicide,12,1.33
2023,Nouvelle-Écosse,Total des autres infractions entraînant la mort,12,0.47
2023,Nouvelle-Écosse,Tentative de meurtre,12,3.13
2023,Nouvelle-Écosse,Agression sexuelle grave (niveau 3),12,0.76
2023,Nouvelle-Écosse,"Agression sexuelle, niveau 2, armée ou causant des lésions corporelles",12,2.09
2023,Nouvelle-Écosse,Agression sexuelle de niveau 1,12,87.75
2023,Nouvelle-Écosse,Total des infractions sexuelles contre les enfants,12,30.48
2023,Nouvelle-Écosse,Voies de fait graves (niveau 3),12,8.36
2023,Nouvelle-Écosse,Voies de fait armées ou causant des lésions corporelles (niveau 2),12,171.22
2023,Nouvelle-Écosse,Voies de fait simples (niveau 1),12,548.05
2023,Nouvelle-Écosse,Total des vols qualifiés,12,36.75
2023,Nouvelle-Écosse,Menaces,12,364.86
2023,Nouvelle-Écosse,Total des autres infractions avec violence,12,36.66
2023,Nouveau-Brunswick,Total des infractions de violence prévues au Code criminel,13,1829.02
2023,Nouveau-Brunswick,Homicide,13,1.08
2023,Nouveau-Brunswick,Total des autres infractions entraînant la mort,13,0.84
2023,Nouveau-Brunswick,Tentative de meurtre,13,2.05
2023,Nouveau-Brunswick,Agression sexuelle grave (niveau 3),13,0.0
2023,Nouveau-Brunswick,"Agression sexuelle, niveau 2, armée ou causant des lésions corporelles",13,1.68
2023,Nouveau-Brunswick,Agression sexuelle de niveau 1,13,102.03
2023,Nouveau-Brunswick,Total des infractions sexuelles contre les enfants,13,27.91
2023,Nouveau-Brunswick,Voies de fait graves (niveau 3),13,10.35
2023,Nouveau-Brunswick,Voies de fait armées ou causant des lésions corporelles (niveau 2),13,199.98
2023,Nouveau-Brunswick,Voies de fait simples (niveau 1),13,651.42
2023,Nouveau-Brunswick,Total des vols qualifiés,13,20.82
2023,Nouveau-Brunswick,Menaces,13,398.87
2023,Nouveau-Brunswick,Total des autres infractions avec violence,13,24.91
2023,Québec,Total des infractions de violence prévues au Code criminel,24,1360.57
2023,Québec,Homicide,24,1.2
2023,Québec,Total des autres infractions entraînant la mort,24,0.5
2023,Québec,Tentative de meurtre,24,2.82
2023,Québec,Agression sexuelle grave (niveau 3),24,0.33
2023,Québec,"Agression sexuelle, niveau 2, armée ou causant des lésions corporelles",24,1.69
2023,Québec,Agression sexuelle de niveau 1,24,97.28
2023,Québec,Total des infractions sexuelles contre les enfants,24,42.26
2023,Québec,Voies de fait graves (niveau 3),24,4.13
2023,Québec,Voies de fait armées ou causant des lésions corporelles (niveau 2),24,184.06
2023,Québec,Voies de fait simples (niveau 1),24,485.26
2023,Québec,Total des vols qualifiés,24,40.54
2023,Québec,Menaces,24,238.07
2023,Québec,Total des autres infractions avec violence,24,33.29
2023,Ontario,Total des infractions de violence prévues au Code criminel,35,1067.71
2023,Ontario,Homicide,35,1.74
2023,Ontario,Total des autres infractions entraînant la mort,35,0.19
2023,Ontario,Tentative de meurtre,35,2.0
2023,Ontario,Agression sexuelle grave (niveau 3),35,0.22
2023,Ontario,"Agression sexuelle, niveau 2, armée ou causant des lésions corporelles",35,1.84
2023,Ontario,Agression sexuelle de niveau 1,35,78.95
2023,Ontario,Total des infractions sexuelles contre les enfants,35,17.14
2023,Ontario,Voies de fait graves (niveau 3),35,7.14
2023,Ontario,Voies de fait armées ou causant des lésions corporelles (niveau 2),35,152.42
2023,Ontario,Voies de fait simples (niveau 1),35,387.76
2023,Ontario,Total des vols qualifiés,35,53.57
2023,Ontario,Menaces,35,160.57
2023,Ontario,Total des autres infractions avec violence,35,18.44
2023,Manitoba,Total des infractions de violence prévues au Code criminel,46,2563.99
2023,Manitoba,Homicide,46,5.16
2023,Manitoba,Total des autres infractions entraînant la mort,46,0.41
2023,Manitoba,Tentative de meurtre,46,1.58
2023,Manitoba,Agression sexuelle grave (niveau 3),46,0.28
2023,Manitoba,"Agression sexuelle, niveau 2, armée ou causant des lésions corporelles",46,1.51
2023,Manitoba,Agression sexuelle de niveau 1,46,123.31
2023,Manitoba,Total des infractions sexuelles contre les enfants,46,49.06
2023,Manitoba,Voies de fait graves (niveau 3),46,52.23
2023,Manitoba,Voies de fait armées ou causant des lésions corporelles (niveau 2),46,534.41
2023,Manitoba,Voies de fait simples (niveau 1),46,982.66
2023,Manitoba,Total des vols qualifiés,46,233.0
2023,Manitoba,Menaces,46,334.23
2023,Manitoba,Total des autres infractions avec violence,46,24.36
2023,Saskatchewan,Total des infractions de violence prévues au Code criminel,47,2674.06
2023,Saskatchewan,Homicide,47,4.87
2023,Saskatchewan,Total des autres infractions entraînant la mort,47,0.25
2023,Saskatchewan,Tentative de meurtre,47,5.54
2023,Saskatchewan,Agression sexuelle grave (niveau 3),47,0.5
2023,Saskatchewan,"Agression sexuelle, niveau 2, armée ou causant des lésions corporelles",47,2.4
2023,Saskatchewan,Agression sexuelle de niveau 1,47,128.82
2023,Saskatchewan,Total des infractions sexuelles contre les enfants,47,48.58
2023,Saskatchewan,Voies de fait graves (niveau 3),47,45.28
2023,Saskatchewan,Voies de fait armées ou causant des lésions corporelles (niveau 2),47,530.14
2023,Saskatchewan,Voies de fait simples (niveau 1),47,1013.09
2023,Saskatchewan,Total des vols qualifiés,47,113.53
2023,Saskatchewan,Menaces,47,346.12
2023,Saskatchewan,Total des autres infractions avec violence,47,35.61
2023,Alberta,Total des infractions de violence prévues au Code criminel,48,1618.1
2023,Alberta,Homicide,48,2.5
2023,Alberta,Total des autres infractions entraînant la mort,48,0.26
2023,Alberta,Tentative de meurtre,48,1.19
2023,Alberta,Agression sexuelle grave (niveau 3),48,0.32
2023,Alberta,"Agression sexuelle, niveau 2, armée ou causant des lésions corporelles",48,2.75
2023,Alberta,Agression sexuelle de niveau 1,48,92.29
2023,Alberta,Total des infractions sexuelles contre les enfants,48,32.36
2023,Alberta,Voies de fait graves (niveau 3),48,19.3
2023,Alberta,Voies de fait armées ou causant des lésions corporelles (niveau 2),48,275.2
2023,Alberta,Voies de fait simples (niveau 1),48,591.44
2023,Alberta,Total des vols qualifiés,48,70.83
2023,Alberta,Menaces,48,220.13
2023,Alberta,Total des autres infractions avec violence,48,26.0
2023,Colombie-Britannique,Total des infractions de violence prévues au Code criminel,59,1572.37
2023,Colombie-Britannique,Homicide,59,2.23
2023,Colombie-Britannique,Total des autres infractions entraînant la mort,59,0.22
2023,Colombie-Britannique,Tentative de meurtre,59,1.29
2023,Colombie-Britannique,Agression sexuelle grave (niveau 3),59,0.09
2023,Colombie-Britannique,"Agression sexuelle, niveau 2, armée ou causant des lésions corporelles",59,1.45
2023,Colombie-Britannique,Agression sexuelle de niveau 1,59,79.56
2023,Colombie-Britannique,Total des infractions sexuelles contre les enfants,59,29.83
2023,Colombie-Britannique,Voies de fait graves (niveau 3),59,7.14
2023,Colombie-Britannique,Voies de fait armées ou causant des lésions corporelles (niveau 2),59,216.25
2023,Colombie-Britannique,Voies de fait simples (niveau 1),59,533.64
2023,Colombie-Britannique,Total des vols qualifiés,59,52.49
2023,Colombie-Britannique,Menaces,59,308.0
2023,Colombie-Britannique,Total des autres infractions avec violence,59,16.08
2023,Yukon,Total des infractions de violence prévues au Code criminel,60,4986.9
2023,Yukon,Homicide,60,8.81
2023,Yukon,Total des autres infractions entraînant la mort,60,2.2
2023,Yukon,Tentative de meurtre,60,2.2
2023,Yukon,Agression sexuelle grave (niveau 3),60,0.0
2023,Yukon,"Agression sexuelle, niveau 2, armée ou causant des lésions corporelles",60,6.61
2023,Yukon,Agression sexuelle de niveau 1,60,235.58
2023,Yukon,Total des infractions sexuelles contre les enfants,60,81.46
2023,Yukon,Voies de fait graves (niveau 3),60,37.43
2023,Yukon,Voies de fait armées ou causant des lésions corporelles (niveau 2),60,587.86
2023,Yukon,Voies de fait simples (niveau 1),60,2221.54
2023,Yukon,Total des vols qualifiés,60,77.06
2023,Yukon,Menaces,60,867.48
2023,Yukon,Total des autres infractions avec violence,60,61.65
2023,Territoires du Nord-Ouest,Total des infractions de violence prévues au Code criminel,61,11709.33
2023,Territoires du Nord-Ouest,Homicide,61,13.45
2023,Territoires du Nord-Ouest,Total des autres infractions entraînant la mort,61,0.0
2023,Territoires du Nord-Ouest,Tentative de meurtre,61,2.24
2023,Territoires du Nord-Ouest,Agression sexuelle grave (niveau 3),61,2.24
2023,Territoires du Nord-Ouest,"Agression sexuelle, niveau 2, armée ou causant des lésions corporelles",61,6.72
2023,Territoires du Nord-Ouest,Agression sexuelle de niveau 1,61,455.01
2023,Territoires du Nord-Ouest,Total des infractions sexuelles contre les enfants,61,132.25
2023,Territoires du Nord-Ouest,Voies de fait graves (niveau 3),61,96.38
2023,Territoires du Nord-Ouest,Voies de fait armées ou causant des lésions corporelles (niveau 2),61,1380.73
2023,Territoires du Nord-Ouest,Voies de fait simples (niveau 1),61,6435.2
2023,Territoires du Nord-Ouest,Total des vols qualifiés,61,121.04
2023,Territoires du Nord-Ouest,Menaces,61,1806.61
2023,Territoires du Nord-Ouest,Total des autres infractions avec violence,61,91.9
2023,Nunavut,Total des infractions de violence prévues au Code criminel,62,13271.09
2023,Nunavut,Homicide,62,4.89
2023,Nunavut,Total des autres infractions entraînant la mort,62,0.0
2023,Nunavut,Tentative de meurtre,62,0.0
2023,Nunavut,Agression sexuelle grave (niveau 3),62,2.44
2023,Nunavut,"Agression sexuelle, niveau 2, armée ou causant des lésions corporelles",62,26.88
2023,Nunavut,Agression sexuelle de niveau 1,62,618.34
2023,Nunavut,Total des infractions sexuelles contre les enfants,62,417.93
2023,Nunavut,Voies de fait graves (niveau 3),62,193.08
2023,Nunavut,Voies de fait armées ou causant des lésions corporelles (niveau 2),62,1918.56
2023,Nunavut,Voies de fait simples (niveau 1),62,6804.18
2023,Nunavut,Total des vols qualifiés,62,63.54
2023,Nunavut,Menaces,62,1811.03
2023,Nunavut,Total des autres infractions avec violence,62,124.65
2024,Canada,Homicide,,1.93
2024,Canada,Total des autres infractions entraînant la mort,,0.23
2024,Canada,Tentative de meurtre,,1.94
2024,Canada,Agression sexuelle grave (niveau 3),,0.32
2024,Canada,"Agression sexuelle, niveau 2, armée ou causant des lésions corporelles",,2.01
2024,Canada,Agression sexuelle de niveau 1,,88.19
2024,Canada,Total des infractions sexuelles contre les enfants,,32.93
2024,Canada,Voies de fait graves (niveau 3),,10.52
2024,Canada,Voies de fait armées ou causant des lésions corporelles (niveau 2),,214.33
2024,Canada,Voies de fait simples (niveau 1),,525.88
2024,Canada,Total des vols qualifiés,,58.67
2024,Canada,Menaces,,235.85
2024,Canada,Total des autres infractions avec violence,,24.32
2024,Terre-Neuve-et-Labrador,Total des infractions de violence prévues au Code criminel,10,1959.7
2024,Terre-Neuve-et-Labrador,Homicide,10,0.73
2024,Terre-Neuve-et-Labrador,Total des autres infractions entraînant la mort,10,0.18
2024,Terre-Neuve-et-Labrador,Tentative de meurtre,10,0.55
2024,Terre-Neuve-et-Labrador,Agression sexuelle grave (niveau 3),10,0.0
2024,Terre-Neuve-et-Labrador,"Agression sexuelle, niveau 2, armée ou causant des lésions corporelles",10,1.65
2024,Terre-Neuve-et-Labrador,Agression sexuelle de niveau 1,10,99.66
2024,Terre-Neuve-et-Labrador,Total des infractions sexuelles contre les enfants,10,29.62
2024,Terre-Neuve-et-Labrador,Voies de fait graves (niveau 3),10,11.52
2024,Terre-Neuve-et-Labrador,Voies de fait armées ou causant des lésions corporelles (niveau 2),10,197.67
2024,Terre-Neuve-et-Labrador,Voies de fait simples (niveau 1),10,740.76
2024,Terre-Neuve-et-Labrador,Total des vols qualifiés,10,32.18
2024,Terre-Neuve-et-Labrador,Menaces,10,485.67
2024,Terre-Neuve-et-Labrador,Total des autres infractions avec violence,10,24.32
2024,Île-du-Prince-Édouard,Total des infractions de violence prévues au Code criminel,11,1514.11
2024,Île-du-Prince-Édouard,Homicide,11,1.11
2024,Île-du-Prince-Édouard,Total des autres infractions entraînant la mort,11,0.0
2024,Île-du-Prince-Édouard,Tentative de meurtre,11,1.67
2024,Île-du-Prince-Édouard,Agression sexuelle grave (niveau 3),11,0.0
2024,Île-du-Prince-Édouard,"Agression sexuelle, niveau 2, armée ou causant des lésions corporelles",11,1.67
2024,Île-du-Prince-Édouard,Agression sexuelle de niveau 1,11,93.48
2024,Île-du-Prince-Édouard,Total des infractions sexuelles contre les enfants,11,39.51
2024,Île-du-Prince-Édouard,Voies de fait graves (niveau 3),11,2.23
2024,Île-du-Prince-Édouard,Voies de fait armées ou causant des lésions corporelles (niveau 2),11,106.28
2024,Île-du-Prince-Édouard,Voies de fait simples (niveau 1),11,472.43
2024,Île-du-Prince-Édouard,Total des vols qualifiés,11,13.91
2024,Île-du-Prince-Édouard,Menaces,11,303.82
2024,Île-du-Prince-Édouard,Total des autres infractions avec violence,11,31.16
2024,Nouvelle-Écosse,Total des infractions de violence prévues au Code criminel,12,1539.39
2024,Nouvelle-Écosse,Homicide,12,2.31
2024,Nouvelle-Écosse,Total des autres infractions entraînant la mort,12,0.28
2024,Nouvelle-Écosse,Tentative de meurtre,12,3.6
2024,Nouvelle-Écosse,Agression sexuelle grave (niveau 3),12,0.83
2024,Nouvelle-Écosse,"Agression sexuelle, niveau 2, armée ou causant des lésions corporelles",12,1.57
2024,Nouvelle-Écosse,Agression sexuelle de niveau 1,12,80.26
2024,Nouvelle-Écosse,Total des infractions sexuelles contre les enfants,12,31.96
2024,Nouvelle-Écosse,Voies de fait graves (niveau 3),12,10.25
2024,Nouvelle-Écosse,Voies de fait armées ou causant des lésions corporelles (niveau 2),12,160.88
2024,Nouvelle-Écosse,Voies de fait simples (niveau 1),12,521.35
2024,Nouvelle-Écosse,Total des vols qualifiés,12,34.73
2024,Nouvelle-Écosse,Menaces,12,347.44
2024,Nouvelle-Écosse,Total des autres infractions avec violence,12,26.78
2024,Nouveau-Brunswick,Total des infractions de violence prévues au Code criminel,13,1762.34
2024,Nouveau-Brunswick,Homicide,13,2.1
2024,Nouveau-Brunswick,Total des autres infractions entraînant la mort,13,0.47
2024,Nouveau-Brunswick,Tentative de meurtre,13,1.4
2024,Nouveau-Brunswick,Agression sexuelle grave (niveau 3),13,0.35
2024,Nouveau-Brunswick,"Agression sexuelle, niveau 2, armée ou causant des lésions corporelles",13,2.91
2024,Nouveau-Brunswick,Agression sexuelle de niveau 1,13,87.73
2024,Nouveau-Brunswick,Total des infractions sexuelles contre les enfants,13,33.9
2024,Nouveau-Brunswick,Voies de fait graves (niveau 3),13,11.42
2024,Nouveau-Brunswick,Voies de fait armées ou causant des lésions corporelles (niveau 2),13,199.0
2024,Nouveau-Brunswick,Voies de fait simples (niveau 1),13,617.85
2024,Nouveau-Brunswick,Total des vols qualifiés,13,22.95
2024,Nouveau-Brunswick,Menaces,13,365.03
2024,Nouveau-Brunswick,Total des autres infractions avec violence,13,29.48
2024,Québec,Total des infractions de violence prévues au Code criminel,24,1449.46
2024,Québec,Homicide,24,1.09
2024,Québec,Total des autres infractions entraînant la mort,24,0.33
2024,Québec,Tentative de meurtre,24,2.2
2024,Québec,Agression sexuelle grave (niveau 3),24,0.6
2024,Québec,"Agression sexuelle, niveau 2, armée ou causant des lésions corporelles",24,1.73
2024,Québec,Agression sexuelle de niveau 1,24,99.83
2024,Québec,Total des infractions sexuelles contre les enfants,24,45.9
2024,Québec,Voies de fait graves (niveau 3),24,4.91
2024,Québec,Voies de fait armées ou causant des lésions corporelles (niveau 2),24,204.44
2024,Québec,Voies de fait simples (niveau 1),24,512.99
2024,Québec,Total des vols qualifiés,24,41.43
2024,Québec,Menaces,24,246.8
2024,Québec,Total des autres infractions avec violence,24,35.53
2024,Ontario,Total des infractions de violence prévues au Code criminel,35,1089.62
2024,Ontario,Homicide,35,1.77
2024,Ontario,Total des autres infractions entraînant la mort,35,0.07
2024,Ontario,Tentative de meurtre,35,2.01
2024,Ontario,Agression sexuelle grave (niveau 3),35,0.18
2024,Ontario,"Agression sexuelle, niveau 2, armée ou causant des lésions corporelles",35,1.96
2024,Ontario,Agression sexuelle de niveau 1,35,79.1
2024,Ontario,Total des infractions sexuelles contre les enfants,35,17.43
2024,Ontario,Voies de fait graves (niveau 3),35,6.31
2024,Ontario,Voies de fait armées ou causant des lésions corporelles (niveau 2),35,158.67
2024,Ontario,Voies de fait simples (niveau 1),35,396.15
2024,Ontario,Total des vols qualifiés,35,54.92
2024,Ontario,Menaces,35,162.2
2024,Ontario,Total des autres infractions avec violence,35,17.96
2024,Manitoba,Total des infractions de violence prévues au Code criminel,46,2448.83
2024,Manitoba,Homicide,46,6.37
2024,Manitoba,Total des autres infractions entraînant la mort,46,0.54
2024,Manitoba,Tentative de meurtre,46,1.88
2024,Manitoba,Agression sexuelle grave (niveau 3),46,0.2
2024,Manitoba,"Agression sexuelle, niveau 2, armée ou causant des lésions corporelles",46,3.28
2024,Manitoba,Agression sexuelle de niveau 1,46,116.68
2024,Manitoba,Total des infractions sexuelles contre les enfants,46,47.45
2024,Manitoba,Voies de fait graves (niveau 3),46,43.56
2024,Manitoba,Voies de fait armées ou causant des lésions corporelles (niveau 2),46,492.78
2024,Manitoba,Voies de fait simples (niveau 1),46,940.73
2024,Manitoba,Total des vols qualifiés,46,225.51
2024,Manitoba,Menaces,46,323.96
2024,Manitoba,Total des autres infractions avec violence,46,24.13
2024,Saskatchewan,Total des infractions de violence prévues au Code criminel,47,2672.08
2024,Saskatchewan,Homicide,47,5.29
2024,Saskatchewan,Total des autres infractions entraînant la mort,47,0.4
2024,Saskatchewan,Tentative de meurtre,47,3.85
2024,Saskatchewan,Agression sexuelle grave (niveau 3),47,0.64
2024,Saskatchewan,"Agression sexuelle, niveau 2, armée ou causant des lésions corporelles",47,3.21
2024,Saskatchewan,Agression sexuelle de niveau 1,47,119.16
2024,Saskatchewan,Total des infractions sexuelles contre les enfants,47,52.97
2024,Saskatchewan,Voies de fait graves (niveau 3),47,46.0
2024,Saskatchewan,Voies de fait armées ou causant des lésions corporelles (niveau 2),47,527.06
2024,Saskatchewan,Voies de fait simples (niveau 1),47,1018.06
2024,Saskatchewan,Total des vols qualifiés,47,112.19
2024,Saskatchewan,Menaces,47,357.41
2024,Saskatchewan,Total des autres infractions avec violence,47,36.06
2024,Alberta,Total des infractions de violence prévues au Code criminel,48,1555.28
2024,Alberta,Homicide,48,2.02
2024,Alberta,Total des autres infractions entraînant la mort,48,0.35
2024,Alberta,Tentative de meurtre,48,1.43
2024,Alberta,Agression sexuelle grave (niveau 3),48,0.29
2024,Alberta,"Agression sexuelle, niveau 2, armée ou causant des lésions corporelles",48,2.67
2024,Alberta,Agression sexuelle de niveau 1,48,81.89
2024,Alberta,Total des infractions sexuelles contre les enfants,48,30.64
2024,Alberta,Voies de fait graves (niveau 3),48,17.91
2024,Alberta,Voies de fait armées ou causant des lésions corporelles (niveau 2),48,262.5
2024,Alberta,Voies de fait simples (niveau 1),48,575.76
2024,Alberta,Total des vols qualifiés,48,66.14
2024,Alberta,Menaces,48,213.02
2024,Alberta,Total des autres infractions avec violence,48,26.03
2024,Colombie-Britannique,Total des infractions de violence prévues au Code criminel,59,1519.6
2024,Colombie-Britannique,Homicide,59,1.66
2024,Colombie-Britannique,Total des autres infractions entraînant la mort,59,0.25
2024,Colombie-Britannique,Tentative de meurtre,59,1.18
2024,Colombie-Britannique,Agression sexuelle grave (niveau 3),59,0.19
2024,Colombie-Britannique,"Agression sexuelle, niveau 2, armée ou causant des lésions corporelles",59,1.11
2024,Colombie-Britannique,Agression sexuelle de niveau 1,59,78.04
2024,Colombie-Britannique,Total des infractions sexuelles contre les enfants,59,46.68
2024,Colombie-Britannique,Voies de fait graves (niveau 3),59,6.45
2024,Colombie-Britannique,Voies de fait armées ou causant des lésions corporelles (niveau 2),59,195.31
2024,Colombie-Britannique,Voies de fait simples (niveau 1),59,516.9
2024,Colombie-Britannique,Total des vols qualifiés,59,47.2
2024,Colombie-Britannique,Menaces,59,296.68
2024,Colombie-Britannique,Total des autres infractions avec violence,59,17.51
2024,Yukon,Total des infractions de violence prévues au Code criminel,60,4910.18
2024,Yukon,Homicide,60,0.0
2024,Yukon,Total des autres infractions entraînant la mort,60,0.0
2024,Yukon,Tentative de meurtre,60,2.1
2024,Yukon,Agression sexuelle grave (niveau 3),60,0.0
2024,Yukon,"Agression sexuelle, niveau 2, armée ou causant des lésions corporelles",60,4.2
2024,Yukon,Agression sexuelle de niveau 1,60,233.22
2024,Yukon,Total des infractions sexuelles contre les enfants,60,39.92
2024,Yukon,Voies de fait graves (niveau 3),60,23.11
2024,Yukon,Voies de fait armées ou causant des lésions corporelles (niveau 2),60,697.55
2024,Yukon,Voies de fait simples (niveau 1),60,2117.87
2024,Yukon,Total des vols qualifiés,60,88.24
2024,Yukon,Menaces,60,937.07
2024,Yukon,Total des autres infractions avec violence,60,35.72
2024,Territoires du Nord-Ouest,Total des infractions de violence prévues au Code criminel,61,11907.55
2024,Territoires du Nord-Ouest,Homicide,61,13.26
2024,Territoires du Nord-Ouest,Total des autres infractions entraînant la mort,61,0.0
2024,Territoires du Nord-Ouest,Tentative de meurtre,61,2.21
2024,Territoires du Nord-Ouest,Agression sexuelle grave (niveau 3),61,0.0
2024,Territoires du Nord-Ouest,"Agression sexuelle, niveau 2, armée ou causant des lésions corporelles",61,15.47
2024,Territoires du Nord-Ouest,Agression sexuelle de niveau 1,61,517.05
2024,Territoires du Nord-Ouest,Total des infractions sexuelles contre les enfants,61,159.09
2024,Territoires du Nord-Ouest,Voies de fait graves (niveau 3),61,106.06
2024,Territoires du Nord-Ouest,Voies de fait armées ou causant des lésions corporelles (niveau 2),61,1469.39
2024,Territoires du Nord-Ouest,Voies de fait simples (niveau 1),61,6233.29
2024,Territoires du Nord-Ouest,Total des vols qualifiés,61,174.56
2024,Territoires du Nord-Ouest,Menaces,61,1968.76
2024,Territoires du Nord-Ouest,Total des autres infractions avec violence,61,110.48
2024,Nunavut,Total des infractions de violence prévues au Code criminel,62,12864.04
2024,Nunavut,Homicide,62,9.66
2024,Nunavut,Total des autres infractions entraînant la mort,62,0.0
2024,Nunavut,Tentative de meurtre,62,16.9
2024,Nunavut,Agression sexuelle grave (niveau 3),62,2.41
2024,Nunavut,"Agression sexuelle, niveau 2, armée ou causant des lésions corporelles",62,21.73
2024,Nunavut,Agression sexuelle de niveau 1,62,543.35
2024,Nunavut,Total des infractions sexuelles contre les enfants,62,369.48
2024,Nunavut,Voies de fait graves (niveau 3),62,176.29
2024,Nunavut,Voies de fait armées ou causant des lésions corporelles (niveau 2),62,1893.26
2024,Nunavut,Voies de fait simples (niveau 1),62,6660.23
2024,Nunavut,Total des vols qualifiés,62,74.86
2024,Nunavut,Menaces,62,2028.5
2024,Nunavut,Total des autres infractions avec violence,62,120.74
2025,Canada,Homicide,,1.61
2025,Canada,Total des autres infractions entraînant la mort,,0.22
2025,Canada,Tentative de meurtre,,1.65
2025,Canada,Agression sexuelle grave (niveau 3),,0.31
2025,Canada,"Agression sexuelle, niveau 2, armée ou causant des lésions corporelles",,2.08
2025,Canada,Agression sexuelle de niveau 1,,87.11
2025,Canada,Total des infractions sexuelles contre les enfants,,32.59
2025,Canada,Voies de fait graves (niveau 3),,9.76
2025,Canada,Voies de fait armées ou causant des lésions corporelles (niveau 2),,214.19
2025,Canada,Voies de fait simples (niveau 1),,528.07
2025,Canada,Total des vols qualifiés,,55.08
2025,Canada,Menaces,,233.66
2025,Canada,Total des autres infractions avec violence,,24.47
2025,Terre-Neuve-et-Labrador,Total des infractions de violence prévues au Code criminel,10,1838.48
2025,Terre-Neuve-et-Labrador,Homicide,10,2.18
2025,Terre-Neuve-et-Labrador,Total des autres infractions entraînant la mort,10,0.18
2025,Terre-Neuve-et-Labrador,Tentative de meurtre,10,1.82
2025,Terre-Neuve-et-Labrador,Agression sexuelle grave (niveau 3),10,0.36
2025,Terre-Neuve-et-Labrador,"Agression sexuelle, niveau 2, armée ou causant des lésions corporelles",10,2.0
2025,Terre-Neuve-et-Labrador,Agression sexuelle de niveau 1,10,94.74
2025,Terre-Neuve-et-Labrador,Total des infractions sexuelles contre les enfants,10,28.0
2025,Terre-Neuve-et-Labrador,Voies de fait graves (niveau 3),10,8.91
2025,Terre-Neuve-et-Labrador,Voies de fait armées ou causant des lésions corporelles (niveau 2),10,184.39
2025,Terre-Neuve-et-Labrador,Voies de fait simples (niveau 1),10,716.12
2025,Terre-Neuve-et-Labrador,Total des vols qualifiés,10,30.19
2025,Terre-Neuve-et-Labrador,Menaces,10,424.98
2025,Terre-Neuve-et-Labrador,Total des autres infractions avec violence,10,23.28
2025,Île-du-Prince-Édouard,Total des infractions de violence prévues au Code criminel,11,1477.09
2025,Île-du-Prince-Édouard,Homicide,11,1.64
2025,Île-du-Prince-Édouard,Total des autres infractions entraînant la mort,11,0.0
2025,Île-du-Prince-Édouard,Tentative de meurtre,11,0.0
2025,Île-du-Prince-Édouard,Agression sexuelle grave (niveau 3),11,0.0
2025,Île-du-Prince-Édouard,"Agression sexuelle, niveau 2, armée ou causant des lésions corporelles",11,0.55
2025,Île-du-Prince-Édouard,Agression sexuelle de niveau 1,11,88.14
2025,Île-du-Prince-Édouard,Total des infractions sexuelles contre les enfants,11,32.85
2025,Île-du-Prince-Édouard,Voies de fait graves (niveau 3),11,3.28
2025,Île-du-Prince-Édouard,Voies de fait armées ou causant des lésions corporelles (niveau 2),11,121.54
2025,Île-du-Prince-Édouard,Voies de fait simples (niveau 1),11,473.02
2025,Île-du-Prince-Édouard,Total des vols qualifiés,11,10.4
2025,Île-du-Prince-Édouard,Menaces,11,297.83
2025,Île-du-Prince-Édouard,Total des autres infractions avec violence,11,22.45
2025,Nouvelle-Écosse,Total des infractions de violence prévues au Code criminel,12,1561.86
2025,Nouvelle-Écosse,Homicide,12,1.74
2025,Nouvelle-Écosse,Total des autres infractions entraînant la mort,12,0.0
2025,Nouvelle-Écosse,Tentative de meurtre,12,3.02
2025,Nouvelle-Écosse,Agression sexuelle grave (niveau 3),12,0.55
2025,Nouvelle-Écosse,"Agression sexuelle, niveau 2, armée ou causant des lésions corporelles",12,1.65
2025,Nouvelle-Écosse,Agression sexuelle de niveau 1,12,81.77
2025,Nouvelle-Écosse,Total des infractions sexuelles contre les enfants,12,26.44
2025,Nouvelle-Écosse,Voies de fait graves (niveau 3),12,8.6
2025,Nouvelle-Écosse,Voies de fait armées ou causant des lésions corporelles (niveau 2),12,172.42
2025,Nouvelle-Écosse,Voies de fait simples (niveau 1),12,545.9
2025,Nouvelle-Écosse,Total des vols qualifiés,12,31.92
2025,Nouvelle-Écosse,Menaces,12,352.25
2025,Nouvelle-Écosse,Total des autres infractions avec violence,12,30.83
2025,Nouveau-Brunswick,Total des infractions de violence prévues au Code criminel,13,1815.49
2025,Nouveau-Brunswick,Homicide,13,1.72
2025,Nouveau-Brunswick,Total des autres infractions entraînant la mort,13,0.57
2025,Nouveau-Brunswick,Tentative de meurtre,13,3.91
2025,Nouveau-Brunswick,Agression sexuelle grave (niveau 3),13,0.0
2025,Nouveau-Brunswick,"Agression sexuelle, niveau 2, armée ou causant des lésions corporelles",13,2.99
2025,Nouveau-Brunswick,Agression sexuelle de niveau 1,13,100.96
2025,Nouveau-Brunswick,Total des infractions sexuelles contre les enfants,13,40.24
2025,Nouveau-Brunswick,Voies de fait graves (niveau 3),13,10.46
2025,Nouveau-Brunswick,Voies de fait armées ou causant des lésions corporelles (niveau 2),13,210.54
2025,Nouveau-Brunswick,Voies de fait simples (niveau 1),13,603.78
2025,Nouveau-Brunswick,Total des vols qualifiés,13,25.18
2025,Nouveau-Brunswick,Menaces,13,368.41
2025,Nouveau-Brunswick,Total des autres infractions avec violence,13,28.63
2025,Québec,Total des infractions de violence prévues au Code criminel,24,1472.2
2025,Québec,Homicide,24,0.97
2025,Québec,Total des autres infractions entraînant la mort,24,0.44
2025,Québec,Tentative de meurtre,24,2.15
2025,Québec,Agression sexuelle grave (niveau 3),24,0.41
2025,Québec,"Agression sexuelle, niveau 2, armée ou causant des lésions corporelles",24,1.68
2025,Québec,Agression sexuelle de niveau 1,24,101.44
2025,Québec,Total des infractions sexuelles contre les enfants,24,45.86
2025,Québec,Voies de fait graves (niveau 3),24,4.63
2025,Québec,Voies de fait armées ou causant des lésions corporelles (niveau 2),24,211.14
2025,Québec,Voies de fait simples (niveau 1),24,518.68
2025,Québec,Total des vols qualifiés,24,43.24
2025,Québec,Menaces,24,245.58
2025,Québec,Total des autres infractions avec violence,24,34.95
2025,Ontario,Total des infractions de violence prévues au Code criminel,35,1077.77
2025,Ontario,Homicide,35,1.27
2025,Ontario,Total des autres infractions entraînant la mort,35,0.15
2025,Ontario,Tentative de meurtre,35,1.61
2025,Ontario,Agression sexuelle grave (niveau 3),35,0.25
2025,Ontario,"Agression sexuelle, niveau 2, armée ou causant des lésions corporelles",35,2.07
2025,Ontario,Agression sexuelle de niveau 1,35,76.58
2025,Ontario,Total des infractions sexuelles contre les enfants,35,16.05
2025,Ontario,Voies de fait graves (niveau 3),35,5.87
2025,Ontario,Voies de fait armées ou causant des lésions corporelles (niveau 2),35,158.92
2025,Ontario,Voies de fait simples (niveau 1),35,398.92
2025,Ontario,Total des vols qualifiés,35,47.35
2025,Ontario,Menaces,35,161.94
2025,Ontario,Total des autres infractions avec violence,35,17.9
2025,Manitoba,Total des infractions de violence prévues au Code criminel,46,2340.73
2025,Manitoba,Homicide,46,3.64
2025,Manitoba,Total des autres infractions entraînant la mort,46,0.26
2025,Manitoba,Tentative de meurtre,46,1.06
2025,Manitoba,Agression sexuelle grave (niveau 3),46,0.53
2025,Manitoba,"Agression sexuelle, niveau 2, armée ou causant des lésions corporelles",46,2.98
2025,Manitoba,Agression sexuelle de niveau 1,46,116.38
2025,Manitoba,Total des infractions sexuelles contre les enfants,46,45.04
2025,Manitoba,Voies de fait graves (niveau 3),46,38.15
2025,Manitoba,Voies de fait armées ou causant des lésions corporelles (niveau 2),46,466.98
2025,Manitoba,Voies de fait simples (niveau 1),46,916.74
2025,Manitoba,Total des vols qualifiés,46,208.32
2025,Manitoba,Menaces,46,299.07
2025,Manitoba,Total des autres infractions avec violence,46,24.11
2025,Saskatchewan,Total des infractions de violence prévues au Code criminel,47,2581.54
2025,Saskatchewan,Homicide,47,5.21
2025,Saskatchewan,Total des autres infractions entraînant la mort,47,0.08
2025,Saskatchewan,Tentative de meurtre,47,3.55
2025,Saskatchewan,Agression sexuelle grave (niveau 3),47,0.63
2025,Saskatchewan,"Agression sexuelle, niveau 2, armée ou causant des lésions corporelles",47,2.45
2025,Saskatchewan,Agression sexuelle de niveau 1,47,109.63
2025,Saskatchewan,Total des infractions sexuelles contre les enfants,47,45.54
2025,Saskatchewan,Voies de fait graves (niveau 3),47,47.36
2025,Saskatchewan,Voies de fait armées ou causant des lésions corporelles (niveau 2),47,556.06
2025,Saskatchewan,Voies de fait simples (niveau 1),47,968.7
2025,Saskatchewan,Total des vols qualifiés,47,104.98
2025,Saskatchewan,Menaces,47,342.71
2025,Saskatchewan,Total des autres infractions avec violence,47,35.36
2025,Alberta,Total des infractions de violence prévues au Code criminel,48,1540.74
2025,Alberta,Homicide,48,1.77
2025,Alberta,Total des autres infractions entraînant la mort,48,0.06
2025,Alberta,Tentative de meurtre,48,0.76
2025,Alberta,Agression sexuelle grave (niveau 3),48,0.28
2025,Alberta,"Agression sexuelle, niveau 2, armée ou causant des lésions corporelles",48,2.76
2025,Alberta,Agression sexuelle de niveau 1,48,78.96
2025,Alberta,Total des infractions sexuelles contre les enfants,48,32.07
2025,Alberta,Voies de fait graves (niveau 3),48,16.13
2025,Alberta,Voies de fait armées ou causant des lésions corporelles (niveau 2),48,255.38
2025,Alberta,Voies de fait simples (niveau 1),48,576.2
2025,Alberta,Total des vols qualifiés,48,63.29
2025,Alberta,Menaces,48,213.53
2025,Alberta,Total des autres infractions avec violence,48,27.98
2025,Colombie-Britannique,Total des infractions de violence prévues au Code criminel,59,1530.75
2025,Colombie-Britannique,Homicide,59,1.81
2025,Colombie-Britannique,Total des autres infractions entraînant la mort,59,0.25
2025,Colombie-Britannique,Tentative de meurtre,59,0.81
2025,Colombie-Britannique,Agression sexuelle grave (niveau 3),59,0.19
2025,Colombie-Britannique,"Agression sexuelle, niveau 2, armée ou causant des lésions corporelles",59,1.37
2025,Colombie-Britannique,Agression sexuelle de niveau 1,59,77.56
2025,Colombie-Britannique,Total des infractions sexuelles contre les enfants,59,50.06
2025,Colombie-Britannique,Voies de fait graves (niveau 3),59,5.69
2025,Colombie-Britannique,Voies de fait armées ou causant des lésions corporelles (niveau 2),59,183.57
2025,Colombie-Britannique,Voies de fait simples (niveau 1),59,521.63
2025,Colombie-Britannique,Total des vols qualifiés,59,49.48
2025,Colombie-Britannique,Menaces,59,297.46
2025,Colombie-Britannique,Total des autres infractions avec violence,59,17.8
2025,Yukon,Total des infractions de violence prévues au Code criminel,60,4556.94
2025,Yukon,Homicide,60,6.21
2025,Yukon,Total des autres infractions entraînant la mort,60,0.0
2025,Yukon,Tentative de meurtre,60,0.0
2025,Yukon,Agression sexuelle grave (niveau 3),60,0.0
2025,Yukon,"Agression sexuelle, niveau 2, armée ou causant des lésions corporelles",60,2.07
2025,Yukon,Agression sexuelle de niveau 1,60,213.35
2025,Yukon,Total des infractions sexuelles contre les enfants,60,53.85
2025,Yukon,Voies de fait graves (niveau 3),60,49.71
2025,Yukon,Voies de fait armées ou causant des lésions corporelles (niveau 2),60,600.69
2025,Yukon,Voies de fait simples (niveau 1),60,1994.7
2025,Yukon,Total des vols qualifiés,60,47.64
2025,Yukon,Menaces,60,809.89
2025,Yukon,Total des autres infractions avec violence,60,49.71
2025,Territoires du Nord-Ouest,Total des infractions de violence prévues au Code criminel,61,11630.03
2025,Territoires du Nord-Ouest,Homicide,61,10.88
2025,Territoires du Nord-Ouest,Total des autres infractions entraînant la mort,61,0.0
2025,Territoires du Nord-Ouest,Tentative de meurtre,61,4.35
2025,Territoires du Nord-Ouest,Agression sexuelle grave (niveau 3),61,0.0
2025,Territoires du Nord-Ouest,"Agression sexuelle, niveau 2, armée ou causant des lésions corporelles",61,23.94
2025,Territoires du Nord-Ouest,Agression sexuelle de niveau 1,61,489.66
2025,Territoires du Nord-Ouest,Total des infractions sexuelles contre les enfants,61,132.75
2025,Territoires du Nord-Ouest,Voies de fait graves (niveau 3),61,104.46
2025,Territoires du Nord-Ouest,Voies de fait armées ou causant des lésions corporelles (niveau 2),61,1479.87
2025,Territoires du Nord-Ouest,Voies de fait simples (niveau 1),61,6293.8
2025,Territoires du Nord-Ouest,Total des vols qualifiés,61,117.52
2025,Territoires du Nord-Ouest,Menaces,61,1793.25
2025,Territoires du Nord-Ouest,Total des autres infractions avec violence,61,80.52
2025,Nunavut,Total des infractions de violence prévues au Code criminel,62,14702.37
2025,Nunavut,Homicide,62,16.73
2025,Nunavut,Total des autres infractions entraînant la mort,62,0.0
2025,Nunavut,Tentative de meurtre,62,16.73
2025,Nunavut,Agression sexuelle grave (niveau 3),62,7.17
2025,Nunavut,"Agression sexuelle, niveau 2, armée ou causant des lésions corporelles",62,33.47
2025,Nunavut,Agression sexuelle de niveau 1,62,590.49
2025,Nunavut,Total des infractions sexuelles contre les enfants,62,329.91
2025,Nunavut,Voies de fait graves (niveau 3),62,167.34
2025,Nunavut,Voies de fait armées ou causant des lésions corporelles (niveau 2),62,2161.13
2025,Nunavut,Voies de fait simples (niveau 1),62,7831.7
2025,Nunavut,Total des vols qualifiés,62,47.81
2025,Nunavut,Menaces,62,2373.89
2025,Nunavut,Total des autres infractions avec violence,62,109.97
