Year,Value,GeoCode
2018,224.964704409885,
2020,229.628339568722,
2022,221.645128185958,
2023,213.552103858145,
2024,208.272562607894,
