{"data":{"Year":[2015,2016,2017,2018,2019,2020,2015,2016,2017,2018,2019,2020,2015,2016,2017,2018,2019,2020,2015,2016,2017,2018,2019,2020,2015,2016,2017,2018,2019,2020,2015,2016,2017,2018,2019,2020,2015,2016,2017,2018,2019,2020,2015,2016,2017,2018,2019,2020,2015,2016,2017,2018,2019,2020,2015,2016,2017,2018,2019,2020,2015,2016,2017,2018,2019,2020,2015,2016,2017,2018,2019,2020,2015,2016,2017,2018,2019,2020,2015,2016,2017,2018,2019,2020],"G\u00e9ographie":["Canada","Canada","Canada","Canada","Canada","Canada","Terre-Neuve-et-Labrador","Terre-Neuve-et-Labrador","Terre-Neuve-et-Labrador","Terre-Neuve-et-Labrador","Terre-Neuve-et-Labrador","Terre-Neuve-et-Labrador","\u00cele-du-Prince-\u00c9douard","\u00cele-du-Prince-\u00c9douard","\u00cele-du-Prince-\u00c9douard","\u00cele-du-Prince-\u00c9douard","\u00cele-du-Prince-\u00c9douard","\u00cele-du-Prince-\u00c9douard","Nouvelle-\u00c9cosse","Nouvelle-\u00c9cosse","Nouvelle-\u00c9cosse","Nouvelle-\u00c9cosse","Nouvelle-\u00c9cosse","Nouvelle-\u00c9cosse","Nouveau-Brunswick","Nouveau-Brunswick","Nouveau-Brunswick","Nouveau-Brunswick","Nouveau-Brunswick","Nouveau-Brunswick","Qu\u00e9bec","Qu\u00e9bec","Qu\u00e9bec","Qu\u00e9bec","Qu\u00e9bec","Qu\u00e9bec","Ontario","Ontario","Ontario","Ontario","Ontario","Ontario","Manitoba","Manitoba","Manitoba","Manitoba","Manitoba","Manitoba","Saskatchewan","Saskatchewan","Saskatchewan","Saskatchewan","Saskatchewan","Saskatchewan","Alberta","Alberta","Alberta","Alberta","Alberta","Alberta","Colombie-Britannique","Colombie-Britannique","Colombie-Britannique","Colombie-Britannique","Colombie-Britannique","Colombie-Britannique","Yukon","Yukon","Yukon","Yukon","Yukon","Yukon","Territoires du Nord-Ouest","Territoires du Nord-Ouest","Territoires du Nord-Ouest","Territoires du Nord-Ouest","Territoires du Nord-Ouest","Territoires du Nord-Ouest","Nunavut","Nunavut","Nunavut","Nunavut","Nunavut","Nunavut"],"GeoCode":[null,null,null,null,null,null,"10","10","10","10","10","10","11","11","11","11","11","11","12","12","12","12","12","12","13","13","13","13","13","13","24","24","24","24","24","24","35","35","35","35","35","35","46","46","46","46","46","46","47","47","47","47","47","47","48","48","48","48","48","48","59","59","59","59","59","59","60","60","60","60","60","60","61","61","61","61","61","61","62","62","62","62","62","62"],"Value":[55750.10865,56094.26132,58575.10402,60317.54845,61468.5743,58015.93619,59003.97071,59534.28808,63776.74165,65813.60834,67598.72914,60571.88452,42118.08006,43383.29852,45145.67625,45522.69942,47287.81151,46538.44008,43459.59798,44123.29363,45588.50152,46822.53659,47950.87416,47713.13254,44084.27578,44972.81719,46734.95769,48238.28607,48940.45769,47950.47012,47419.46201,48532.38836,50430.11598,52332.62451,54125.11556,52347.31823,55477.38044,56989.30063,58633.31434,60110.57471,61343.71549,58792.68495,51030.5078,51210.71667,53405.4046,54236.13549,53943.41708,52764.35413,71081.4859,66632.80478,69768.61442,72021.32614,71066.51804,65999.32163,78189.09487,72518.96481,78341.93959,80534.63308,80546.21856,66700.46735,52504.94725,54311.26203,57265.37028,59354.04141,61038.3615,59961.87432,69938.97586,72353.23112,72784.65034,73866.58111,72578.69542,75449.32897,106720.6185,99666.28592,103071.8852,104666.4147,101397.8256,95256.98669,66350.58101,69830.96687,80727.64076,83055.8687,89681.79934,106244.4132]},"edges":[]}