Year,Value
2015,1.716483
2016,1.6816213
2017,1.7161676
2018,1.7090543
2019,1.7531492
